Słowo kluczowe;Śr. mies. liczba wyszukiwań;CPC (PLN);Liczba słów kluczowych;Dodano;Sezonowość styczeń;Sezonowość luty;Sezonowość marzec;Sezonowość kwiecień;Sezonowość maj;Sezonowość czerwiec;Sezonowość lipiec;Sezonowość sierpień;Sezonowość wrzesień;Sezonowość październik;Sezonowość listopad;Sezonowość grudzień;Liczba wariacji;Wariacje
pogoda chojnice;110000;0.49;2;2021-06-22;135000;165000;135000;110000;74000;74000;60500;110000;110000;90500;90500;135000;6;chojnice pogoda
pogoda w chojnicach
pogoda dla chojnic
pogoda na chojnice
pogoda w chojnice
pogoda dla chojnice
chojnice;90500;5.82;1;2021-06-02;90500;90500;110000;110000;74000;74000;60500;60500;60500;60500;74000;74000;9;miasto chojnice
up chojnice
chojnic
chojnicach
hm chojnice
chojnice miasto
w chojnicach
aha chojnice
e chojnice
czas chojnic;22200;1.19;2;2021-06-22;22200;22200;22200;22200;22200;22200;22200;22200;27100;27100;22200;22200;1;czas chojnice
chojniczanka chojnice;14800;0.0;2;2021-06-22;22200;8100;14800;9900;12100;12100;22200;3600;8100;33100;12100;14800;1;chojnice chojniczanka
kino chojnice;12100;0.0;2;2021-03-11;14800;12100;9900;8100;9900;8100;18100;6600;8100;14800;12100;9900;2;chojnice kino
kino w chojnicach
mzk chojnice;9900;0.0;2;2021-06-22;9900;9900;9900;9900;9900;12100;9900;8100;9900;8100;8100;9900;2;chojnice mzk
mzk w chojnicach
kinoteatr chojnice;9900;0.0;2;2021-03-11;14800;12100;9900;8100;5400;5400;12100;6600;8100;14800;12100;9900;0
praca chojnice;9900;0.12;2;2021-03-10;8100;9900;8100;9900;9900;9900;8100;12100;12100;12100;9900;9900;3;chojnice praca
praca w chojnicach
praca w chojnice
olx chojnice;8100;0.03;2;2021-03-11;8100;8100;8100;8100;6600;6600;8100;8100;6600;8100;8100;6600;1;chojnice olx
radio weekend chojnice;6600;0.0;3;2021-03-11;6600;6600;6600;5400;6600;6600;6600;6600;5400;6600;6600;6600;4;chojnice radio weekend
radio weekend w chojnicach
weekend chojnice radio
radio chojnice weekend
obi chojnice;5400;0.55;2;2021-06-22;4400;4400;5400;6600;6600;5400;5400;6600;4400;4400;4400;4400;3;chojnice obi
obi w chojnicach
obi koło chojnic
szpital chojnice;4400;0.0;2;2021-03-11;4400;4400;4400;4400;4400;3600;4400;4400;4400;4400;3600;3600;2;chojnice szpital
szpital w chojnicach
weekend fm chojnice;4400;0.0;3;2021-03-11;4400;4400;4400;4400;5400;5400;5400;5400;4400;4400;4400;4400;1;chojnice weekend fm
taxi chojnice;4400;5.37;2;2021-03-11;4400;5400;3600;4400;4400;5400;6600;5400;4400;4400;4400;4400;1;chojnice taxi
pogoda dlugoterminowa chojnice;3600;0.0;3;2021-06-03;2400;2400;3600;4400;4400;4400;5400;4400;1900;1600;2400;2400;0
pogoda długoterminowa chojnice;3600;0.0;3;2021-06-22;2400;2400;3600;4400;4400;4400;5400;4400;1900;1600;2400;2400;3;pogoda chojnice długoterminowa
chojnice pogoda długoterminowa
pogoda w chojnicach długoterminowa
salus chojnice;3600;2.68;2;2021-06-22;4400;3600;3600;2900;3600;2900;2900;3600;2900;2900;3600;2900;1;chojnice salus
leroy merlin chojnice;3600;0.55;3;2026-01-28;720;720;1000;1000;1300;2900;12100;6600;4400;4400;3600;3600;0
olx praca chojnice;3600;0.06;3;2021-06-22;3600;2900;2900;3600;3600;3600;2400;3600;3600;3600;2900;2900;5;praca chojnice olx
olx chojnice praca
praca olx chojnice
chojnice praca olx
chojnice olx praca
bazylika chojnice;2900;0.0;2;2021-06-22;2900;2900;2900;4400;2900;2900;2900;2400;2400;2900;2400;4400;1;chojnice bazylika
dworzec kolejowy chojnice;2900;0.0;3;2021-03-11;1900;1900;2400;2400;3600;3600;4400;4400;2900;2900;2400;2400;0
kino chojnice repertuar;2900;0.0;3;2021-03-11;1600;1300;2400;2900;2900;3600;6600;3600;4400;4400;2900;1900;4;repertuar kino chojnice
repertuar kina chojnice
chojnice kino repertuar
kino w chojnicach repertuar
kinoteatr chojnice repertuar;2900;0.0;3;2021-03-11;1600;1300;2400;2900;2900;3600;6600;3600;4400;4400;2900;1900;0
kantor europa chojnice;2900;1.5;3;2021-03-11;2900;3600;3600;2900;2900;2400;2400;2900;2900;2400;4400;2900;1;kantor chojnice europa
kebab chojnice;2900;2.31;2;2021-03-10;2900;2400;2900;2900;2400;2900;2900;2900;2900;2900;3600;2900;1;chojnice kebab
rozkład jazdy mzk chojnice;2900;0.0;4;2021-03-10;2900;2900;2900;2400;2900;2900;2900;2900;4400;2900;2900;2900;4;mzk chojnice rozkład jazdy
mzk rozkład jazdy chojnice
chojnice rozkład jazdy mzk
chojnice mzk rozkład jazdy
przychodnia salus chojnice;2900;0.0;3;2021-03-11;2900;2900;2900;2900;2900;2900;2400;2900;2900;2900;2900;2400;0
pks chojnice;2900;0.02;2;2021-03-11;1900;1900;2900;3600;2900;2400;2400;5400;4400;3600;2400;2900;1;chojnice pks
kantor chojnice;2900;1.72;2;2021-05-12;3600;3600;2900;2900;2400;2400;2900;2900;2400;4400;2900;2400;3;kantory chojnice
chojnice kantor
kantor w chojnicach
biedronka chojnice;2400;0.84;2;2021-05-12;2900;1900;2400;2400;2400;2400;2400;2900;1600;1600;1900;3600;1;chojnice biedronka
restauracje chojnice;2400;2.56;2;2021-06-22;1900;2400;1900;1900;2400;2400;3600;1900;1900;1900;1600;1600;4;restauracja chojnice
chojnice restauracja
restauracje w chojnicach
restauracja aha chojnice
weekend chojnice;2400;0.0;2;2021-03-11;2400;2400;2400;1900;2900;2400;2400;2900;2400;2400;2400;2400;1;chojnice weekend
technikum nr 2 chojnice;2400;0.0;2;2021-03-11;1600;2400;2900;2400;2900;1900;1900;1300;5400;2400;2400;1900;1;technikum nr 2 w chojnicach
2 lo chojnice;2400;0.0;2;2021-03-11;1900;2400;2900;1900;2400;1600;1300;1600;4400;3600;2900;2400;1;lo 2 chojnice
enea chojnice;2400;0.0;2;2021-06-22;2900;2400;2400;1600;1900;2900;1600;1300;1600;1900;3600;2400;1;chojnice enea
urząd pracy chojnice;2400;0.06;3;2021-05-12;2900;2900;2900;2400;2400;1900;1900;1900;2400;2400;2400;1600;3;urzad pracy chojnice
chojnice urząd pracy
urząd pracy w chojnice
czas chojnic zgony;2400;0.0;3;2021-03-11;2400;3600;3600;2400;1900;2400;2900;2900;2400;2400;2400;2400;0
pup chojnice;2400;0.0;2;2021-03-11;2400;1900;2400;2400;2900;2900;2400;1900;2900;3600;3600;2900;2;chojnice pup
pup chojnic
basen chojnice;2400;0.0;2;2021-03-11;1900;2900;2900;1900;1900;2400;2400;3600;2400;1900;1900;1600;2;chojnice basen
basen w chojnicach
prognoza pogody chojnice;2400;0.0;3;2021-06-22;2900;4400;2400;2400;1600;1300;1300;2400;1900;1600;1900;2400;3;prognoza pogody dla chojnic
chojnice prognoza pogody
pogoda prognoza chojnice
izmir chojnice;1900;0.0;2;2022-08-01;1900;1600;1900;1900;1900;1900;1900;1900;1600;1900;1600;1600;0
kebaby chojnice;1900;3.07;2;2022-10-10;1900;1300;1600;1600;1900;2400;2900;1600;1300;1600;1600;1600;0
sp 5 chojnice;1900;0.0;2;2024-03-14;1900;2400;2900;1900;2400;1900;320;880;2400;2400;2400;1900;0
kręgielnia chojnice;1900;0.0;2;2021-06-22;3600;2900;2400;1300;1000;1000;1300;1300;1600;1900;1900;1600;1;chojnice kręgielnia
technikum nr 3 chojnice;1900;0.0;2;2021-03-11;1300;1600;1900;1600;1600;1000;1600;1000;4400;1900;1900;1300;1;technikum nr 3 w chojnicach
katolik chojnice;1900;0.0;2;2021-03-11;1600;2400;2400;1900;2400;1600;590;1000;3600;2400;2400;1900;0
jysk chojnice;1900;0.37;2;2021-03-11;1600;1600;1900;1900;1600;1600;1900;2900;1900;1600;1900;1900;1;chojnice jysk
kwiaciarnia chojnice;1900;1.85;2;2021-03-11;1600;2400;1600;1600;1600;1600;1900;1600;1300;1600;1900;2900;1;kwiaciarnie chojnice
pizzeria chojnice;1900;1.85;2;2021-03-11;1900;2400;2400;1600;1900;1900;1900;1900;1900;2400;1600;1600;2;pizzerie chojnice
chojnice pizzeria
chojnice com wiadomości;1900;0.0;3;2021-03-11;2400;2400;1900;1900;1900;1600;1900;1900;1600;1600;1300;1600;0
media expert chojnice;1900;2.25;3;2021-03-11;1600;1900;1900;1600;1600;1900;2900;1900;1600;1600;1600;1600;1;chojnice media expert
hotelik chojnice;1600;0.93;2;2024-01-22;1600;1600;1600;1300;1600;1600;2400;1900;1600;1300;1600;1600;0
hotel chojnice;1600;0.15;2;2021-03-10;1600;1600;1600;1300;880;1000;1600;1900;1600;1300;1600;1600;3;chojnice hotel
hotele w chojnicach
hotel aha chojnice
hotele chojnice;1600;0.93;2;2021-06-22;1600;1600;1600;1300;1600;1600;2400;1900;1600;1300;1600;1600;1;chojnice hotele
um chojnice;1600;0.0;2;2021-06-22;1900;1600;1600;1300;1600;1600;1300;1900;1600;1900;1900;1600;1;chojnice um
mrówka chojnice;1600;0.73;2;2021-03-11;1000;1000;1600;1900;1900;1600;1600;1600;1300;1300;1300;1600;0
pomerania chojnice;1600;0.0;2;2021-06-22;1600;1900;1900;1000;1000;1600;1000;1000;2400;2400;1300;880;2;chojnice pomerania
pomerania w chojnicach
pkp chojnice;1600;0.14;2;2021-03-11;1000;1300;1000;1300;1600;1600;2400;1900;1600;1300;1000;1300;1;chojnice pkp
szpital chojnice rejestracja;1600;0.0;3;2021-06-22;1300;1600;1300;1600;1900;1600;1300;1900;1600;1900;1600;1600;4;rejestracja szpital chojnice
chojnice szpital rejestracja
szpital rejestracja chojnice
szpital w chojnicach rejestracja
kręgle chojnice;1600;0.0;2;2021-03-11;2900;3600;1900;1600;1000;1000;1300;1300;1300;1900;2400;1900;0
chdk chojnice;1600;0.0;2;2021-06-22;1300;1000;1600;1300;1900;1600;2900;1600;1900;1600;1300;1000;1;chojnice chdk
weterynarz chojnice;1600;0.0;2;2021-03-11;1600;1600;1900;1900;1600;1600;1300;1600;1600;1300;2400;1600;1;chojnice weterynarz
urząd skarbowy chojnice;1600;9.37;3;2021-03-11;1300;1300;1000;1300;1600;1000;1000;1900;1900;2400;1900;1300;3;urzad skarbowy chojnice
urząd skarbowy w chojnicach
chojnice urząd skarbowy
smakosz chojnice;1600;0.0;2;2021-03-11;1600;1600;1900;1900;1900;1900;1300;1600;1600;1600;1600;1600;0
gemini chojnice;1600;0.0;2;2021-03-11;1600;1600;1600;1600;1900;1600;1600;1900;1900;2400;1900;1600;0
honolulu chojnice;1600;0.0;2;2021-03-11;1300;1900;1900;1000;1600;1600;1300;1900;1900;1000;1000;1000;0
bagietka chojnice;1600;0.0;2;2021-03-11;1300;1600;1900;1600;1600;1600;1600;1600;1600;2400;1600;1600;0
domy na sprzedaż chojnice;1600;0.05;4;2021-06-22;1300;1300;1600;1600;1300;1600;1300;1900;1600;2400;1900;1600;8;dom na sprzedaż chojnice
chojnice domy na sprzedaż
sprzedaż domów chojnice
dom w chojnicach na sprzedaz
domy na sprzedaż w chojnicach
domy chojnice na sprzedaz
chojnice domy sprzedaż
dom sprzedaż chojnice
szkoła podstawowa nr 5 chojnice;1300;0.0;3;2021-07-20;1000;1600;1600;1000;1300;1300;320;480;1900;1600;1300;1000;0
sp nr 5 chojnice;1300;0.0;2;2021-03-10;1000;1600;1600;1000;1600;1300;210;480;1900;1600;1300;1000;0
szkola podstawowa nr 5 chojnice;1300;0.0;3;2021-06-22;1000;1600;1600;1000;1300;1300;320;480;1900;1600;1300;1000;1;szkoła podstawowa nr 5 w chojnicach
mieszkania na sprzedaz chojnice;1300;0.1;3;2021-06-22;1900;1300;1600;1300;1300;1300;1000;1600;1000;1000;1000;1300;4;mieszkania na sprzedaż chojnice
sprzedaż mieszkań chojnice
chojnice mieszkania na sprzedaż
mieszkania chojnice na sprzedaz
rossmann chojnice;1300;0.46;2;2021-03-11;1000;880;1000;1000;1300;1300;1300;1300;1300;1600;1300;2400;1;chojnice rossmann
zus chojnice;1300;0.0;2;2021-03-11;1600;1300;1300;1000;1300;1000;1300;1300;1300;1300;1000;1000;2;chojnice zus
zus w chojnicach
apteki chojnice;1300;0.0;2;2021-06-22;1300;1000;1600;1600;1300;1300;1600;1300;1300;1300;1300;1600;1;chojnice apteki
fryzjer chojnice;1300;0.0;2;2021-03-11;1000;1000;1000;1900;1900;1900;2400;1300;880;1000;880;880;2;chojnice fryzjer
fryzjerzy chojnice
przychodnia nova chojnice;1300;0.0;3;2021-03-11;1600;1300;1600;1000;1300;1000;1000;1000;1300;1000;1300;1300;2;chojnice przychodnia nova
przychodnia nova w chojnicach
papudajnia chojnice;1300;0.0;2;2021-03-11;1300;1300;1600;1300;1600;1600;1900;1600;1600;1600;1300;1000;0
galeria chojnice;1300;0.0;2;2021-06-22;1000;1000;1600;1300;1000;1300;1300;1600;1000;1000;1300;2400;3;chojnice galeria
galeria w chojnicach
galeria koło chojnic
solmed chojnice;1300;0.0;2;2021-03-10;1600;1300;1300;1300;1000;1000;1000;1300;1000;1300;1300;1000;0
mistral chojnice;1300;0.0;2;2021-03-11;2400;1600;1600;1300;1000;880;1000;1300;1300;1600;1300;1300;0
apteka chojnice;1300;0.0;2;2021-03-11;1300;1000;1600;1600;1300;1300;1600;1300;1300;1300;1300;1600;1;chojnice apteka
urząd miejski chojnice;1300;0.0;3;2021-03-11;1900;1300;1300;1600;1300;1300;1000;1300;1000;1000;1000;1300;1;urząd miejski w chojnicach
domy na sprzedaz chojnice;1300;0.08;3;2022-12-09;1600;1300;1600;1300;1300;1300;1600;1300;1000;1000;1000;880;0
pizza chojnice;1300;2.0;2;2021-03-11;1300;1600;1600;1600;1600;1600;1600;1600;1300;1000;1000;1300;0
miejski ośrodek pomocy społecznej chojnice;1300;0.0;5;2025-07-15;1300;1300;1000;1000;1000;1600;1600;1600;1600;1600;1300;1000;0
kaufland chojnice;1300;0.53;2;2021-03-11;1000;1000;1300;1300;880;1000;880;1900;1300;1000;1000;1600;1;chojnice kaufland
laguna chojnice;1300;0.84;2;2021-03-10;1600;1600;1300;1300;1300;1300;1600;1300;1300;1600;1300;1300;1;chojnice laguna
mcdonald chojnice;1300;1.33;2;2021-06-22;1600;1600;1600;1600;1000;1000;1600;1900;1300;880;1000;1300;1;chojnice mcdonald
pogoda chojnice godzinowa;1300;8.04;3;2021-03-11;1900;1900;1600;1300;1000;1000;880;1900;1600;1000;1000;1600;2;pogoda godzinowa chojnice
chojnice pogoda godzinowa
fatima chojnice;1300;0.0;2;2021-06-22;1600;1000;1300;1000;1300;1300;2400;1300;1300;1600;1600;1300;1;chojnice fatima
mieszkania na wynajem chojnice;1300;0.47;4;2021-06-22;1000;1300;1600;1600;1300;1300;1000;1600;1300;1600;1000;1300;3;mieszkanie na wynajem chojnice
mieszkanie wynajem chojnice
chojnice mieszkania na wynajem
mops chojnice;1300;0.0;2;2021-06-22;1300;1600;1600;1300;1000;1600;1300;1600;1300;1300;1000;1000;1;chojnice mops
pks chojnice rozkład jazdy;1000;0.0;4;2021-06-22;1000;880;880;1000;1000;1000;1000;1000;1300;1000;880;880;5;rozkład jazdy pks chojnice
rozklad jazdy pks chojnice
chojnice rozkład jazdy pks
pks rozkład jazdy chojnice
chojnice pks rozkład jazdy
mieszkanie do wynajęcia chojnice;1000;0.02;3;2021-03-11;880;1000;1300;880;1300;1300;1300;1000;1000;1000;880;880;1;mieszkanie do wynajecia chojnice
empik chojnice;1000;3.57;2;2021-03-11;880;880;1000;880;880;1300;1000;1300;1000;1000;880;2400;2;chojnice empik
empik w chojnicach
carrefour chojnice;1000;1.54;2;2021-05-12;880;880;1300;1000;1000;1000;1300;1000;880;880;880;1900;1;chojnice carrefour
żabka chojnice;1000;0.0;2;2021-03-11;1300;720;720;1600;1300;1600;1600;1000;720;880;1000;1000;0
wydział komunikacji chojnice;1000;0.0;3;2021-03-11;1000;880;1000;1000;1000;1300;1000;1000;1000;880;880;880;2;chojnice wydział komunikacji
wydział komunikacji w chojnicach
bzdz chojnice;1000;0.0;2;2021-03-11;590;590;880;1000;880;880;2900;1600;1300;720;390;480;0
da grasso chojnice;1000;0.99;3;2021-03-11;880;1000;1000;880;880;880;880;1000;880;1000;880;1000;0
mbkp chojnice;1000;0.0;2;2021-06-22;1300;1000;880;1300;1000;1000;720;880;880;1300;880;1900;1;chojnice mbkp
zs chojnice;1000;0.0;2;2021-03-11;1000;1600;1600;1900;1300;1000;260;720;1900;1000;880;1000;0
mieszkania do wynajęcia chojnice;1000;0.11;4;2021-06-22;720;1000;1300;1000;1000;1300;1000;880;1000;1300;880;880;4;chojnice mieszkania do wynajęcia
mieszkania do wynajęcia w chojnicach
mieszkanie do wynajęcia w chojnicach
mieszkania chojnice do wynajęcia
chojnice com pl;1000;0.0;3;2021-03-11;720;590;880;880;720;720;880;720;720;720;720;720;0
interia pogoda chojnice;1000;0.0;3;2021-06-22;590;720;880;880;880;1300;1600;1300;880;720;720;590;3;pogoda chojnice interia
pogoda interia chojnice
chojnice pogoda interia
gmina chojnice;1000;0.0;2;2021-03-11;1300;1000;1000;880;1000;1000;880;1000;1900;1300;1000;1000;1;chojnice gmina
chojnice mapa;1000;0.0;2;2021-06-22;1000;1000;1300;1000;880;880;880;1000;1000;880;1300;1000;6;mapa chojnice
mapa chojnic
e mapa chojnice
miasto chojnice e mapa
chojnice na mapie
chojnice na mapa
lidl chojnice;1000;0.28;2;2021-03-11;1000;880;1300;1000;1000;1000;1000;1300;720;880;880;1600;1;chojnice lidl
meteo chojnice;1000;0.0;2;2021-03-11;1300;1600;1900;1300;1300;1000;720;720;1000;880;590;880;0
oferty pracy chojnice;1000;0.08;3;2021-06-22;880;880;880;880;1000;880;880;720;1300;1000;1300;1000;6;chojnice oferty pracy
oferty pracy w chojnicach
up chojnice oferty pracy
praca w chojnicach oferty
ofert pracy chojnice
praca chojnice oferty
pogoda na 16 dni chojnice;1000;0.0;5;2021-06-22;1300;1300;1600;1300;880;880;590;590;1300;1000;880;720;2;chojnice pogoda na 16 dni
pogoda chojnice na 16 dni
urząd miasta chojnice;1000;0.0;3;2021-03-11;1000;1000;880;1000;1000;1300;1000;1300;1300;1300;1000;880;2;chojnice urząd miasta
urząd miasta w chojnicach
gok chojnice;1000;0.0;2;2021-03-11;1000;1300;1000;880;1000;1000;880;1300;880;880;720;880;0
medycyna pracy chojnice;1000;2.21;3;2021-03-11;880;1000;1600;1000;880;720;590;880;880;1600;1000;1000;1;chojnice medycyna pracy
starostwo chojnice;1000;0.0;2;2021-06-22;1300;1000;1000;1000;1000;1000;1000;1000;880;1300;1000;1000;1;chojnice starostwo
browar chojnice;880;2.51;2;2022-08-17;880;1300;1300;720;880;880;1000;590;480;720;880;480;0
sp 7 chojnice;880;0.0;2;2024-01-03;590;880;1000;880;880;720;320;720;1300;880;880;590;0
eurostandard chojnice;880;1.66;2;2021-06-22;1000;880;880;880;590;720;880;880;720;720;720;720;1;chojnice eurostandard
resler chojnice;880;0.0;2;2021-06-22;720;880;880;1000;880;1000;1000;880;720;720;720;1600;1;chojnice resler
gościniec chojnice;880;2.04;2;2021-06-22;1000;1300;1000;720;720;720;590;720;880;1000;880;880;1;chojnice gościniec
brama pomorza chojnice;880;0.0;3;2021-06-22;720;590;720;1600;720;720;720;1000;720;880;880;1600;2;chojnice brama pomorza
brama pomorza w chojnicach
chojnice com 24;880;0.0;3;2021-03-11;880;880;880;720;880;880;880;1000;880;1000;880;880;0
poczta chojnice;880;0.0;2;2021-03-11;720;720;1000;1000;1000;1000;1000;720;880;880;720;880;1;chojnice poczta
urząd pracy chojnice oferty pracy;880;0.1;5;2021-06-22;1000;1300;1000;1000;720;590;720;590;880;880;720;590;2;urzad pracy chojnice oferty pracy
oferty pracy chojnice urząd pracy
praca chojnice 24;880;0.15;3;2021-03-11;1000;880;1000;880;1000;880;880;880;1000;1000;880;590;1;chojnice praca 24
t2 chojnice;880;0.0;2;2021-03-11;880;1000;1000;880;880;590;590;590;1900;1000;1000;1000;0
okulista chojnice;880;1.99;2;2021-03-11;1000;720;880;880;880;880;880;720;880;720;1000;880;1;chojnice okulista
eskulap chojnice;880;0.0;2;2021-03-10;880;720;720;720;880;880;720;720;880;880;1000;880;0
schronisko chojnice;880;0.3;2;2021-03-10;590;590;590;880;880;880;880;720;1300;880;720;720;2;schronisko w chojnicach
chojnice schronisko
restauracja siódemka chojnice;880;1.25;3;2021-03-10;880;880;880;880;880;880;880;880;720;880;720;590;0
siódemka chojnice;880;1.26;2;2021-03-11;880;880;880;880;880;880;880;880;720;880;720;590;0
chojnice atrakcje;880;0.0;2;2021-06-22;590;720;590;880;1000;1000;1900;1900;880;590;480;390;2;atrakcje chojnice
atrakcje koło chojnic
zremb chojnice;880;0.0;2;2021-03-10;720;590;590;720;1300;1000;720;590;880;1300;1000;720;0
pup chojnice oferty pracy;880;0.19;4;2021-06-22;590;590;720;880;880;880;720;1000;880;880;880;720;4;oferty pracy chojnice pup
oferty pracy pup chojnice
pup w chojnicach oferty pracy
pup chojnice ofert pracy
mieszkania chojnice;880;0.1;2;2021-03-11;880;880;880;720;880;880;880;1000;1000;1000;880;880;3;mieszkanie chojnice
chojnice mieszkania
mieszkania w chojnicach
rtv euro agd chojnice;880;1.09;4;2021-06-22;720;720;720;720;720;880;1600;1000;720;720;880;590;4;euro rtv agd chojnice
chojnice rtv euro agd
chojnice euro rtv agd
euro agd rtv chojnice
lombard chojnice;880;0.0;2;2021-06-22;880;880;880;880;880;880;1000;880;880;1300;720;880;2;chojnice lombard
e lombard chojnice
komenda powiatowa policji chojnice;720;0.0;4;2021-07-24;880;1000;880;590;720;720;720;880;880;720;720;590;0
ginekologia chojnice;720;1.85;2;2022-11-26;880;590;720;590;720;720;880;720;590;590;720;480;0
kaczyński w chojnicach;720;0.0;2;2023-05-20;110;50;40;30;10;20;20;0;0;0;320;8100;0
laryngologia chojnice;720;0.58;2;2023-04-11;880;880;880;720;720;720;880;880;720;590;590;590;0
silownia chojnice;720;0.42;2;2024-01-19;1300;880;880;880;390;320;480;480;590;590;590;880;0
sinsay chojnice;720;1.67;2;2021-03-10;140;140;170;260;210;320;480;590;1900;1300;1000;1000;0
pascal chojnice;720;0.84;2;2021-03-11;720;720;480;390;480;590;590;1000;1300;720;390;320;0
sp7 chojnice;720;0.0;2;2021-03-11;590;880;1000;880;880;720;320;720;1000;880;880;590;0
gokarty chojnice;720;0.0;2;2021-06-22;1000;880;720;720;590;720;1000;1000;590;590;480;480;1;chojnice gokarty
pepco chojnice;720;0.76;2;2021-03-11;480;590;880;720;720;720;880;880;720;720;590;1000;0
foreca chojnice;720;0.0;2;2021-03-11;480;590;590;720;880;1000;1000;1000;590;480;480;590;0
bank spółdzielczy chojnice;720;0.0;3;2021-03-11;720;590;720;720;590;590;590;590;720;880;590;720;1;bank spółdzielczy w chojnicach
fosa chojnice;720;0.0;2;2021-03-11;720;720;720;720;720;880;1000;880;590;590;720;590;0
duet chojnice;720;0.0;2;2021-03-11;720;590;720;880;880;720;880;720;720;720;590;880;1;duet ii chojnice
praca chojnice od zaraz;720;0.14;3;2021-03-11;880;880;880;480;720;590;590;590;590;720;590;590;4;chojnice praca od zaraz
praca od zaraz chojnice
praca w chojnicach od zaraz
praca zaraz chojnice
laryngolog chojnice;720;0.58;2;2021-03-11;880;880;880;720;720;720;880;880;720;590;590;590;1;chojnice laryngolog
psycholog chojnice;720;0.74;2;2021-03-11;880;720;720;720;720;590;880;590;720;720;720;480;0
liceum filomatów chojnice;720;0.0;3;2021-03-11;480;590;880;590;590;720;720;720;1300;880;1000;590;1;liceum filomatów w chojnicach
wulkanizacja chojnice;720;0.0;2;2021-03-11;480;390;720;1300;1000;480;590;480;480;720;1600;480;0
parafia matki bożej fatimskiej w chojnicach;720;0.0;6;2021-06-22;390;320;320;390;260;210;260;320;320;320;320;390;2;parafia matki bożej fatimskiej chojnice
parafia matki bozej fatimskiej chojnice
dni chojnic 2022;720;0.0;3;2025-05-13;10;10;10;10;880;6600;390;90;20;10;10;10;0
starostwo powiatowe chojnice;720;0.0;3;2021-03-11;880;720;720;590;720;720;590;590;590;590;880;720;1;starostwo powiatowe w chojnicach
opus chojnice;720;2.08;2;2021-06-22;880;880;720;590;720;720;720;590;720;720;880;880;1;chojnice opus
koszałka chojnice;720;0.0;2;2021-03-11;880;720;880;720;880;880;720;720;720;720;720;880;0
siłownia chojnice;720;4.82;2;2021-03-11;720;590;720;720;720;880;880;880;880;880;1000;590;1;chojnice siłownia
mzk chojnice rozkład;720;0.0;3;2021-06-22;590;590;590;590;720;720;480;480;880;880;880;590;1;rozkład mzk chojnice
pracuj pl chojnice;720;0.09;3;2021-03-11;720;720;720;590;590;720;880;720;1000;880;880;720;0
szypryt chojnice;720;0.0;2;2021-03-11;880;720;880;880;720;720;720;880;720;720;880;720;0
kantor promes chojnice;720;1.76;3;2021-06-22;880;880;720;720;720;720;880;880;480;1000;590;590;2;kantor chojnice promes
promes kantor chojnice
skiba chojnice;720;0.0;2;2021-06-22;720;720;720;720;720;590;720;720;720;880;590;590;1;chojnice skiba
fotograf chojnice;720;0.0;2;2021-03-11;720;880;720;720;590;480;480;720;590;1000;720;590;1;chojnice fotograf
wynajem mieszkań chojnice;720;0.5;3;2024-01-16;480;480;720;720;590;480;590;1000;720;880;720;590;0
wynajem mieszkanie chojnice;720;0.5;3;2023-11-22;480;480;720;720;590;480;590;1000;720;880;720;590;0
ek bud chojnice;590;0.0;3;2022-03-28;590;480;590;590;720;590;720;720;720;720;590;480;0
pizzeria u braci chojnice;590;0.0;3;2023-05-05;720;720;720;590;480;590;480;880;720;720;720;590;0
arabica chojnice;590;1.46;2;2024-06-12;720;720;590;390;390;390;480;480;590;590;590;590;0
roberto chojnice;590;1.19;2;2021-03-10;480;590;590;590;480;720;720;590;480;590;480;590;0
hotel polka chojnice;590;0.79;3;2021-03-11;720;720;720;590;590;480;590;590;480;480;720;590;1;polka hotel chojnice
sp1 chojnice;590;0.0;2;2021-03-11;390;590;590;480;590;590;260;720;1000;720;720;480;0
szkoła podstawowa nr 7 chojnice;590;0.0;3;2021-03-11;480;590;880;720;590;590;210;720;880;720;720;480;1;szkola podstawowa nr 7 chojnice
na sygnale chojnice;590;0.0;2;2021-05-17;480;390;480;480;880;320;590;720;590;590;480;590;0
kolejarz chojnice;590;0.0;2;2021-03-11;480;480;720;880;1000;880;480;590;590;590;590;260;0
ccc chojnice;590;0.15;2;2021-03-11;390;260;480;720;590;590;480;480;590;590;720;590;0
enea chojnice kontakt;590;0.0;3;2021-03-11;720;480;720;480;720;390;390;390;590;590;1000;590;0
foto chojnice;590;1.14;2;2021-03-11;390;390;480;590;720;720;1000;880;480;320;320;390;0
filomatów chojnice;590;0.0;2;2021-03-11;390;590;720;480;590;590;720;480;880;720;590;480;0
drukarnia chojnice;590;1.66;2;2021-03-11;590;480;590;590;720;880;720;480;590;480;480;480;0
otodom chojnice;590;0.13;2;2021-03-11;880;590;720;720;590;720;590;720;590;720;590;480;0
wodociągi chojnice;590;0.0;2;2021-06-22;590;590;590;590;590;720;590;720;480;480;590;720;1;chojnice wodociągi
policja chojnice;590;0.0;2;2021-03-11;720;590;590;590;590;590;720;590;590;590;590;590;1;chojnice policja
kp psp chojnice;590;0.0;3;2021-03-11;880;1300;720;480;720;480;590;480;480;390;390;390;0
pogoda chojnice dzisiaj;590;0.0;3;2021-03-10;480;210;320;480;880;880;880;880;720;480;480;390;0
parafia mbkp chojnice;590;0.0;3;2021-03-10;720;720;1000;590;720;480;390;480;390;480;480;880;2;parafia mbkp w chojnicach
chojnice parafia mbkp
chojnice województwo;590;0.0;2;2021-03-11;880;480;480;590;590;390;590;590;590;720;590;590;0
szkoła podstawowa nr 1 chojnice;590;0.0;5;2021-03-11;590;590;720;720;590;590;320;590;1000;720;590;480;2;szkola podstawowa nr 1 chojnice
szkoła podstawowa nr 1 w chojnicach
sp3 chojnice;590;0.0;2;2021-03-11;590;480;590;590;590;720;140;480;880;720;720;590;0
tabakiernia chojnice;590;0.0;2;2025-04-18;590;480;480;720;720;590;720;590;590;480;390;480;0
mecz chojniczanka chojnice dzisiaj;590;0.0;4;2025-10-21;170;590;720;880;720;260;390;1300;1000;720;320;90;0
notariusz chojnice;590;0.0;2;2021-06-22;480;480;720;590;720;590;480;480;590;480;880;590;2;notariusze chojnice
chojnice notariusz
chojnice kod pocztowy;590;0.0;3;2021-06-22;590;590;590;480;590;590;590;590;590;480;590;590;2;kod pocztowy chojnice
kody pocztowe chojnice
sąd rejonowy chojnice;590;0.0;3;2021-03-11;480;590;480;390;590;720;590;480;590;590;720;590;1;sąd rejonowy w chojnicach
pogoda chojnice jutro;590;0.0;3;2021-06-22;720;720;880;720;720;480;390;260;590;480;480;480;1;pogoda jutro chojnice
ii lo chojnice;590;0.0;3;2021-06-22;720;590;480;590;880;480;590;390;320;590;480;590;3;lo chojnice
chojnice lo
i lo chojnice
sdn chojnice;590;0.0;2;2021-03-11;720;720;480;590;590;590;480;590;880;590;480;480;0
sklep medyczny chojnice;590;1.46;3;2021-03-10;590;480;480;590;590;480;480;480;590;480;880;590;0
neonet chojnice;590;3.11;2;2021-06-22;590;480;590;590;480;590;590;1000;590;480;480;480;1;chojnice neonet
hydraulik chojnice;590;1.29;2;2021-06-22;480;590;480;480;590;480;480;590;590;590;590;480;1;chojnice hydraulik
frisk chojnice;590;0.0;2;2021-06-22;880;480;480;480;590;720;880;880;480;590;480;480;1;chojnice frisk
przychodnia wiejska chojnice;590;0.0;3;2021-03-10;590;480;590;480;720;590;590;590;590;720;720;590;1;chojnice przychodnia wiejska
karma chojnice;590;0.0;2;2021-03-11;590;720;590;720;480;480;390;720;590;720;720;590;0
parafie chojnice;590;0.0;2;2021-06-22;590;480;590;480;480;480;720;590;480;720;590;480;1;chojnice parafie
spółdzielnia mieszkaniowa chojnice;590;0.0;3;2021-03-11;590;590;590;590;880;720;590;880;720;590;590;480;1;spółdzielnia mieszkaniowa w chojnicach
urząd gminy chojnice;590;0.0;3;2021-03-11;590;590;480;590;590;590;590;1000;720;590;590;590;2;urząd gminy w chojnicach
chojnice urząd gminy
smyk chojnice;590;0.7;2;2021-03-11;480;480;590;480;590;590;1300;480;390;590;590;590;0
kpp chojnice;590;0.0;2;2021-03-11;480;720;590;590;590;590;590;720;720;880;590;590;0
fabio chojnice;590;1.46;2;2021-03-11;720;590;720;480;590;480;590;590;590;590;590;720;0
nieruchomości chojnice;590;0.1;2;2021-03-11;480;590;590;590;590;590;480;590;590;720;720;590;2;chojnice nieruchomości
nieruchomości w chojnicach
biblioteka chojnice;590;0.0;2;2021-04-21;480;720;720;720;720;720;590;720;720;590;590;590;1;chojnice biblioteka
masażysta chojnice;480;0.82;2;2021-09-02;480;480;480;320;590;480;590;390;480;320;390;590;0
neurologia chojnice;480;0.0;2;2023-05-19;590;480;590;480;480;480;480;480;590;590;590;390;0
groszek chojnice;480;0.0;2;2022-11-23;480;320;390;720;590;590;590;390;320;320;390;590;0
liquido chojnice;480;0.0;2;2023-05-21;390;260;320;480;590;480;390;480;590;480;320;390;0
dro bet chojnice;480;0.0;3;2024-02-07;390;390;590;590;590;480;590;590;480;480;390;390;0
stomatolodzy chojnice;480;6.14;2;2021-06-22;480;590;480;480;390;480;720;720;590;390;320;390;2;stomatolog chojnice
chojnice stomatolog
lekarz medycyny pracy chojnice;480;0.29;4;2021-03-11;480;390;390;480;480;590;590;1000;880;480;320;320;2;lekarze medycyny pracy chojnice
chojnice lekarz medycyny pracy
msze święte chojnice;480;0.02;3;2021-03-11;480;480;390;590;480;480;390;480;320;390;390;480;3;msza święta chojnice
msze święte w chojnicach
chojnice msze święte
wynajem mieszkania chojnice;480;0.02;3;2021-06-22;590;390;480;320;880;590;390;390;390;480;390;390;4;mieszkania chojnice wynajem
mieszkania wynajem chojnice
chojnice mieszkania wynajem
chojnice wynajem mieszkania
bazylika chojnice ogłoszenia parafialne;480;0.0;4;2021-03-11;390;480;590;720;390;590;590;320;320;880;480;590;0
kościoły chojnice;480;0.0;2;2021-06-22;590;590;480;880;590;390;480;390;390;590;390;480;1;chojnice koscioly
kfc chojnice;480;2.14;2;2021-03-11;480;480;480;480;390;480;590;720;390;590;480;390;0
jedzenie chojnice;480;3.65;2;2021-03-11;390;390;480;390;590;720;880;480;480;480;590;390;1;chojnice jedzenie
promedica24 chojnice;480;1.58;2;2021-03-11;590;590;590;480;480;480;390;320;480;590;720;390;0
drobet chojnice;480;0.0;2;2021-03-11;390;390;590;590;590;480;590;390;390;390;390;260;0
zgm chojnice;480;0.0;2;2021-03-11;590;590;590;480;590;480;590;480;590;480;390;480;0
zespół szkół chojnice;480;0.0;3;2021-03-11;390;480;590;480;590;480;140;210;720;720;590;590;1;zespół szkół w chojnicach
bank żywności chojnice;480;0.0;3;2021-03-11;390;320;390;260;590;590;480;390;390;390;480;590;1;bank żywności w chojnicach
wsg chojnice;480;0.0;2;2021-03-11;590;390;480;480;590;590;390;390;480;590;590;390;0
restauracja 5 chojnice;480;1.07;2;2021-03-11;480;590;720;480;480;390;480;480;480;590;390;390;0
eksperymentarium chojnice;480;0.0;2;2021-03-11;590;480;320;390;480;590;1000;720;320;390;320;210;0
mostostal chojnice;480;0.0;2;2021-06-22;480;480;590;480;590;590;480;390;390;390;480;320;1;chojnice mostostal
lumpeks chojnice;480;0.0;2;2021-03-11;480;480;480;390;590;720;720;390;480;590;260;390;1;lumpeksy chojnice
masaż chojnice;480;0.82;2;2021-03-11;480;480;480;320;590;480;590;390;480;320;390;590;2;masaże chojnice
chojnice masaż
polka chojnice;480;1.72;2;2021-03-11;590;480;880;590;480;320;390;260;260;390;390;320;1;polkom chojnice
kościół chojnice;480;0.0;2;2021-03-11;590;590;480;880;390;390;390;390;390;590;390;480;2;kościoły w chojnicach
chojnice kościół
hotel polonia chojnice;480;1.47;3;2021-06-22;480;390;590;480;480;390;480;590;390;480;480;590;2;chojnice hotel polonia
hotel chojnice polonia
bar mleczny chojnice;480;0.0;3;2021-03-11;480;480;480;590;390;590;590;720;480;480;480;390;0
sofort chojnice;480;3.62;2;2021-03-11;320;390;390;480;480;480;590;480;590;480;390;390;0
promedica chojnice;480;1.58;2;2021-03-11;590;590;590;480;480;480;390;320;480;590;720;390;0
fatima chojnice ogłoszenia;480;0.0;3;2021-03-11;720;480;720;320;590;390;390;480;390;480;320;1000;0
kurs euro chojnice brama pomorza;480;0.0;5;2021-03-11;390;590;480;480;390;320;590;390;480;880;590;590;0
jadwiga chojnice;480;0.0;2;2021-03-11;480;480;720;390;590;390;390;320;260;480;480;720;0
ck chojnice;480;0.0;2;2021-03-11;590;590;590;390;260;480;390;390;390;480;720;480;0
parafia mbkp chojnice ogłoszenia;480;0.0;4;2021-03-11;590;590;880;320;590;390;320;320;260;390;390;880;0
parafia św jadwigi chojnice;480;0.0;4;2021-03-11;320;590;880;480;590;390;320;260;320;480;320;390;0
solarium chojnice;480;0.0;2;2021-06-22;720;880;590;480;260;260;210;320;320;320;720;720;1;chojnice solarium
optyk chojnice;480;1.27;2;2021-03-11;320;480;480;480;480;480;480;480;390;390;480;480;1;optycy chojnice
otomoto chojnice;480;0.18;2;2021-03-11;480;480;480;480;590;590;590;320;590;480;590;590;1;chojnice otomoto
sklep wędkarski chojnice;480;0.91;3;2021-03-11;590;720;880;720;320;210;170;170;480;260;320;390;1;sklepy wędkarskie chojnice
kanama chojnice;480;0.0;2;2021-03-11;590;590;590;590;590;480;480;320;390;480;390;260;0
biuro paszportowe chojnice;480;0.0;3;2021-03-10;480;480;590;590;480;480;480;480;480;480;390;390;1;biuro paszportowe w chojnicach
paszporty chojnice;480;0.0;2;2021-07-22;480;480;590;480;590;390;320;390;480;480;480;390;0
psp chojnice;480;0.0;2;2021-03-10;480;480;480;590;390;390;480;480;480;480;590;590;0
barber chojnice;480;0.95;2;2026-05-20;480;390;480;590;590;590;880;590;390;390;480;480;0
chojnice rynek;480;0.0;2;2021-06-22;390;720;1300;1600;720;390;210;210;170;140;260;260;1;rynek chojnice
schronisko dla nieletnich chojnice;480;0.0;4;2021-03-11;390;320;390;480;480;590;590;590;480;390;320;320;2;schronisko dla nieletnich w chojnicach
chojnice schronisko dla nieletnich
seko chojnice;480;19.58;2;2021-03-11;390;320;480;590;590;590;1000;480;480;590;390;390;0
park wodny chojnice;480;0.0;3;2021-03-11;480;720;720;390;320;390;480;480;320;390;390;320;2;chojnice park wodny
park wodny w chojnicach
domy modułowe chojnice;480;0.95;3;2021-03-11;480;480;590;480;480;390;320;480;590;720;720;590;0
temis chojnice;480;0.0;2;2021-03-11;590;590;480;480;480;480;390;480;480;480;590;480;0
kardiolog chojnice;480;0.0;2;2021-03-11;390;320;390;390;480;390;390;480;590;720;480;390;0
kurs euro chojnice;480;1.62;3;2021-03-11;590;590;480;390;390;320;480;480;480;880;480;390;1;kurs euro w chojnicach
aquapark chojnice;480;0.0;2;2021-03-11;320;1300;1000;260;260;320;210;590;320;210;210;320;1;chojnice aquapark
kawiarnie chojnice;480;0.0;2;2021-07-24;320;390;480;390;480;480;480;480;590;590;390;320;0
kardiologia chojnice;480;0.0;2;2022-02-08;390;320;390;390;480;390;390;480;590;720;480;390;0
urologia chojnice;390;0.38;2;2023-05-19;480;390;390;320;390;320;390;480;480;320;390;390;0
ryżowe pola chojnice;390;1.07;3;2022-08-24;480;480;590;320;390;480;480;320;320;260;210;210;0
drukarnie chojnice;390;2.8;2;2023-02-01;390;480;390;320;480;480;390;590;480;480;390;260;0
sp nr 3 chojnice;390;0.0;2;2023-01-04;390;260;390;390;390;390;210;390;480;390;390;390;0
kamery chojnice;390;0.0;2;2023-04-04;390;320;590;390;390;480;480;390;210;210;320;480;0
tech 3 chojnice;390;0.0;2;2023-07-04;260;480;480;390;480;260;90;140;590;480;480;390;0
adwokat chojnice;390;1.23;2;2021-03-10;210;720;590;320;590;590;720;170;210;210;210;170;1;adwokaci chojnice
parafia matki bożej królowej polski w chojnicach;390;0.0;6;2021-06-22;590;320;320;480;260;260;170;480;260;320;320;1000;1;parafia matki bozej krolowej polski w chojnicach
mieszkanie na sprzedaż chojnice;390;0.02;3;2021-03-10;480;480;590;390;390;320;260;320;320;320;320;210;1;mieszkanie na sprzedaz chojnice
dremet chojnice;390;0.0;2;2022-08-01;320;390;320;390;320;390;390;390;390;390;390;390;0
strzelnica chojnice;390;0.0;2;2021-03-11;390;590;480;480;390;320;480;390;390;320;390;480;0
kino teatr chojnice;390;0.0;3;2021-03-11;480;390;480;320;390;320;590;260;210;590;320;320;1;chojnice kino teatr
przedszkole chojnice;390;0.0;2;2021-03-11;590;590;390;390;480;320;210;480;320;390;260;210;1;przedszkola chojnice
ortodonta chojnice;390;3.34;2;2021-06-22;480;480;480;390;390;390;390;390;320;320;320;210;1;chojnice ortodonta
f1 chojnice;390;0.0;2;2021-03-11;140;170;390;720;1000;590;480;390;320;320;260;170;0
chojnice trasa;390;0.0;2;2021-03-11;320;320;320;390;480;390;590;480;390;320;210;210;0
bar smakosz chojnice;390;0.0;3;2021-03-11;390;480;590;390;390;320;390;480;320;390;320;320;0
hetman chojnice;390;0.0;2;2021-03-11;320;260;320;590;480;480;390;480;390;390;320;390;0
kamera chojnice;390;0.0;2;2021-03-11;390;320;590;390;390;480;480;390;210;210;320;480;2;chojnice kamera
chojnice kamery
rybarczyk chojnice;390;0.0;2;2021-03-11;390;390;320;260;390;390;480;590;590;320;260;260;0
szpital chojnice oddziały;390;0.0;3;2021-03-11;480;480;480;480;320;260;320;320;320;320;320;260;1;szpital w chojnicach oddziały
lo filomatów chojnice;390;0.0;3;2021-06-22;390;480;480;320;390;320;110;140;480;590;590;480;1;lo chojnice filomatów
com chojnice;390;0.0;2;2021-03-11;320;390;480;480;390;390;390;480;480;480;390;390;0
nova chojnice;390;0.0;2;2021-03-11;480;320;480;390;320;320;390;260;320;390;320;480;0
sąd chojnice;390;0.0;2;2021-03-11;390;390;390;320;320;320;480;390;390;480;390;320;2;sąd w chojnicach
chojnice sąd
auto glass chojnice;390;1.79;3;2021-03-10;320;480;480;590;590;480;590;390;320;320;260;260;0
kantor chojnice brama pomorza;390;0.0;4;2021-03-11;390;390;480;480;390;480;390;390;260;320;260;390;3;kantor brama pomorza chojnice
brama pomorza chojnice kantor
chojnice kantor brama pomorza
paszport chojnice;390;0.0;2;2021-03-11;590;480;480;480;480;390;480;320;260;320;320;320;0
pogoda na dziś chojnice;390;0.0;3;2021-03-11;170;170;320;390;720;880;880;720;260;170;140;170;0
temperatura chojnice;390;0.0;2;2021-03-11;390;170;390;590;590;480;480;390;390;320;320;210;2;chojnice temperatura
temperatura w chojnicach
przytulisko chojnice;390;0.0;2;2021-06-22;480;390;390;390;390;320;390;480;390;480;480;390;1;chojnice przytulisko
polipol chojnice;390;2.15;2;2021-03-11;390;590;390;390;320;390;320;390;480;480;390;320;0
pyszne pl chojnice;390;1.74;3;2021-03-11;480;390;390;320;390;390;480;390;320;390;480;480;0
knitter chojnice;390;0.0;2;2021-03-11;590;390;390;390;480;390;260;320;320;390;480;480;0
chojnice tv;390;0.0;2;2021-03-11;390;320;210;170;210;260;390;390;480;480;720;390;1;tv chojnice
deichmann chojnice;390;1.3;2;2021-06-22;480;390;390;480;320;390;390;210;260;170;480;480;1;chojnice deichmann
zremb chojnice forum;390;0.0;3;2021-03-11;210;390;480;480;390;320;320;260;260;390;320;480;0
komfort chojnice;390;0.67;2;2021-03-10;390;390;480;480;390;390;390;390;480;390;390;390;0
basen chojnice cennik;390;0.0;3;2021-03-10;320;260;590;480;320;480;480;390;590;480;260;210;2;basen w chojnicach cennik
chojnice basen cennik
pzhgp chojnice;390;0.0;2;2021-03-11;1000;880;480;720;480;110;170;90;90;50;70;480;0
zoologiczny chojnice;390;0.0;2;2021-03-10;320;320;480;390;320;390;320;390;480;390;480;480;0
żwirownia chojnice;390;0.26;2;2021-03-11;480;480;390;320;390;320;210;170;170;170;590;590;0
sklep zoologiczny chojnice;390;0.0;3;2021-03-11;320;390;390;390;320;390;390;480;480;390;390;320;2;sklepy zoologiczne chojnice
sklep zoologiczny w chojnicach
wiadomości chojnice;390;0.0;2;2021-03-10;480;480;590;480;390;390;390;390;390;390;390;480;2;chojnice wiadomości
wiadomości z chojnic
hotel ratuszowy chojnice;390;1.82;3;2021-06-22;480;320;480;480;320;390;320;320;320;260;320;320;3;hotel ratuszowy w chojnicach
chojnice hotel ratuszowy
hotel chojnice ratuszowy
fatimska chojnice;390;0.0;2;2021-03-11;390;320;320;210;260;320;480;390;480;480;480;390;0
netto chojnice;390;0.86;2;2021-03-10;390;390;480;390;320;320;320;590;390;260;320;480;0
chojnice wiadomości lokalne;390;0.0;3;2021-03-10;480;480;480;480;390;320;320;210;320;320;260;210;0
inter cars chojnice;390;0.0;3;2021-03-11;390;480;390;390;390;390;390;480;390;480;480;480;0
sklep rowerowy chojnice;390;1.3;3;2021-03-11;480;480;590;260;210;320;480;260;110;590;480;590;2;sklepy rowerowe chojnice
sklepy rowerowe w chojnicach
gzgk chojnice;390;0.0;2;2021-03-11;480;480;320;390;320;390;390;590;320;320;260;320;0
autobusy chojnice;390;0.08;2;2021-06-22;390;480;590;390;480;390;320;590;390;390;320;320;1;chojnice autobusy
noclegi chojnice;390;7.89;2;2021-03-11;720;390;480;320;320;260;390;390;320;320;390;480;3;chojnice noclegi
nocleg chojnice
noclegi w chojnicach
monolit chojnice;320;0.0;2;2021-06-11;140;170;590;390;480;320;390;170;170;170;170;320;0
lidl chojnice godz otwarcia;320;0.0;3;2022-04-21;320;320;140;480;170;260;260;320;320;390;260;390;0
kis chojnice;320;0.0;2;2022-09-13;320;320;320;260;390;480;390;320;390;390;320;260;0
diagnostyka chojnice;320;0.07;2;2022-12-07;390;390;480;320;390;320;390;260;170;320;320;320;0
kino chojnice kup bilet;320;0.0;4;2023-02-03;590;480;260;170;210;110;390;110;260;480;390;320;0
złomowisko chojnice;320;3.5;2;2023-09-05;260;260;320;320;390;390;320;260;320;260;320;170;0
sp 8 chojnice;320;0.0;2;2024-02-28;210;320;390;480;320;390;210;480;480;390;320;320;0
mawiko chojnice;320;3.65;2;2025-01-30;390;320;320;260;210;260;320;260;320;260;320;260;0
parafia chrystusa miłosiernego chojnice;320;0.0;4;2021-03-10;390;260;320;480;320;320;320;210;260;320;320;590;1;parafia chrystusa miłosiernego w chojnicach
pup chojnice praca;320;0.25;3;2021-06-22;480;480;480;320;320;210;320;480;320;210;210;260;2;praca chojnice pup
praca pup chojnice
działki chojnice;320;0.13;2;2021-03-11;390;320;390;390;320;320;390;320;260;210;210;210;2;działka chojnice
chojnice działki
przychodnia chojnice;320;0.0;2;2021-03-11;480;320;390;320;390;320;260;320;390;260;320;390;2;przychodnie chojnice
chojnice przychodnia
wizja lokalna chojnice;320;0.0;3;2021-03-11;260;320;320;390;390;480;590;210;140;170;170;210;0
sklep wedkarski chojnice;320;0.51;3;2021-05-06;170;260;210;390;480;480;590;480;480;210;260;210;0
kantak chojnice;320;0.0;2;2021-03-11;480;320;320;260;390;390;390;390;320;320;260;320;0
chdk chojnice repertuar;320;0.0;3;2021-03-11;390;320;260;140;170;90;170;210;260;590;590;320;0
złom chojnice;320;3.49;2;2021-03-11;260;260;320;320;390;390;320;260;320;260;320;170;0
olx mieszkania chojnice;320;0.06;3;2021-03-11;320;320;320;260;210;210;210;390;480;320;320;260;3;olx mieszkanie chojnice
olx chojnice mieszkania
mieszkania chojnice olx
technikum 2 chojnice;320;0.0;2;2021-03-11;320;390;390;390;390;210;170;260;480;320;320;320;0
parafia chojnice;320;0.0;2;2021-03-11;320;260;320;390;260;320;390;390;320;390;320;390;1;chojnice parafia
paczkomat chojnice;320;0.0;2;2021-03-11;320;260;320;210;390;210;320;260;210;390;210;390;1;paczkomaty chojnice
pko chojnice;320;0.0;2;2021-03-11;320;320;390;320;390;390;390;390;320;390;320;320;0
jubiler chojnice;320;1.21;2;2021-06-22;320;390;260;260;320;260;390;320;260;260;260;480;1;chojnice jubiler
urbaniak chojnice;320;0.68;2;2021-03-11;320;260;320;260;320;260;320;260;320;320;320;320;0
duchacze chojnice;320;0.0;2;2021-03-11;480;260;260;480;320;260;260;140;170;260;210;390;0
alior bank chojnice;320;2.43;3;2021-03-11;390;320;260;320;390;390;320;390;320;390;320;320;1;chojnice alior bank
czas chojnic aktualności;320;0.0;3;2021-03-11;140;140;170;140;320;720;880;880;170;170;110;110;0
agro ursus chojnice;320;0.0;3;2021-03-11;260;260;320;390;390;390;390;590;320;260;260;210;0
szkoła podstawowa nr 3 chojnice;320;0.0;3;2021-03-11;210;320;320;260;320;390;210;390;480;390;390;260;0
urolog chojnice;320;0.19;2;2021-06-22;480;390;390;320;320;320;320;260;320;320;390;320;1;chojnice urolog
wirnik chojnice;320;0.0;2;2021-03-11;170;260;320;320;390;320;390;320;320;260;260;210;0
przedszkole nr 3 chojnice;320;0.0;2;2021-03-11;210;320;480;480;260;260;50;170;390;320;260;260;0
kawiarnia chojnice;320;0.0;2;2021-06-22;320;480;390;260;260;320;480;260;390;320;210;260;1;chojnice kawiarnia
fitnex chojnice;320;0.0;2;2021-07-26;390;170;110;70;260;320;320;320;390;390;480;590;0
pako chojnice;320;0.0;2;2021-03-11;390;260;390;320;390;480;390;260;260;320;210;260;0
lento chojnice;320;0.0;2;2021-03-11;110;390;260;170;320;390;210;590;170;390;260;210;0
pzhgp chojnice człuchów;320;0.0;3;2021-03-11;70;70;90;320;720;720;590;590;590;110;50;50;0
abra chojnice;320;0.26;2;2021-03-11;390;320;390;320;210;260;320;320;320;390;390;390;0
lux dent chojnice;320;0.0;3;2021-03-11;390;320;320;320;390;260;260;260;320;320;260;260;0
centrum park chojnice;320;0.0;3;2021-03-10;390;480;260;320;320;320;390;320;260;260;320;320;0
gops chojnice;320;0.0;2;2021-03-11;320;480;390;590;320;320;260;320;390;320;260;260;0
zamet chojnice;320;0.0;2;2021-03-11;210;590;590;320;170;320;210;260;210;320;260;260;0
dorabianie kluczy chojnice;320;0.0;3;2021-03-11;390;320;320;320;320;390;390;320;390;320;390;320;0
kebab izmir chojnice;320;1.83;3;2021-06-22;320;320;320;390;320;320;320;390;320;320;260;320;2;izmir kebab chojnice
kebab chojnice izmir
sebik chojnice;320;1.12;2;2021-03-11;320;390;480;390;260;210;260;390;480;480;320;320;0
dobry dach chojnice;320;0.0;3;2021-03-11;170;210;260;320;320;320;390;390;320;320;210;210;0
poradnia psychologiczno pedagogiczna chojnice;320;0.0;4;2021-03-10;320;320;260;320;260;210;170;210;480;390;320;210;0
wypożyczalnia aut chojnice;320;0.68;3;2021-03-11;320;260;320;320;320;390;480;390;210;210;260;260;0
vetmedica chojnice;320;0.0;2;2021-03-11;320;320;480;320;390;320;320;390;320;320;320;260;0
tanie mieszkanie do wynajęcia w chojnicach;320;0.15;6;2021-06-22;320;390;320;390;390;390;480;260;260;260;170;170;2;tanie mieszkanie do wynajecia w chojnicach
tanie mieszkania do wynajęcia chojnice
santander chojnice;320;4.08;2;2021-03-11;390;390;320;320;480;320;320;260;260;320;320;320;0
restauracja 7 chojnice;320;0.0;3;2021-03-11;390;480;390;320;390;320;260;320;260;320;390;390;1;chojnice restauracja 7
dom pomocy społecznej chojnice;320;0.0;4;2021-05-09;320;210;260;320;210;320;260;320;320;320;390;260;0
kleo chojnice;320;0.63;2;2021-03-11;320;260;320;260;320;320;320;320;320;260;260;210;0
zych chojnice;320;0.0;2;2021-03-11;390;480;390;390;260;210;260;260;260;390;390;390;0
joshi sushi chojnice;320;2.47;3;2025-11-18;390;480;720;260;320;260;210;210;320;260;260;390;0
promes chojnice;320;1.92;2;2021-03-10;320;320;260;260;320;320;320;260;320;320;590;390;0
dps chojnice;320;0.0;2;2021-03-10;320;210;260;320;210;320;260;320;320;320;390;260;0
hotel olimp chojnice;320;1.37;3;2021-03-11;320;320;590;390;320;320;320;260;210;210;260;260;2;chojnice hotel olimp
hotel chojnice olimp
moto zych chojnice;320;0.0;3;2021-03-11;390;320;390;320;260;210;210;210;210;210;390;320;0
akt gum chojnice;320;1.88;3;2021-03-11;320;210;210;170;170;590;590;210;170;140;320;480;0
wieczysta kraków chojniczanka chojnice statystyki;320;0.0;5;2025-10-21;0;0;0;0;0;3600;20;10;10;0;0;0;0
transmar chojnice;320;0.0;2;2021-03-11;390;390;320;320;260;210;140;260;320;480;480;480;0
parafia fatimska chojnice;320;0.0;3;2021-06-22;320;320;260;260;260;260;480;390;480;480;480;390;2;chojnice parafia fatimska
parafia chojnice fatimska
auto złom chojnice;320;3.04;3;2021-03-11;320;320;260;320;260;260;320;320;260;320;260;260;0
windex chojnice;320;3.05;2;2021-03-11;320;260;320;320;320;320;260;260;260;390;320;320;0
meble chojnice;320;0.79;2;2021-03-11;260;260;390;320;390;320;260;320;260;390;390;260;2;chojnice meble
meble w chojnicach
sklep motoryzacyjny chojnice;320;0.0;3;2021-03-11;320;320;390;320;320;320;320;390;320;480;320;320;1;sklepy motoryzacyjne chojnice
lider autohandel chojnice;320;0.0;3;2021-03-11;320;260;260;210;210;260;260;260;390;320;320;320;0
eltom chojnice;320;1.81;2;2021-03-11;260;260;260;260;320;260;320;320;260;320;320;320;0
straż miejska chojnice;320;0.0;3;2021-03-11;390;390;320;320;320;320;320;390;320;320;390;260;0
narzędziowiec chojnice;320;0.0;2;2021-03-11;320;390;320;260;320;260;320;260;260;390;260;320;0
mieszkania na sprzedaż chojnice bez pośredników;320;0.11;6;2021-04-16;210;260;260;480;390;390;210;480;390;390;210;260;0
ubezpieczenia chojnice;320;7.9;2;2021-03-11;260;260;260;390;320;260;210;260;390;480;390;390;0
bank millenium chojnice;260;5.76;3;2021-09-02;170;210;260;260;260;210;320;170;260;170;390;260;0
rowerowy chojnice;260;1.58;2;2021-07-25;140;170;260;480;590;480;390;260;170;110;70;50;0
rower chojnice;260;1.58;2;2021-09-02;140;170;260;480;590;480;390;260;170;110;70;50;0
u braci chojnice;260;0.0;2;2022-07-10;260;260;260;210;170;210;210;320;260;260;260;260;0
wiadomości tvn24 chojnice;260;0.0;3;2023-02-28;210;170;320;260;320;260;210;260;210;170;260;320;0
skup zlomu chojnice;260;0.0;3;2023-06-05;260;210;320;260;390;260;320;320;210;210;210;170;0
disco relax chojnice;260;0.0;3;2023-05-21;1000;880;390;390;260;170;170;0;0;0;0;0;0
zamęt chojnice;260;0.0;2;2024-05-07;880;590;590;20;10;10;10;20;70;40;50;590;0
olx samochody chojnice;260;0.0;3;2021-03-11;170;170;260;170;210;210;390;320;260;260;320;210;3;olx chojnice samochody
samochody chojnice olx
chojnice olx samochody
komisy samochodowe chojnice;260;0.07;3;2021-06-22;320;260;320;210;390;260;210;320;210;260;260;260;1;chojnice komisy samochodowe
pogoda na jutro chojnice;260;0.0;3;2021-06-22;110;140;210;320;390;320;260;260;170;390;210;70;3;chojnice pogoda na jutro
pogoda w chojnicach na jutro
pogoda chojnice na jutro
pizzeria roberto chojnice;260;0.0;3;2021-06-22;140;320;320;260;210;320;390;390;260;320;260;260;1;pizzeria chojnice roberto
rowery chojnice;260;0.18;2;2021-03-11;140;170;260;480;480;480;320;260;170;110;70;50;1;chojnice rowery
pkp chojnice rozkład jazdy;260;0.0;4;2021-06-22;320;140;260;260;260;320;320;320;260;320;260;260;3;rozkład jazdy pkp chojnice
pkp rozkład jazdy chojnice
chojnice rozkład jazdy pkp
kościół gimnazjalny chojnice;260;0.0;3;2021-03-11;210;260;210;390;170;170;170;320;260;260;140;260;1;kościół gimnazjalny w chojnicach
szkoła mundurowa chojnice;260;0.0;3;2021-03-11;140;140;170;320;260;210;720;260;320;170;140;90;0
wesołe przedszkole chojnice;260;0.0;3;2021-05-18;320;260;260;140;260;210;110;210;390;320;320;390;0
smakosz chojnice menu;260;0.0;3;2021-06-22;210;170;260;210;320;260;480;320;320;320;210;140;1;smakosz menu chojnice
chojniczanka chojnice mecz na żywo;260;0.0;4;2021-04-21;70;320;260;320;210;110;210;590;480;390;110;30;0
agata meble chojnice;260;0.55;3;2021-03-11;260;320;320;260;210;210;260;210;210;260;320;260;0
księgarnia chojnice;260;0.0;2;2021-03-11;170;170;170;170;210;210;210;320;720;260;210;210;2;księgarnie chojnice
księgarnie w chojnicach
komis samochodowy chojnice;260;0.43;3;2021-03-11;320;260;320;210;260;320;260;320;210;260;260;260;4;chojnice komis samochodowy
komisy samochodowe w chojnicach
komis samochodowy w chojnicach
komis chojnice samochodowy
us chojnice;260;0.0;2;2021-06-22;260;320;390;320;260;210;210;260;210;260;210;170;1;chojnice us
belana chojnice;260;0.0;2;2021-03-11;170;210;260;210;260;390;320;260;170;170;210;170;0
ortopeda chojnice prywatnie;260;0.0;3;2021-06-22;320;260;260;320;390;320;320;170;210;260;260;170;1;ortopeda prywatnie chojnice
hotel sukiennice chojnice;260;2.75;3;2021-06-22;170;390;260;210;260;210;260;480;320;210;210;140;4;sukiennice hotel chojnice
sukiennice chojnice hotel
chojnice hotel sukiennice
hotel chojnice sukiennice
czat chojnice;260;1.1;2;2021-03-11;260;170;320;320;170;260;260;320;390;390;320;170;0
kino teatr chojnice repertuar;260;0.0;4;2021-03-11;590;320;210;170;110;70;170;210;210;480;480;260;0
aster chojnice;260;0.0;2;2021-03-11;170;210;260;320;260;210;260;390;260;320;210;390;0
verpol chojnice;260;2.8;2;2021-03-11;210;140;210;210;260;260;320;320;320;320;260;110;0
sowa chojnice;260;0.0;2;2021-03-11;320;320;320;320;260;260;260;260;260;260;260;260;0
meblik chojnice;260;2.72;2;2021-03-11;390;320;260;210;210;260;320;260;260;260;260;260;0
pizzeria laguna chojnice;260;2.24;3;2021-03-11;320;320;260;260;260;260;260;260;260;320;260;320;2;pizzeria chojnice laguna
laguna chojnice pizzeria
mechanik chojnice;260;0.0;2;2021-03-11;210;320;320;390;210;210;320;260;140;320;260;260;1;mechanicy chojnice
stacja kontroli pojazdów chojnice;260;0.0;4;2021-03-11;260;210;260;260;390;480;320;260;210;260;260;210;0
radca prawny chojnice;260;1.57;3;2021-03-11;210;260;390;320;260;170;260;210;170;140;260;170;1;radcy prawni chojnice
rozkład jazdy chojnice;260;0.0;3;2021-03-11;170;320;260;260;210;260;320;260;320;320;260;170;0
liceum chojnice;260;0.0;2;2021-03-11;260;260;320;260;390;320;320;210;320;260;210;170;4;chojnice liceum
liceum w chojnicach
licea chojnice
ii liceum chojnice
ossowski chojnice;260;0.0;2;2021-03-11;390;320;390;320;260;260;170;320;320;320;210;170;0
olx chojnice meble;260;0.0;3;2021-06-22;320;390;390;320;210;140;210;170;210;260;390;260;4;olx meble chojnice
meble olx chojnice
chojnice olx meble
meble chojnice olx
domy chojnice;260;0.07;2;2021-06-22;320;260;260;260;320;320;480;320;260;260;210;260;2;dom chojnice
chojnice dom
piercing chojnice;260;0.0;2;2021-03-10;320;210;390;210;260;210;170;260;210;210;170;210;0
drinks chojnice;260;0.0;2;2021-03-11;170;260;320;320;320;320;320;320;260;210;170;320;0
radio chojnice;260;0.0;2;2021-03-11;210;260;260;390;260;210;210;260;260;260;170;210;1;chojnice radio
pociąg chojnice gdańsk;260;0.16;3;2021-06-22;170;170;140;210;260;260;480;320;210;260;170;260;1;gdańsk chojnice pociąg
sor chojnice;260;0.0;2;2021-03-11;320;210;210;210;320;260;320;260;210;260;210;260;0
catering chojnice;260;2.68;2;2021-03-11;260;260;260;210;260;320;210;210;260;260;260;210;1;chojnice catering
castorama chojnice;260;1.79;2;2021-03-11;260;320;390;320;320;210;260;260;260;210;320;320;1;chojnice castorama
biuro podróży chojnice;260;0.63;3;2021-03-11;260;320;390;320;260;210;170;110;260;260;210;210;0
piekarnie chojnice;260;0.0;2;2023-03-21;210;210;260;260;390;320;320;260;210;260;320;260;0
chojnice wydarzenia;260;0.0;2;2021-06-22;260;390;390;480;260;210;210;320;210;260;260;260;1;wydarzenia chojnice
sklep meblowy chojnice;260;0.69;3;2021-03-11;260;210;260;260;260;320;320;320;320;210;320;260;3;chojnice sklep meblowy
sklepy meblowe w chojnicach
sklep meblowy w chojnicach
urząd stanu cywilnego chojnice;260;0.0;4;2021-03-11;320;320;320;320;260;260;260;210;320;260;260;260;0
nasze miasto chojnice;260;0.0;3;2021-06-22;320;320;260;320;260;210;260;210;320;320;320;210;1;chojnice nasze miasto
komis chojnice;260;0.16;2;2021-03-11;260;210;260;320;260;320;320;210;260;260;320;260;3;komisy chojnice
chojnice komis
komisy w chojnicach
wakacje pl chojnice;260;0.48;3;2021-03-11;320;320;390;320;260;210;210;210;390;320;170;210;0
usc chojnice;260;0.0;2;2021-03-11;320;320;320;260;260;260;210;320;260;260;260;260;0
wieczysta kraków chojniczanka chojnice;260;0.0;4;2025-10-21;10;10;10;10;20;2900;50;10;10;210;0;0;0
black red white chojnice;260;0.89;4;2021-03-10;260;260;260;320;210;320;320;320;260;260;260;260;0
auto handel max chojnice;260;0.94;4;2021-03-10;110;140;110;140;260;260;320;260;260;210;390;390;1;auto handel chojnice max
medyk chojnice;260;0.0;2;2021-03-10;320;320;170;320;390;260;210;170;140;110;170;170;0
kamal chojnice;260;1.28;2;2021-03-11;320;320;1000;260;170;210;110;110;50;70;260;320;0
technikum chojnice;260;0.0;2;2021-03-10;390;210;170;210;320;210;170;170;210;260;390;210;2;chojnice technikum
technikum w chojnicach
słoneczna chojnice;260;0.0;2;2021-03-11;170;140;140;210;210;320;320;390;320;210;260;170;0
sala zabaw chojnice;260;0.0;3;2021-03-11;210;170;390;320;140;210;260;170;320;390;320;170;0
chojnice zamek;260;0.0;2;2021-06-22;390;320;480;590;260;210;170;110;140;140;210;210;1;zamek w chojnicach
chojnice liczba mieszkańców;260;0.0;3;2021-03-10;210;210;210;260;170;260;260;390;320;320;390;390;1;liczba mieszkańców chojnice
kronika policyjna chojnice;260;0.0;3;2021-03-11;320;480;390;390;210;260;260;170;70;70;70;70;0
pogoda chojnice meteo;260;0.0;3;2021-03-11;480;590;260;140;210;210;170;390;260;170;210;320;1;pogoda meteo chojnice
działki na sprzedaż chojnice;260;0.12;4;2021-03-10;170;210;260;170;210;260;210;260;260;320;480;260;3;działka na sprzedaż chojnice
dzialki na sprzedaz chojnice
chojnice działki na sprzedaż
geodeta chojnice;260;2.39;2;2021-03-11;210;260;210;260;260;210;170;170;210;390;320;170;0
hurtownia elektryczna chojnice;260;1.26;3;2021-03-11;210;260;210;210;260;170;260;170;210;390;320;320;1;chojnice hurtownia elektryczna
okna chojnice;260;2.17;2;2021-03-10;260;260;210;210;210;140;260;210;260;390;260;170;0
skup złomu chojnice;260;0.0;3;2021-03-11;260;320;320;210;260;210;260;170;170;390;260;260;0
apteka gemini chojnice;260;0.0;3;2021-03-11;260;260;260;320;260;260;260;260;260;320;260;260;0
pzu chojnice;260;0.0;2;2021-03-11;260;260;210;210;260;260;260;320;260;320;210;210;0
licytacje komornicze chojnice;260;0.45;3;2021-03-11;140;140;110;170;210;170;170;880;390;320;170;170;0
paznokcie chojnice;260;0.37;2;2021-03-11;390;320;260;260;210;170;140;210;140;260;260;210;0
cukiernia chojnice;260;0.0;2;2021-03-11;210;260;210;170;210;210;140;260;390;390;260;260;1;cukiernie chojnice
t mobile chojnice;260;1.71;3;2021-06-22;210;260;320;320;260;260;320;260;210;210;260;210;1;chojnice t mobile
biuro rachunkowe chojnice;260;5.3;3;2021-03-11;260;170;170;170;210;260;90;210;390;590;480;260;1;biura rachunkowe chojnice
mieszkanie chojnice wynajem;260;0.69;3;2025-04-25;140;260;210;260;210;210;210;320;320;320;260;320;0
sr chojnice;260;0.0;2;2021-03-11;320;320;210;260;320;320;210;320;320;390;320;170;1;sr w chojnicach
euro agd chojnice;260;0.82;3;2021-03-11;210;260;210;210;210;260;480;320;260;260;260;260;0
gastroenterolog chojnice;260;0.0;2;2022-08-05;320;260;320;320;260;320;210;320;320;260;210;260;0
szkoła podstawowa nr 8 chojnice;210;0.0;3;2021-07-20;140;320;320;210;170;260;210;320;260;170;170;170;0
restauracja polka chojnice menu;210;0.0;4;2022-03-21;110;110;170;210;210;260;260;320;260;110;140;110;0
technikum nr 1 w chojnicach;210;0.0;2;2022-03-21;110;210;260;170;210;210;140;210;320;210;210;170;0
accuweather chojnice;210;0.0;2;2022-02-08;90;110;140;210;210;320;480;390;210;90;140;140;0
998 chojnice;210;0.0;2;2022-07-29;140;170;140;170;210;320;260;320;170;210;170;140;0
wiadomości weekend chojnice;210;0.0;3;2022-10-13;260;210;210;210;210;210;210;260;210;260;210;260;0
congee chojnice;210;2.82;2;2023-03-03;260;210;170;170;210;140;170;140;140;210;260;170;0
ubezpieczenie chojnice;210;2.98;2;2023-01-10;140;260;260;210;260;210;260;140;170;170;110;110;0
biuro podrozy chojnice;210;0.48;3;2023-04-13;320;210;260;210;320;260;390;210;170;90;90;110;0
chojniczanka chojnice mecz;210;0.0;3;2023-05-20;140;260;260;480;320;170;90;210;260;260;90;50;0
yakuza sushi chojnice;210;1.12;3;2023-05-20;210;320;320;210;170;140;110;320;210;210;210;210;0
straż pożarna chojnice kolizje drogowe;210;0.0;5;2023-06-19;210;140;210;170;210;140;170;480;210;210;210;260;0
aldi chojnice;210;0.13;2;2023-12-09;90;110;210;590;210;110;320;320;390;170;110;110;0
koncerty chojnice 2023;210;0.0;3;2023-09-01;50;50;70;70;210;720;720;390;10;10;10;10;0
cars club chojnice;210;1.67;3;2023-10-02;140;140;170;210;210;260;260;260;210;170;170;90;0
aktualne oferty pracy chojnice i okolice;210;0.23;5;2023-10-06;140;210;260;260;260;210;260;260;390;40;70;30;0
apteka całodobowa chojnice;210;0.0;3;2023-11-07;260;140;260;210;210;210;210;210;170;260;210;390;0
narodowy fundusz zdrowia chojnice;210;0.0;4;2024-10-07;210;140;170;170;170;210;260;210;210;170;170;170;0
pogoda chojnice foreca;210;0.0;3;2021-03-10;90;90;140;210;260;320;320;320;170;140;140;110;1;pogoda foreca chojnice
dieta pudełkowa chojnice;210;2.17;3;2021-03-11;320;210;210;210;210;170;210;170;170;140;170;140;0
autohandel max chojnice;210;0.0;3;2021-03-11;210;210;260;260;140;210;210;170;140;210;170;140;0
martes sport chojnice;210;0.14;3;2021-03-11;210;260;210;170;210;210;260;320;210;140;140;170;0
e dziennik sp5 chojnice;210;0.0;4;2021-03-11;210;260;390;170;210;210;30;30;170;320;320;260;0
sp 3 chojnice;210;0.0;2;2021-03-11;140;140;140;170;260;480;110;140;210;210;170;170;0
bursa chojnice;210;0.0;2;2021-03-11;140;140;170;210;260;320;320;210;260;140;140;110;1;bursa w chojnicach
psychiatra chojnice prywatnie;210;2.2;3;2021-03-11;320;260;260;260;210;210;170;210;170;170;170;260;0
stokrotka chojnice;210;1.42;2;2021-03-11;210;210;320;260;170;210;210;210;210;170;170;260;0
galeria chojnice sklepy;210;0.0;3;2021-03-11;170;170;140;260;260;170;210;210;170;170;170;390;1;chojnice galeria sklepy
sp 1 chojnice;210;0.0;2;2021-03-11;170;210;210;170;260;260;90;210;390;320;260;140;0
chojniczanka chojnice mecze;210;0.0;3;2021-06-22;140;260;260;480;320;170;90;210;260;260;90;50;1;mecz chojniczanka chojnice
centrum kultury chojnice;210;0.0;3;2021-03-11;320;260;210;170;210;140;210;110;210;390;260;260;0
marimar chojnice;210;0.0;2;2021-03-11;170;170;260;210;210;260;170;170;210;260;260;480;0
kosmetyczka chojnice;210;0.0;2;2021-06-22;210;260;170;210;320;210;320;210;140;140;140;170;1;chojnice kosmetyczka
krwiodawstwo chojnice;210;0.0;2;2021-03-11;210;210;210;210;210;140;170;170;210;210;170;260;0
geodezja chojnice;210;1.74;2;2021-03-11;320;210;320;210;210;260;260;170;170;140;210;210;0
burgery chojnice;210;1.88;2;2021-06-22;170;170;210;210;210;260;320;210;140;210;170;140;1;burger chojnice
hebe chojnice;210;3.7;2;2021-03-11;140;210;260;210;170;210;210;210;170;210;210;390;0
orange chojnice;210;0.0;2;2021-03-11;260;170;210;170;170;210;210;260;210;170;260;210;0
przytulisko chojnice facebook;210;0.0;3;2021-03-11;210;210;320;320;140;210;260;210;210;140;140;210;0
olx samochody osobowe chojnice;210;0.0;4;2021-03-11;170;170;260;390;260;320;260;170;110;110;140;140;2;olx chojnice samochody osobowe
samochody osobowe chojnice olx
pralnia chemiczna chojnice;210;0.0;3;2021-03-11;170;170;210;170;260;170;170;260;210;210;260;170;0
węgiel chojnice;210;0.47;2;2021-03-11;260;210;170;110;110;110;210;260;320;260;210;260;0
kik chojnice;210;0.75;2;2021-03-11;170;140;210;170;260;210;210;210;210;210;210;260;0
cmt chojnice;210;0.0;2;2021-03-11;210;260;210;210;210;170;170;210;260;260;260;210;0
okulista chojnice prywatnie;210;2.1;3;2021-06-22;260;260;260;260;260;260;320;210;210;170;210;170;1;okulista prywatnie chojnice
bank millennium chojnice;210;5.39;3;2021-03-11;210;170;210;170;210;170;210;260;260;210;170;210;0
technikum mundurowe chojnice;210;0.0;3;2021-03-11;90;110;170;260;210;210;390;390;320;140;110;90;1;technikum mundurowe w chojnicach
epaka chojnice;210;1.18;2;2021-03-11;210;210;210;210;170;170;260;210;260;260;260;320;0
pwsh pomerania chojnice;210;0.0;3;2021-03-11;320;260;170;170;170;260;90;50;210;390;260;210;1;pwsh pomerania w chojnicach
wesele chojnice;210;0.0;2;2021-03-11;320;110;70;110;50;50;70;260;260;320;480;320;0
wypadek chojnice;210;0.0;2;2021-03-11;140;110;260;210;320;210;590;210;320;210;170;110;1;wypadki chojnice
biedronka chojnice godziny otwarcia;210;0.0;4;2021-03-11;320;140;260;210;210;210;210;210;140;110;170;390;0
piotrex chojnice;210;0.0;2;2021-03-11;210;170;170;140;170;260;260;260;170;210;140;170;0
wędkarski chojnice;210;0.0;2;2021-03-10;70;70;110;210;390;320;320;390;170;110;70;90;0
weekend fm chojnice wiadomosci;210;0.0;4;2021-03-11;260;210;210;260;210;210;170;140;140;170;170;140;0
parafia królowej jadwigi chojnice;210;0.0;4;2021-03-10;210;390;390;210;320;170;140;140;140;170;110;320;0
samochody osobowe chojnice;210;0.18;3;2021-03-11;210;210;260;260;210;170;210;210;210;170;170;170;1;chojnice samochody osobowe
przychodnia kościerska chojnice;210;0.0;3;2021-06-22;260;210;260;260;260;210;210;170;210;210;140;170;3;przychodnia chojnice kościerska
przychodnia koscierska chojnice
chojnice przychodnia kościerska
praca chojnice sprzątanie;210;0.23;3;2024-04-05;260;260;260;260;260;170;210;140;210;210;210;170;0
restauracja piątka chojnice;210;0.91;3;2021-03-11;210;140;140;110;140;210;390;390;210;210;210;170;0
poczta polska chojnice;210;0.0;3;2021-03-11;210;210;260;210;210;210;140;210;170;210;210;210;0
laboratorium chojnice;210;2.36;2;2021-03-11;260;210;170;260;210;210;210;260;140;170;170;170;0
czas chojnic gazeta ostatnie wydanie;210;0.0;5;2021-03-11;110;170;90;140;210;170;110;390;390;390;140;140;0
chojnice domy modułowe;210;1.01;3;2025-09-29;90;320;320;390;210;260;260;390;50;40;50;40;0
auto handel max chojnice człuchowska;210;0.0;5;2021-03-11;210;260;260;210;170;110;140;210;140;140;140;90;0
chojnice atrakcje dla dzieci;210;0.0;4;2021-06-22;170;210;720;480;110;90;110;90;170;140;110;110;1;atrakcje dla dzieci chojnice
gdzie obejrzeć wieczysta kraków chojniczanka chojnice;210;0.0;6;2025-10-21;0;0;0;0;0;2400;10;0;10;0;0;0;0
szewc chojnice;210;0.0;2;2021-03-11;170;210;210;210;170;170;210;170;210;260;210;170;0
salon fryzjerski chojnice;210;0.0;3;2021-03-10;260;210;260;210;260;210;170;210;170;140;260;210;1;salony fryzjerskie chojnice
autokomisy chojnice;210;0.16;2;2021-06-22;260;210;210;170;210;210;210;170;170;210;320;260;3;autokomis chojnice
chojnice autokomis
autokomisy w chojnicach
ceny paliw chojnice;210;0.0;3;2021-06-22;90;140;110;90;50;90;110;110;90;90;1300;210;2;cena paliwa chojnice
chojnice ceny paliw
bazylika chojnice msze;210;0.0;3;2021-06-22;90;90;90;210;110;210;390;390;210;210;210;210;1;msze bazylika chojnice
pomoc drogowa chojnice;210;27.17;3;2021-03-10;210;320;260;210;210;260;170;170;170;210;320;110;0
witkiewicz chojnice;210;1.69;2;2021-03-10;260;210;210;170;170;210;170;110;210;260;210;210;0
dietetyk chojnice;210;1.26;2;2021-03-10;210;170;260;210;170;170;210;170;210;170;260;140;0
chrystusa miłosiernego chojnice;210;0.0;3;2021-03-11;210;210;320;210;210;210;110;140;140;140;170;260;0
twoja pogoda chojnice;210;0.0;3;2021-03-11;260;210;320;320;320;320;590;480;390;210;170;170;0
schronisko przytulisko chojnice;210;0.0;3;2021-03-11;90;50;50;50;50;140;70;70;50;70;110;90;1;przytulisko schronisko chojnice
dama chojnice;210;1.66;2;2021-03-11;170;210;210;320;320;260;260;210;210;170;170;140;0
powiat chojnice;210;0.0;2;2021-06-22;260;210;260;170;170;170;140;170;170;170;210;140;1;chojnice powiat
oddam za darmo chojnice;210;0.0;4;2021-03-10;170;140;170;210;170;260;210;210;210;260;210;260;0
pms chojnice;210;0.0;2;2021-03-10;260;210;260;210;260;260;210;210;170;210;260;210;0
straż pożarna chojnice;210;0.0;3;2021-03-10;260;210;320;260;210;170;170;210;210;210;170;170;0
krus chojnice;210;0.0;2;2021-03-11;210;210;210;210;260;260;170;210;210;210;210;210;0
areszt śledczy chojnice;210;1.98;3;2021-03-10;140;170;210;140;140;480;170;210;210;210;210;170;0
proktolog chojnice;210;1.23;2;2021-03-11;140;170;170;170;210;170;170;260;260;260;210;260;0
domy na sprzedaż chojnice bez pośredników;210;0.05;6;2025-02-17;320;260;320;260;210;210;140;210;210;210;170;210;0
nfz chojnice;210;0.0;2;2021-03-11;260;320;260;320;210;210;170;210;210;210;170;210;0
czas chojnic pl;210;0.0;3;2021-03-11;260;210;260;210;140;170;260;260;260;260;210;260;0
sm chojnice;210;0.0;2;2021-03-11;210;210;210;210;260;210;170;260;210;210;210;170;0
przychodnia kolejowa chojnice;210;0.0;3;2021-03-11;50;110;110;320;320;210;170;320;210;210;210;170;0
biuro nieruchomości chojnice;210;1.09;3;2021-03-11;170;210;210;210;170;170;210;210;170;320;210;170;2;biuro nieruchomosci chojnice
chojnice biuro nieruchomości
chojnice dom na sprzedaż;210;0.08;4;2023-05-20;170;140;170;320;170;210;140;170;210;260;320;210;0
świat mai chojnice;210;0.0;3;2021-03-11;170;320;260;170;260;210;170;210;210;140;170;210;0
sukiennice chojnice;210;0.0;2;2021-06-22;210;210;210;210;210;210;260;210;260;260;210;210;1;chojnice sukiennice
poczta kwiatowa chojnice;210;3.88;3;2021-03-11;140;110;140;170;140;170;110;210;320;260;140;320;0
skup aut chojnice;210;3.91;3;2021-03-11;170;170;170;210;170;170;140;170;170;320;210;170;0
pralnia chojnice;210;0.0;2;2026-08-20;210;260;210;320;320;170;140;140;260;210;210;140;0
autos chojnice;170;0.0;2;2021-07-22;170;140;170;170;170;170;170;170;140;170;170;140;0
autobus chojnice;170;0.0;2;2021-07-01;140;170;210;140;260;170;170;210;260;170;170;140;0
taksówki chojnice;170;2.07;2;2022-02-08;170;140;170;210;210;210;210;210;170;170;140;260;0
izmir burger chojnice;170;3.35;3;2022-08-01;170;170;170;140;170;140;110;210;210;170;140;140;0
imprezy chojnice 2022;170;0.0;3;2022-10-23;10;10;10;170;480;590;480;90;50;30;20;0
wydarzenia chojnice 2022;170;0.0;3;2022-10-23;20;20;10;10;140;260;390;320;320;210;170;170;0
prawo jazdy chojnice;170;1.22;3;2022-11-16;170;110;170;140;170;210;210;170;140;170;110;140;0
falanga chojnice;170;0.0;2;2023-05-20;170;170;210;170;170;140;90;140;140;210;170;170;0
kaczyński chojnice;170;0.0;2;2023-05-20;20;20;10;10;10;10;170;1900;0
cmentarze chojnice;170;0.0;2;2023-05-21;170;260;140;110;140;140;110;140;110;260;260;170;0
t3 chojnice;170;0.0;2;2024-01-03;0;0;0;0;0;90;210;140;880;480;210;0;0
kawiarnia arabica chojnice;170;0.0;3;2023-11-14;170;170;260;170;170;140;140;210;110;210;210;110;0
dworzec pkp chojnice;170;0.0;3;2021-03-10;110;140;170;140;170;170;260;260;170;170;170;140;1;chojnice dworzec pkp
park tysiąclecia chojnice;170;0.0;3;2021-03-10;50;50;90;110;210;480;320;210;210;140;110;70;1;chojnice park tysiąclecia
radio weekend chojnice wiadomości;170;0.0;4;2021-03-11;170;170;170;140;170;210;140;170;140;320;260;140;0
natura chojnice;170;0.31;2;2021-03-11;170;170;210;170;210;210;210;170;140;140;210;210;0
przychodnia gemini chojnice;170;0.76;3;2021-03-11;210;210;210;170;170;170;140;170;170;210;140;140;0
psycholog dziecięcy chojnice;170;0.84;3;2021-03-11;170;210;210;170;170;140;110;140;140;140;140;140;0
kantor chojnice plac jagielloński;170;0.0;4;2021-06-22;140;110;260;260;210;110;110;110;140;90;210;170;1;kantor plac jagielloński chojnice
internet chojnice;170;2.6;2;2021-03-11;210;170;110;170;110;110;140;140;170;480;170;260;1;chojnice internet
mieszkania na sprzedaż chojnice olx;170;0.07;4;2021-06-22;170;110;110;110;260;210;170;170;110;140;170;170;3;mieszkanie na sprzedaż chojnice olx
olx mieszkania na sprzedaż chojnice
olx chojnice mieszkania na sprzedaz
neurochirurg chojnice;170;0.0;2;2021-03-11;210;170;260;170;170;140;140;170;140;170;170;140;0
krawcowa chojnice;170;0.0;2;2021-03-11;140;90;140;210;320;320;320;170;170;140;140;110;0
standruk chojnice;170;2.54;2;2021-03-11;210;170;140;170;210;210;170;260;210;170;140;140;0
bar chojnice;170;0.0;2;2021-03-11;170;170;170;140;140;210;140;170;170;210;170;170;0
wypożyczalnia sprzętu budowlanego chojnice;170;1.1;4;2021-03-11;110;140;140;170;210;170;170;210;170;140;140;70;1;wypozyczalnia sprzetu budowlanego chojnice
chojnice com kamera;170;0.0;3;2021-03-11;210;210;210;210;170;110;140;170;140;30;170;320;0
komornik chojnice;170;0.0;2;2021-03-11;170;170;210;170;140;170;170;170;170;210;170;140;0
play chojnice;170;4.9;2;2021-03-11;170;170;140;110;170;170;210;170;210;260;170;170;0
radio weekend fm chojnice;170;0.0;4;2021-03-11;210;210;210;170;140;170;170;110;90;70;110;260;0
mbf chojnice;170;0.0;2;2021-03-11;140;170;140;260;210;210;90;110;140;170;170;210;0
sympatia chojnice;170;1.19;2;2021-03-11;170;170;170;260;140;110;110;140;140;210;260;260;0
karman chojnice;170;0.0;2;2021-03-11;140;140;170;210;170;210;210;210;170;170;140;140;0
pasmanteria chojnice;170;0.0;2;2021-03-11;210;210;170;170;140;110;140;170;140;140;170;210;0
baustoff chojnice;170;0.0;2;2021-03-11;170;110;170;170;210;170;210;170;210;170;140;140;0
szkoła jazdy chojnice;170;0.41;3;2021-03-11;110;140;110;140;140;170;260;320;390;90;110;70;0
elektryk samochodowy chojnice;170;0.0;3;2021-03-11;110;90;140;210;170;170;260;260;170;90;110;110;0
cmentarz chojnice;170;0.0;2;2021-03-11;170;260;140;110;110;110;110;140;170;260;260;170;0
sklepy zielarskie chojnice;170;0.86;3;2021-06-22;140;170;210;170;170;140;110;140;140;170;210;170;1;sklep zielarski chojnice
dermatolog chojnice prywatnie;170;0.97;3;2021-06-22;140;140;210;260;260;260;140;210;140;110;90;90;1;dermatolog prywatnie chojnice
elektryk chojnice;170;0.73;2;2021-03-11;210;210;170;90;170;210;170;140;140;140;170;170;0
ppp chojnice;170;0.0;2;2021-03-11;170;210;210;170;170;140;110;110;210;210;210;110;0
kto ma lek chojnice;170;0.0;2;2021-03-11;170;170;260;140;170;110;170;210;140;110;90;170;0
unigum chojnice;170;0.0;2;2021-03-11;70;90;110;210;210;140;110;110;90;170;480;140;0
obwodnica chojnic;170;0.0;2;2021-03-11;210;140;480;260;110;90;90;90;90;90;70;140;0
biuro obsługi klienta enea chojnice;170;0.0;5;2021-03-11;210;140;140;110;170;170;90;110;110;140;320;210;1;enea chojnice biuro obsługi klienta
chojnice pomorskie;170;0.0;2;2021-03-11;170;140;170;170;170;170;210;210;210;110;170;170;1;pomorska chojnice
trycholog chojnice;170;0.0;2;2021-03-11;210;170;170;210;170;170;170;210;170;210;260;140;0
urolog chojnice prywatnie;170;0.65;3;2021-03-11;210;170;260;140;170;110;140;170;140;90;170;110;0
wiadomosci radia weekend chojnice;170;0.0;4;2021-05-17;110;90;90;70;260;210;260;320;320;260;170;110;0
chińczyk chojnice;170;0.0;2;2021-03-11;140;170;170;140;90;140;210;170;170;170;170;170;0
tyszkiewicz chojnice;170;1.63;2;2021-03-11;170;260;170;210;170;110;210;110;110;140;140;170;0
mechanik samochodowy chojnice;170;1.03;3;2021-03-11;90;90;90;140;260;170;210;210;260;110;110;110;0
prefabet chojnice;170;0.0;2;2021-03-11;110;140;170;210;210;210;210;210;210;210;140;170;0
zegarmistrz chojnice;170;0.0;2;2021-03-11;210;170;170;210;210;210;210;170;170;170;140;210;0
przychodnia eskulap chojnice;170;0.0;3;2021-03-11;210;170;210;170;170;140;140;170;210;140;170;170;0
papierniczy chojnice;170;0.0;2;2021-03-11;90;170;140;140;210;110;140;210;210;170;140;170;0
apteka doz chojnice;170;0.0;3;2021-03-11;210;140;140;140;110;170;170;170;140;170;170;170;0
big bar chojnice;170;0.0;3;2021-03-11;170;170;170;140;170;210;170;140;140;140;110;110;0
gazownia chojnice;170;0.0;2;2021-03-11;140;170;140;170;140;140;170;140;170;170;140;170;0
serwis rowerowy chojnice;170;0.0;3;2021-03-11;30;90;170;260;320;260;320;320;110;50;30;20;0
salus med chojnice;170;0.0;3;2021-03-10;140;210;170;260;210;170;170;140;140;140;170;140;0
szpital chojnice laboratorium godziny otwarcia;170;0.0;5;2021-03-10;210;210;210;260;210;170;170;140;140;170;170;140;0
castorama chojnice adres;170;4.21;3;2021-03-11;70;170;140;210;140;210;210;210;140;140;110;140;0
kurs euro chojnice carrefour;170;0.0;4;2021-03-11;140;260;170;260;170;170;140;110;110;210;110;110;0
ksero chojnice;170;0.0;2;2021-03-11;140;170;170;170;140;170;210;210;140;170;110;110;0
caparol chojnice;170;0.0;2;2021-03-11;90;110;170;210;210;170;210;260;260;170;140;110;0
100 gym chojnice;170;1.08;3;2025-06-17;390;210;210;140;90;0;0;170;260;260;260;210;0
pogoda norweska chojnice;170;0.0;3;2021-03-11;110;90;90;90;70;110;90;170;50;20;40;90;0
wody polskie chojnice;170;0.0;3;2021-03-11;140;110;110;140;170;110;170;140;140;110;110;110;0
restauracja sukiennice chojnice;170;0.0;3;2021-03-11;260;390;320;210;210;170;260;260;260;260;320;260;4;sukiennice restauracja chojnice
restauracja sukiennice w chojnicach
chojnice restauracja sukiennice
sukiennice chojnice restauracja
padel chojnice;170;0.0;2;2025-07-03;260;210;260;260;320;0;0;260;170;140;210;210;0
renault chojnice;170;2.92;2;2021-03-11;110;140;140;140;210;110;170;110;110;90;140;110;1;chojnice renault
sklep sportowy chojnice;170;0.0;3;2021-03-11;140;140;260;260;140;110;110;140;210;110;140;110;2;chojnice sklep sportowy
sklepy sportowe chojnice
naprawa agd chojnice;170;20.88;3;2021-03-11;170;110;110;140;110;140;140;110;170;260;320;170;1;chojnice naprawa agd
samochody chojnice;170;0.12;2;2021-03-11;320;140;90;170;210;210;260;170;170;170;140;140;1;chojnice samochody
pfron chojnice;170;0.0;2;2021-03-11;170;170;140;140;140;140;140;140;260;210;210;140;0
biuletyn informacji publicznej chojnice;170;0.0;4;2021-09-02;210;170;170;110;170;210;170;210;170;210;210;170;0
żłobek chojnice;170;0.0;2;2021-03-11;170;140;140;170;210;110;90;90;260;170;320;140;0
liceum andersa chojnice;170;0.0;3;2021-03-11;140;320;260;390;110;110;90;110;140;210;110;210;0
zkwp chojnice;170;0.0;2;2021-03-11;140;390;90;110;210;140;170;260;140;170;170;90;0
centrum park chojnice sp zoo;170;0.0;5;2026-03-05;110;140;140;170;170;210;260;260;70;110;90;70;0
centrum park chojnice zdjęcia;170;0.0;4;2026-03-05;140;110;90;90;90;210;590;590;170;50;40;30;0
dom kultury chojnice;170;0.0;3;2021-03-10;170;110;140;140;170;210;260;170;210;210;210;110;2;dom kultury w chojnicach
chojnice dom kultury
bazylika chojnice ogłoszenia;170;0.0;3;2021-03-10;170;140;90;90;110;140;110;260;170;210;210;260;0
bip chojnice;170;0.0;2;2021-03-11;210;170;170;110;170;210;170;210;170;210;210;170;1;chojnice bip
studia chojnice;170;2.4;2;2021-03-11;170;210;320;210;260;210;110;90;140;140;140;140;2;chojnice studia
studia w chojnicach
obi chojnice godziny otwarcia;170;1.01;4;2021-06-22;260;170;210;210;110;110;140;170;170;140;210;260;2;obi godziny otwarcia chojnice
godziny otwarcia obi chojnice
widokowa chojnice;170;0.0;2;2021-03-11;210;170;140;170;170;170;210;210;210;210;260;210;0
konsorcjum stali chojnice;170;1.39;3;2021-03-10;170;210;210;170;170;140;140;110;140;140;210;170;0
cmentarz komunalny chojnice;170;0.0;3;2021-03-10;110;140;170;140;90;260;320;140;170;110;140;140;1;cmentarz komunalny w chojnicach
czajka chojnice;170;0.0;2;2021-03-10;260;210;260;260;170;170;140;140;110;140;210;210;0
wypożyczalnia samochodów chojnice;170;0.84;3;2021-03-11;260;260;260;210;210;260;320;320;140;170;110;110;2;wypozyczalnia samochodow chojnice
chojnice wypożyczalnia samochodów
wenecka chojnice;170;0.0;2;2021-03-10;170;170;170;210;110;140;140;170;170;170;170;140;0
wtz chojnice;170;0.0;2;2021-03-10;210;170;140;70;110;140;140;170;320;210;260;210;0
tvn meteo chojnice;170;0.0;3;2021-03-11;170;260;210;140;140;110;110;170;140;110;170;170;0
warsztaty terapii zajęciowej chojnice;170;0.0;4;2022-08-24;170;140;70;110;140;140;170;320;210;260;210;170;0
pgnig chojnice;170;0.0;2;2021-03-11;110;140;140;210;210;210;170;210;210;170;90;90;0
księgowa chojnice;170;6.42;2;2021-04-21;110;90;90;90;110;170;90;260;260;390;260;140;0
rolety chojnice;170;1.47;2;2021-03-10;170;170;110;110;170;140;110;140;170;320;210;210;0
czersk chojnice;170;0.0;2;2021-06-22;170;170;170;140;170;140;140;140;170;170;210;210;1;chojnice czersk
wymiana opon chojnice;170;0.0;3;2021-03-11;110;70;50;30;260;590;70;110;40;210;260;210;0
suma chojnice;170;0.0;2;2021-03-11;210;140;210;210;170;170;170;170;170;260;210;170;0
lokale do wynajęcia chojnice;170;0.15;4;2021-06-02;110;140;110;140;140;140;140;210;210;210;170;170;0
bazylika mniejsza chojnice;170;0.0;3;2021-03-11;260;170;260;140;140;140;260;170;90;170;170;110;1;bazylika mniejsza w chojnicach
szkoła medyczna chojnice;170;1.17;3;2021-03-11;170;170;210;210;140;170;140;110;110;110;140;140;0
msze chojnice;170;0.0;2;2021-03-11;210;170;170;110;140;210;210;140;140;170;170;140;3;msza chojnice
chojnice msze
msze w chojnicach
księgowość chojnice;170;6.42;2;2021-03-11;110;90;90;90;110;170;90;260;260;390;260;140;0
szrot chojnice;170;1.74;2;2021-03-11;170;210;170;170;170;140;140;170;170;260;170;170;0
domy na sprzedaż chojnice i okolice;170;0.07;6;2021-06-22;140;140;170;260;170;110;140;210;210;210;170;210;2;domy na sprzedaż okolice chojnic
dom na sprzedaz chojnice okolice
lokal do wynajęcia chojnice;170;0.12;4;2021-06-22;140;110;140;140;140;140;210;210;210;170;170;70;1;chojnice lokal do wynajęcia
geoportal chojnice;170;0.07;2;2021-03-10;110;170;170;170;110;110;170;210;170;170;170;170;0
salon kosmetyczny chojnice;170;0.0;3;2021-03-11;110;170;170;170;110;210;210;390;210;140;90;140;2;chojnice salon kosmetyczny
salony kosmetyczne chojnice
centra handlowe chojnice;140;0.0;3;2021-09-02;210;70;70;110;170;170;210;170;170;90;70;110;0
pociąg chojnice bydgoszcz;140;0.1;3;2022-02-08;170;90;90;110;170;170;140;110;110;170;140;110;0
lux med chojnice;140;1.29;3;2022-04-13;170;170;110;140;110;170;170;140;170;140;140;110;0
eko taxi chojnice;140;2.98;3;2023-05-12;0;0;140;140;210;170;320;260;390;0;0;0;0
samochody olx chojnice;140;0.0;3;2023-04-17;140;140;140;70;90;70;170;170;110;210;170;170;0
mieszkanie do wynajęcia chojnice 24;140;0.19;4;2022-08-01;110;110;140;140;140;170;210;210;140;90;110;110;0
sprzątanie w szkole chojnice;140;0.49;3;2022-09-30;170;170;210;140;110;90;90;140;210;70;110;70;0
wetter chojnice;140;0.0;2;2023-05-20;10;90;170;140;110;140;390;390;90;70;20;30;0
najlepsza restauracja chojnice;140;0.0;3;2023-06-16;50;70;110;110;90;210;320;320;210;40;40;40;0
jak sprawdzić datę pogrzebu chojnice;140;0.0;4;2024-03-09;210;140;210;140;110;90;170;140;140;140;140;110;0
ogródki działkowe na sprzedaż chojnice;140;0.0;4;2023-11-24;110;90;210;260;170;170;170;170;110;140;90;40;0
orlen paczka chojnice;140;3.14;3;2024-04-05;170;170;210;140;170;140;170;140;140;140;140;140;0
jadwiga chojnice kamera;140;0.0;3;2024-03-07;140;140;140;140;140;90;110;90;140;170;170;170;0
tartak chojnice;140;0.0;2;2024-04-24;90;40;140;90;210;390;170;140;170;70;30;140;0
działka rod chojnice;140;0.0;3;2025-01-16;70;90;170;320;260;170;170;170;140;90;50;50;0
pogoda 16 dni chojnice;140;0.0;4;2021-06-22;110;170;110;140;320;260;170;140;140;70;70;70;4;pogoda chojnice 16 dni
chojnice pogoda 16 dni
pogoda dla chojnic na 16 dni
pogoda w chojnicach na 16 dni
zgm chojnice mieszkania na sprzedaz;140;0.04;4;2021-03-10;140;170;210;140;110;90;110;140;90;110;90;90;0
mops chojnice wyplaty;140;0.0;3;2021-03-11;260;110;70;30;140;110;40;110;140;110;210;140;0
mieszkania chojnice sprzedaż;140;0.03;3;2021-06-22;140;170;140;70;210;170;210;260;140;210;90;90;1;mieszkania sprzedaż chojnice
technikum nr 3 chojnice kierunki;140;0.0;3;2021-03-11;140;170;210;260;210;110;210;70;170;110;70;70;0
masar chojnice;140;0.0;2;2021-03-11;170;170;140;140;140;110;90;110;210;110;110;170;0
wiadomości radio weekend chojnice;140;0.0;4;2021-05-17;140;140;110;90;170;170;170;170;90;90;70;110;0
centrum handlowe chojnice;140;0.0;3;2021-03-11;30;90;90;50;210;170;210;210;140;110;70;90;1;chojnice centrum handlowe
salus chojnice cennik;140;0.0;3;2021-03-11;140;210;110;110;140;70;90;140;90;110;170;110;0
liceum katolickie chojnice;140;0.0;3;2021-03-11;110;140;170;110;170;170;110;50;170;170;170;90;1;katolickie liceum chojnice
therapeutica chojnice cennik;140;0.0;3;2021-03-11;90;110;170;170;170;90;110;140;170;260;170;110;0
mistral chojnice menu;140;0.0;3;2021-03-11;210;210;170;110;140;110;140;140;110;140;110;90;0
kino chojnice repertuar listopad;140;0.0;4;2021-03-11;90;70;30;30;20;20;20;10;50;480;720;70;0
radio weekend chojnice wydarzenia;140;0.0;4;2021-03-11;70;140;170;90;170;140;260;140;110;110;70;90;0
biura nieruchomosci chojnice;140;0.16;3;2021-06-22;140;90;140;140;170;110;140;140;140;140;140;70;1;biura nieruchomości chojnice
apteka dbam o zdrowie chojnice;140;0.0;4;2021-03-11;170;110;140;140;210;170;170;170;170;140;140;140;0
chojnice jakie województwo;140;0.0;2;2021-03-11;210;170;140;170;140;140;170;170;170;110;90;140;0
energetyka chojnice;140;0.0;2;2021-03-11;170;110;140;110;140;210;110;140;140;140;260;140;0
catering dietetyczny chojnice;140;2.16;3;2021-03-11;210;210;170;170;140;140;140;110;90;110;110;70;0
szkoła muzyczna chojnice;140;0.0;3;2021-03-11;140;110;110;170;170;320;110;110;210;110;110;140;0
pociągi chojnice;140;0.13;2;2021-03-11;90;90;110;110;140;210;260;170;90;140;90;90;0
lichnowy chojnice;140;0.0;2;2021-06-22;140;110;140;170;170;170;260;170;140;140;90;90;2;lichnowy koło chojnic
lichnowy k chojnic
stare liceum chojnice;140;0.0;3;2021-03-11;140;140;210;110;110;90;70;40;140;170;140;140;0
basen chojnice godziny otwarcia;140;0.0;4;2021-03-11;260;140;110;110;110;110;90;140;90;110;140;140;2;chojnice basen godziny otwarcia
basen w chojnicach godziny otwarcia
sklep ogrodniczy chojnice;140;0.0;3;2021-03-11;30;110;210;210;210;170;170;140;70;110;30;20;1;sklepy ogrodnicze chojnice
mtb chojnice;140;0.0;2;2021-03-11;170;110;140;140;90;90;70;170;170;170;110;110;0
cew chojnice;140;0.0;2;2021-03-11;140;210;170;170;170;140;90;70;170;170;170;90;0
spar meble chojnice;140;0.48;3;2021-03-11;170;140;170;140;140;90;110;140;170;110;170;170;0
park trampolin chojnice;140;0.0;3;2021-03-11;260;140;70;70;70;70;260;260;90;50;90;70;1;chojnice park trampolin
chirurg naczyniowy chojnice;140;0.0;3;2021-03-11;140;140;170;170;170;210;210;140;110;110;140;90;0
schronisko dla zwierząt chojnice;140;0.0;3;2021-03-11;170;110;140;110;90;90;170;110;210;170;140;110;3;schronisko dla zwierząt w chojnicach
chojnice schronisko dla zwierząt
schronisko chojnice dla zwierząt
sklep papierniczy chojnice;140;0.0;3;2021-03-11;110;110;140;110;110;110;110;140;260;140;140;140;0
osp chojnice;140;0.0;2;2021-03-11;140;170;170;110;170;140;170;170;110;140;90;140;0
neurolog chojnice prywatnie;140;0.0;3;2021-06-22;170;170;170;140;170;110;140;140;110;210;140;70;1;neurolog prywatnie chojnice
obiady chojnice;140;0.61;2;2021-06-22;140;110;170;140;140;140;170;210;140;170;90;110;1;obiad chojnice
bodzio chojnice;140;0.58;2;2021-03-11;210;170;140;110;70;90;110;140;140;140;140;140;0
poczta chojnice towarowa;140;0.0;3;2021-03-11;110;170;170;170;110;140;110;140;140;170;140;170;1;poczta towarowa chojnice
mbank chojnice;140;0.0;2;2021-03-11;140;140;140;110;110;110;110;210;140;170;110;140;0
parafia matki boskiej fatimskiej chojnice;140;0.0;5;2021-03-11;140;140;170;210;140;110;110;140;140;170;90;170;2;chojnice parafia matki boskiej fatimskiej
parafia matki boskiej fatimskiej w chojnicach
gemini chojnice lekarze;140;0.0;3;2021-03-11;170;170;210;140;140;110;110;140;140;110;110;90;0
oslink chojnice;140;0.0;2;2021-03-11;210;140;140;140;70;170;90;90;110;170;170;140;0
szopińscy chojnice;140;0.0;2;2022-08-01;170;110;110;110;90;140;140;140;170;140;210;170;0
tatuaże chojnice;140;0.0;2;2021-03-11;140;110;110;140;170;210;320;210;90;90;90;110;0
metro chojnice;140;0.0;2;2021-03-11;90;140;140;140;140;170;170;140;110;110;110;110;0
neurochirurg chojnice prywatnie;140;0.0;3;2021-03-10;170;170;140;210;170;170;110;110;140;140;140;110;0
krzysztof żywicki chojnice;140;0.0;3;2021-03-10;140;140;170;170;140;170;170;140;70;110;140;170;0
wodnik chojnice;140;0.0;2;2021-03-11;90;170;140;170;170;170;140;140;110;90;90;90;0
auto komis chojnice;140;0.25;3;2021-03-11;170;110;170;170;170;110;170;210;90;140;110;110;1;chojnice auto komis
pko bp chojnice;140;0.0;3;2021-03-11;110;110;170;110;110;140;170;170;140;140;140;90;0
olx chojnice oddam za darmo;140;0.0;5;2021-06-22;140;140;170;170;210;140;140;90;110;110;110;90;1;olx oddam za darmo chojnice
therapeutica chojnice rejestracja;140;0.0;3;2021-03-11;210;140;110;90;90;90;140;170;170;140;70;140;0
usg chojnice;140;0.0;2;2021-03-11;170;170;140;170;170;170;140;90;140;110;140;90;0
gościniec chojnice menu;140;0.0;3;2021-03-11;170;170;210;140;140;110;110;110;140;140;110;140;0
pulmonolog chojnice prywatnie;140;0.0;3;2021-03-11;140;90;170;110;70;90;110;110;90;90;90;90;0
blatpol chojnice;140;0.0;2;2025-11-27;140;140;140;140;110;90;110;110;170;210;110;170;0
dni chojnic 2025;140;0.0;3;2025-05-14;480;260;390;480;0;0;0;0;0;0;0;0;0
autos chojnice części do samochodów ciężarowych;140;0.0;6;2025-05-20;90;110;110;140;90;90;170;170;170;110;110;110;0
plus chojnice;140;3.28;2;2021-03-11;110;140;140;140;170;170;170;170;170;110;140;110;0
brw chojnice;140;0.94;2;2021-03-11;110;140;110;170;140;170;170;170;140;140;170;170;0
abra meble chojnice;140;0.45;3;2021-06-22;140;90;140;170;140;170;170;170;140;170;140;170;2;meble abra chojnice
meble chojnice abra
chojniczanka chojnice zgody;140;0.0;3;2021-03-11;140;170;50;110;50;90;70;260;50;140;320;70;0
zawodówka chojnice;140;0.0;2;2021-03-11;210;210;170;210;170;90;90;50;50;110;110;90;0
pizzeria wenecka chojnice;140;0.0;3;2021-06-22;170;210;170;170;170;170;110;140;90;110;170;110;1;pizzeria chojnice wenecka
sklep budowlany chojnice;140;0.48;3;2021-03-11;170;140;170;140;110;140;110;110;110;90;110;140;1;sklepy budowlane chojnice
strzelecka chojnice;140;0.0;2;2025-03-18;140;140;170;170;140;140;140;140;140;110;140;140;0
bank pko chojnice;140;0.0;3;2021-03-11;140;140;140;110;140;110;140;140;90;110;140;90;0
zachód słońca chojnice;140;0.0;3;2025-12-19;110;140;170;140;140;110;110;140;210;170;90;70;0
bip gmina chojnice;140;0.0;3;2021-06-22;210;140;140;170;170;140;110;140;140;140;170;140;2;gmina chojnice bip
bip chojnice gmina
tor kartingowy chojnice;140;0.0;3;2021-06-22;170;140;210;210;90;90;110;110;140;110;90;90;1;chojnice tor kartingowy
media markt chojnice;140;1.79;3;2021-03-11;170;110;110;140;90;110;170;260;140;110;70;110;0
sołtysiak chojnice;140;0.0;2;2021-03-11;140;170;170;140;140;140;170;170;110;90;90;110;0
przychodnia therapeutica chojnice;140;0.0;3;2021-03-11;70;70;90;110;210;170;140;140;170;170;210;170;0
radio weekend chojnice ogłoszenia;140;0.0;4;2021-03-10;170;170;140;170;90;110;140;110;110;140;110;90;0
vobis chojnice;140;0.0;2;2021-03-11;140;170;170;140;140;140;170;140;140;140;140;110;0
złotnik chojnice;140;0.0;2;2021-04-21;170;140;140;110;140;140;140;210;140;140;170;140;0
ratusz chojnice;140;0.0;2;2021-06-22;140;140;110;170;170;170;170;140;170;170;170;110;1;chojnice ratusz
liceum ogólnokształcące chojnice;140;0.0;3;2021-03-10;170;140;140;110;140;140;140;110;140;140;210;170;1;i liceum ogólnokształcące w chojnicach
spomlek chojnice;140;0.0;2;2021-03-10;110;110;140;90;110;110;110;110;110;140;170;170;0
szkoła zawodowa chojnice;140;0.0;3;2021-03-11;170;110;140;140;210;210;170;210;320;110;90;70;0
palarnia kawy chojnice;140;0.83;3;2026-03-05;140;90;90;70;90;90;110;110;140;140;210;320;0
inpost chojnice;140;0.75;2;2021-03-10;140;110;140;140;140;140;140;170;140;110;170;110;0
u daniela chojnice;140;0.0;3;2021-03-10;110;170;170;140;140;110;110;140;140;90;110;140;0
centrum edukacyjno wdrożeniowe chojnice;140;0.0;4;2021-03-10;170;70;170;140;170;140;70;90;110;170;260;90;0
chojnice info;140;0.0;2;2021-03-10;140;170;140;140;140;140;90;140;140;110;140;90;0
powiatowy urząd pracy chojnice;140;0.0;4;2021-03-10;90;110;110;140;170;140;170;110;170;210;170;140;1;powiatowy urząd pracy w chojnicach
pomerania chojnice plan zajęć;140;0.0;4;2021-03-10;140;70;20;30;140;260;210;140;210;210;210;210;0
wynajem chojnice;140;1.8;2;2021-03-11;90;110;90;70;90;90;110;320;140;480;110;40;0
reserved chojnice;140;0.03;2;2021-03-11;140;170;140;90;140;110;170;140;90;110;140;140;0
wpłatomat chojnice;140;0.0;2;2021-03-11;140;110;110;140;140;110;110;140;140;210;110;170;0
chojnice co warto zobaczyć;140;0.0;4;2021-03-11;210;320;390;140;50;70;40;50;70;50;70;170;0
auto szrot chojnice;140;1.91;3;2021-03-11;140;140;140;140;110;110;110;140;170;260;170;140;0
pellet chojnice;140;0.55;2;2026-06-25;210;140;210;90;140;140;90;90;50;110;110;170;0
kawalerka chojnice wynajem;140;0.41;3;2021-06-22;90;140;90;210;110;170;90;110;110;140;140;170;2;wynajem kawalerki chojnice
kawalerka wynajem chojnice
kilimandżaro chojnice;140;0.0;2;2021-03-11;140;110;140;260;210;170;70;90;90;140;90;70;0
wywóz śmieci chojnice;140;0.0;3;2021-03-11;110;140;170;170;170;110;140;170;110;210;140;140;1;wywoz smieci chojnice
szpital chojnice oferty pracy;140;0.0;4;2021-03-11;210;210;210;260;260;110;70;140;110;90;40;30;0
pielęgniarstwo chojnice;140;0.79;2;2021-03-11;210;210;170;210;110;70;70;110;90;110;90;140;0
google maps chojnice;140;0.0;3;2021-03-11;170;170;140;140;170;140;110;110;140;140;140;140;1;chojnice google maps
kominki chojnice;140;0.7;2;2021-03-11;110;90;110;110;170;170;140;170;170;210;140;70;0
ekomel chojnice;140;0.0;2;2021-03-11;110;140;110;140;110;90;110;110;140;210;140;110;0
bar mleczny smakosz chojnice;140;0.0;4;2021-03-11;110;170;210;140;140;170;140;110;110;110;70;110;0
mieszkania chojnice na sprzedaż;140;0.12;4;2025-04-25;110;70;90;70;140;170;140;170;170;260;170;170;0
prawnik chojnice;140;1.9;2;2021-03-11;110;170;110;140;140;140;110;110;140;170;140;90;1;prawnicy chojnice
www chojniczanka chojnice pl;140;0.0;4;2021-03-11;90;210;90;170;170;170;70;170;140;90;90;110;0
jysk chojnice godziny otwarcia;140;1.15;4;2021-06-22;90;90;140;90;110;170;260;140;110;170;170;140;2;jysk godziny otwarcia chojnice
godziny otwarcia jysk chojnice
psi fryzjer chojnice;140;0.0;3;2021-06-22;140;140;110;110;110;170;90;170;140;320;170;170;1;fryzjer psi chojnice
wynajem busa chojnice;140;0.8;3;2021-03-11;170;140;110;90;110;140;170;170;260;140;170;90;1;wynajem busów chojnice
pogoda 16 dniowa chojnice;110;0.0;4;2021-06-03;90;90;110;170;140;210;170;140;70;90;110;110;0
pks chojnice bilet miesięczny;110;0.0;4;2021-07-01;140;90;70;70;90;10;20;210;170;170;110;90;0
człuchów chojnice rozkład jazdy;110;0.0;4;2022-02-17;110;70;110;90;50;70;170;170;210;110;90;70;0
paczkomat inpost chojnice;110;0.0;3;2022-04-13;90;110;90;70;170;140;90;140;140;90;140;170;0
domy modułowe chojnice mtb;110;0.49;4;2022-03-26;70;90;110;170;140;90;140;90;90;90;90;50;0
miasto na trasie piła chojnice;110;0.0;3;2023-03-22;90;70;50;50;30;70;30;260;260;210;140;70;0
wystawa psów chojnice 2022;110;0.0;4;2023-05-08;10;10;10;10;20;40;880;110;40;40;90;40;0
bar chiński chojnice;110;0.0;3;2022-07-29;210;110;110;90;140;90;110;170;110;110;110;110;0
młodzieżowa 35 chojnice;110;0.0;3;2022-07-10;110;110;110;90;90;90;140;110;90;90;140;70;0
siepomaga aleks chojnice;110;0.0;3;2022-07-10;10;10;20;320;210;320;390;10;10;10;10;10;0
randka chojnice;110;1.59;2;2022-11-21;70;50;90;110;90;110;90;110;140;260;140;110;0
dobry kardiolog chojnice;110;0.0;3;2022-11-08;110;110;140;110;110;110;110;110;140;50;50;50;0
źródełko chojnice;110;0.0;2;2022-09-20;110;110;90;110;170;170;110;210;70;110;90;140;0
hydraulik chojnice przemysłowa;110;0.0;3;2023-03-20;70;50;70;110;140;170;210;170;170;90;110;70;0
doktor oko chojnice;110;0.0;3;2023-05-20;110;110;140;110;110;110;110;140;140;110;140;110;0
sepolno chojnice;110;0.0;2;2023-05-20;110;90;140;260;140;140;140;90;40;50;90;110;0
marimar chojnice menu;110;0.0;3;2023-05-21;140;140;170;140;90;110;50;90;110;90;110;170;0
presto stal chojnice;110;0.0;3;2023-07-24;90;110;110;140;110;140;140;90;90;90;90;70;0
medycyna estetyczna chojnice cennik;110;0.91;4;2023-06-28;140;140;170;110;110;70;70;90;70;90;90;90;0
technikum nr 3 chojnice e dziennik;110;0.0;4;2023-11-14;90;210;170;210;90;70;20;20;260;90;110;110;0
abc chojnice;110;0.0;2;2023-12-20;110;90;90;140;110;110;90;140;110;110;110;110;0
inteligentny trening chojnice;110;0.0;3;2024-07-04;170;170;170;140;140;50;50;90;70;90;110;110;0
plastyka powiek chojnice;110;1.23;3;2024-01-03;140;170;170;110;110;50;70;110;170;50;110;90;0
skład węgla chojnice;110;0.0;3;2021-03-10;110;90;90;50;140;70;110;170;210;110;90;110;1;składy węgla chojnice
kantor carrefour chojnice;110;0.0;3;2021-06-22;70;70;70;90;90;140;210;110;110;110;90;90;3;kantor chojnice carrefour
carrefour chojnice kantor
carrefour kantor chojnice
tczew chojnice pkp;110;0.0;3;2021-06-22;90;90;140;90;70;110;140;110;90;90;90;90;2;pkp tczew chojnice
pkp chojnice tczew
chojnice sklepy;110;0.0;2;2021-06-22;70;70;110;140;110;110;170;210;90;90;90;110;1;sklepy chojnice
brunka chojnice;110;0.0;2;2021-03-11;110;110;140;140;110;90;110;110;140;70;90;110;0
ceny złomu chojnice;110;0.0;3;2021-03-11;90;90;90;90;110;110;140;110;140;90;70;90;0
galeria handlowa chojnice;110;0.0;3;2021-03-11;40;90;70;40;170;140;170;210;110;90;90;110;1;chojnice galeria handlowa
porożyński chojnice;110;0.0;2;2021-03-11;140;110;140;70;140;110;70;90;140;140;110;140;0
chojnice weterynarz calodobowo;110;0.0;3;2021-03-11;70;90;140;140;110;90;140;110;90;110;90;70;0
działki rod chojnice;110;0.02;3;2021-03-11;70;90;170;320;110;110;90;140;90;90;50;50;0
olx mieszkania na wynajem chojnice;110;0.0;4;2021-06-22;90;110;170;90;110;90;40;140;140;170;90;70;1;olx mieszkania chojnice wynajem
husqvarna chojnice;110;0.0;2;2021-03-11;90;90;140;140;170;110;90;110;110;90;90;90;0
pogoda icm chojnice;110;0.0;3;2021-06-22;110;140;110;70;140;140;140;170;90;50;50;90;2;pogoda chojnice icm
icm pogoda chojnice
rtv agd chojnice;110;2.72;3;2021-06-22;90;90;110;110;90;70;110;110;140;110;110;170;1;agd rtv chojnice
herb chojnic;110;0.0;2;2021-06-22;110;90;140;110;140;90;110;110;90;90;210;90;1;chojnice herb
technikum 3 chojnice;110;0.0;2;2021-03-11;90;90;90;90;210;110;90;110;210;110;90;90;0
mzk chojnice 7;110;0.0;2;2021-03-11;90;140;110;110;90;70;110;110;110;90;70;140;0
therapeutica chojnice godziny otwarcia;110;0.0;4;2021-03-11;70;90;170;170;170;90;70;70;110;110;50;50;0
szpital specjalistyczny chojnice;110;0.0;3;2021-03-11;140;140;140;90;110;90;90;110;170;110;110;110;2;szpital specjalistyczny w chojnicach
chojnice szpital specjalistyczny
sklep bhp chojnice;110;1.02;3;2021-03-11;70;90;110;110;110;140;110;70;140;90;110;70;0
policja chojnice poszukiwani;110;0.0;3;2021-03-11;170;90;110;170;70;10;90;140;90;110;110;90;0
elektromechanik chojnice;110;0.0;2;2021-03-11;110;110;170;110;110;110;140;110;210;70;90;110;1;elektromechanika chojnice
dworzec pks chojnice;110;0.0;3;2021-03-11;110;90;90;90;70;90;140;210;140;140;90;90;1;chojnice dworzec pks
hurtownia papiernicza chojnice;110;0.0;3;2021-03-11;110;170;70;110;90;90;90;140;170;90;90;140;0
senso chojnice;110;0.0;2;2021-03-11;140;110;140;140;170;110;140;110;110;110;110;90;0
samochody używane chojnice;110;0.42;3;2021-06-22;170;140;110;110;170;110;110;90;140;140;140;90;2;chojnice samochody używane
używane samochody chojnice
osir chojnice;110;0.0;2;2021-03-11;170;260;140;70;90;110;70;30;50;110;140;70;0
straż chojnice;110;0.0;2;2021-03-11;210;170;90;70;140;70;40;30;50;90;110;170;0
h&m chojnice;110;0.0;2;2021-03-11;70;70;70;110;110;110;90;110;110;140;110;170;0
credit agricole chojnice;110;9.75;3;2021-03-11;140;140;110;110;110;110;110;110;110;110;110;110;0
prognoza długoterminowa chojnice;110;0.0;3;2021-03-11;90;110;170;140;140;110;170;90;70;70;90;110;0
dyskoteka chojnice;110;0.0;2;2021-06-22;140;140;70;140;90;90;110;110;110;110;70;70;1;chojnice dyskoteka
restauracja słoneczna chojnice;110;0.0;3;2021-03-11;110;140;140;90;90;70;110;70;70;110;90;140;0
szkoła zawodowa nr 2 chojnice;110;0.0;3;2021-03-11;110;140;140;90;90;70;90;50;210;50;70;170;1;szkoła zawodowa nr 2 w chojnicach
tupajka chojnice;110;0.0;2;2021-03-11;110;90;90;110;90;110;110;90;110;110;90;110;0
mleczarnia chojnice;110;0.0;2;2021-03-11;110;170;110;90;110;110;90;110;140;140;110;90;0
raftrans chojnice;110;0.21;2;2021-03-11;90;110;110;90;170;110;110;140;110;110;90;90;0
fryzjer męski chojnice;110;0.0;3;2021-03-11;70;70;90;90;90;170;170;260;170;70;40;70;0
starostwo chojnice praca;110;0.07;3;2021-03-11;140;110;110;170;140;90;90;110;170;50;70;40;0
klo chojnice;110;0.0;2;2021-03-11;70;90;110;70;90;90;30;50;170;260;170;110;0
chojnice warszawa;110;0.59;2;2021-03-11;110;90;110;90;110;110;170;140;140;140;90;110;0
therapeutica chojnice specjalisci;110;0.0;3;2021-03-11;110;110;110;110;90;50;30;90;110;90;260;140;0
radio taxi chojnice;110;0.0;3;2021-03-11;90;90;110;110;90;90;90;90;110;140;110;140;0
babińska chojnice;110;0.0;2;2021-03-11;90;110;110;110;70;110;90;110;110;90;90;110;0
bydgoszcz chojnice;110;0.0;2;2021-03-11;140;140;140;110;70;140;140;170;140;110;70;90;1;chojnice bydgoszcz
takko chojnice;110;0.0;2;2021-03-11;110;110;140;140;110;70;70;110;170;170;90;90;0
parafia ostrowite koło chojnic;110;0.0;3;2021-03-11;170;50;50;70;90;110;90;90;70;210;110;110;1;parafia ostrowite k chojnic
fale loki koki chojnice;110;0.38;4;2021-03-11;90;70;110;140;90;110;110;90;90;110;110;140;0
doz chojnice;110;0.0;2;2021-03-11;140;140;170;140;170;110;140;50;110;90;90;110;0
greko chojnice;110;0.0;2;2021-03-11;140;110;140;90;90;140;140;140;110;140;110;110;0
neurolog chojnice nfz;110;0.0;3;2021-03-11;110;140;170;110;140;140;110;110;110;110;110;90;0
apart chojnice;110;0.55;2;2021-03-11;90;110;90;90;110;70;140;140;70;90;140;260;0
nowa cerkiew chojnice;110;0.0;3;2021-06-22;70;110;110;140;140;110;170;170;110;110;140;110;1;nowa cerkiew koło chojnic
architekci chojnice;110;1.92;2;2021-06-22;210;110;260;210;70;70;70;90;140;90;90;70;1;architekt chojnice
motocykle chojnice;110;0.0;2;2021-03-11;320;110;90;70;70;50;50;110;70;50;110;210;0
studio tatuażu chojnice;110;1.64;3;2021-03-11;110;90;90;90;140;170;260;140;90;110;90;50;1;studio tatuaży chojnice
przychodnia chojnice kościerska lekarze;110;0.0;4;2021-03-11;170;170;140;90;90;90;90;90;70;90;110;110;0
tyszkiewicz nieruchomości chojnice;110;0.57;3;2021-03-11;70;110;140;110;110;110;110;90;110;140;110;90;0
tbs chojnice;110;0.0;2;2021-03-11;110;90;140;110;140;70;90;110;110;140;110;90;0
pkp chojnice gdańsk;110;0.0;3;2021-06-22;110;70;110;110;90;110;140;140;90;70;90;90;3;pkp gdańsk chojnice
chojnice gdańsk pkp
gdańsk chojnice pkp
sprzedam mieszkanie chojnice;110;0.11;3;2021-03-11;90;70;110;110;70;140;90;110;110;170;90;140;1;chojnice sprzedam mieszkanie
kopel chojnice;110;0.0;2;2021-03-11;110;90;110;90;90;110;110;90;90;140;210;110;0
fara chojnice;110;0.0;2;2021-03-11;110;110;110;170;90;90;90;110;90;170;110;140;0
praca chojnice i okolice;110;0.22;3;2021-06-22;140;110;110;110;90;70;110;210;260;110;70;70;2;praca w chojnicach i okolicach
praca chojnice okolice
komenda policji chojnice;110;0.0;3;2021-03-11;110;140;140;110;140;110;90;110;110;90;110;110;0
dolina śmierci chojnice;110;0.0;3;2021-03-11;110;70;110;90;140;110;90;260;170;90;90;70;0
relaks chojnice;110;3.32;2;2021-03-11;90;110;140;140;110;70;90;90;90;90;110;70;0
plac zabaw chojnice;110;0.0;3;2021-03-10;70;90;110;140;210;140;210;210;90;50;40;20;1;place zabaw chojnice
stacja paliw chojnice;110;0.0;3;2021-03-10;140;70;70;140;110;90;140;140;110;90;110;90;0
chojnice mapa polski;110;0.0;3;2021-06-22;90;140;140;140;170;90;140;110;140;110;90;70;4;mapa polski chojnice
chojnice na mapie polski
chojnice polska mapa
mapa polski miasto chojnice
chojnice informacje;110;0.0;2;2021-06-22;110;90;90;90;110;90;140;170;90;140;90;140;1;informacje o chojnicach
technikum nr 2 chojnice kierunki;110;0.0;3;2021-03-11;110;140;140;210;170;70;140;40;110;50;50;50;0
żłobek miejski chojnice;110;0.0;3;2021-03-11;90;110;110;90;170;90;70;170;210;40;40;20;0
turex chojnice;110;0.0;2;2021-07-26;90;90;110;260;110;140;140;110;90;110;90;90;0
armada chojnice;110;0.0;2;2021-03-11;110;170;140;140;110;70;110;90;70;70;90;90;0
nauka jazdy chojnice;110;0.0;3;2021-03-11;70;90;70;90;210;110;210;210;140;90;50;40;0
komnet chojnice;110;0.0;2;2021-03-11;140;110;140;90;110;110;110;90;90;90;110;90;0
tanie noclegi chojnice;110;0.45;3;2021-03-10;50;90;70;90;140;110;210;140;110;110;110;70;3;chojnice tanie noclegi
tanie noclegi w chojnicach
chojnice noclegi tanie
wyższa szkoła gospodarki chojnice;110;0.0;4;2021-03-10;140;110;90;170;70;140;70;70;90;170;140;70;1;wyższa szkoła gospodarki w chojnicach
bagietka chojnice godziny otwarcia;110;0.0;4;2021-03-10;170;70;110;90;140;90;90;110;110;70;90;110;0
pogodynka chojnice;110;0.0;2;2021-03-11;140;90;90;140;170;140;140;140;110;90;70;70;0
esotiq chojnice;110;3.24;2;2021-03-11;140;70;70;50;90;90;210;110;70;70;90;170;0
hurtownia hydraulik chojnice;110;0.0;3;2021-03-11;70;140;110;170;140;90;170;110;140;140;90;90;0
chojnice com najnowsze informacje z miasta i regionu;110;0.0;8;2021-03-11;110;90;140;110;90;110;110;140;110;110;90;90;0
szkoła chojnice;110;0.0;2;2021-03-11;90;110;140;140;140;90;90;70;110;90;170;50;1;szkoły chojnice
szkoła nr 5 chojnice;110;0.0;4;2021-03-11;110;140;110;140;90;140;40;90;210;110;90;90;0
lodowisko chojnice;110;0.0;2;2021-06-22;390;140;20;20;10;10;10;10;20;50;140;480;1;chojnice lodowisko
weekend pl chojnice;110;0.0;3;2021-06-22;170;140;140;110;110;140;70;140;140;140;140;110;2;weekend chojnice pl
chojnice weekend pl
świat śrub chojnice;110;0.0;3;2021-03-11;90;90;110;140;170;110;110;140;110;90;90;90;0
wesołe przedszkolaki chojnice;110;0.0;3;2021-03-11;170;90;140;110;70;90;40;40;140;110;110;140;0
ogłoszenia parafialne mbkp chojnice;110;0.0;4;2021-03-11;140;140;170;90;90;110;90;90;90;110;140;140;0
enea chojnice telefon;110;0.0;3;2021-03-11;40;50;30;30;20;50;20;40;140;110;90;40;0
piw chojnice;110;0.0;2;2021-03-11;110;90;70;50;90;140;140;90;90;90;170;260;0
pulmonolog chojnice;110;0.0;2;2021-03-11;90;110;110;90;110;110;90;90;140;140;260;110;0
piętro wyżej chojnice;110;0.0;3;2021-03-11;90;110;70;140;320;170;90;110;110;110;90;70;0
szklarz chojnice;110;0.0;2;2021-03-11;110;90;140;140;90;110;110;110;90;90;140;110;0
polbruk chojnice;110;0.0;2;2021-03-11;170;140;110;140;110;90;90;70;50;70;170;140;0
hurtownia budowlana chojnice;110;1.56;3;2021-03-11;140;110;140;170;110;90;110;70;110;70;170;170;0
galeria chojnice godziny otwarcia;110;0.0;4;2021-03-11;110;140;140;170;90;70;70;260;90;50;110;90;0
mops chojnice kontakt;110;0.0;3;2021-03-11;110;70;70;90;70;70;90;140;210;170;170;140;0
hurtownie budowlane chojnice;110;1.56;3;2021-03-11;140;110;140;170;110;90;110;70;110;70;170;170;0
agencja restrukturyzacji i modernizacji rolnictwa chojnice;110;0.0;6;2021-04-25;140;140;70;110;110;90;70;140;110;140;110;170;0
wieczysta kraków chojniczanka chojnice mecze;110;0.0;5;2025-10-21;0;0;0;0;0;1300;30;10;10;0;0;0;0
szpital chojnice odwiedziny;110;0.0;3;2026-03-23;140;110;110;90;110;110;110;50;50;140;140;110;0
ogrol chojnice;110;0.0;2;2021-03-11;140;320;210;260;210;210;140;110;170;210;170;140;0
ug chojnice;110;0.0;2;2021-03-11;140;170;140;140;140;140;140;110;110;140;110;110;0
apteka centrum zdrowia chojnice;110;0.0;4;2021-03-10;140;140;110;110;140;90;140;140;90;110;170;110;0
jubiler karat chojnice;110;1.52;3;2021-06-22;140;110;90;90;70;70;90;210;90;110;90;70;1;jubiler chojnice karat
spa chojnice;110;0.54;2;2021-06-22;140;70;110;90;90;90;90;140;140;110;110;70;2;chojnice spa
spa koło chojnic
chojnice jezioro;110;0.0;2;2021-03-10;140;170;260;260;70;50;50;40;50;50;90;90;0
mks chojniczanka chojnice;110;0.0;3;2021-03-11;170;140;170;170;90;70;70;50;70;70;90;50;0
sport club chojnice;110;2.19;3;2021-03-10;140;90;90;110;140;110;90;90;70;110;90;70;0
zss chojnice;110;0.0;2;2021-03-11;170;140;110;110;140;90;110;170;90;110;90;90;0
chojnice ogłoszenia;110;0.59;2;2021-06-22;140;110;110;110;90;110;110;90;140;90;110;110;1;ogłoszenia chojnice
polcom chojnice;110;0.0;2;2021-03-11;170;210;170;170;140;210;170;110;170;140;140;140;0
firma budowlana chojnice;110;2.06;3;2021-03-11;30;90;50;90;90;70;70;30;20;50;50;20;2;firmy budowlane chojnice
chojnice firmy budowlane
day spa chojnice;110;0.0;3;2021-03-10;140;110;140;140;110;90;90;110;90;70;140;70;0
pkp chojnice bydgoszcz;110;0.14;3;2021-06-22;90;70;110;140;170;110;90;90;110;50;110;90;2;pkp bydgoszcz chojnice
chojnice bydgoszcz pkp
kostka brukowa chojnice;110;0.68;3;2021-03-10;140;140;110;110;140;70;70;50;30;50;210;170;1;chojnice kostka brukowa
przedszkole bajka chojnice;110;0.0;3;2021-03-11;110;50;110;110;110;70;70;110;110;170;90;90;2;bajka przedszkole chojnice
przedszkole bajka w chojnicach
czateria chojnice;110;0.0;2;2021-03-11;90;110;110;110;110;70;140;110;110;140;70;70;0
auto handel chojnice;110;0.23;3;2021-03-11;70;110;110;90;70;90;70;110;90;210;110;140;1;chojnice auto handel
dom na wynajem chojnice;110;0.12;4;2021-03-31;110;110;140;110;90;70;70;90;110;140;110;110;1;domy na wynajem chojnice
badania krwi chojnice;110;2.5;3;2024-07-04;70;90;70;110;90;110;70;140;140;210;140;170;0
nowe mieszkanie chojnice;110;1.26;3;2025-04-27;50;70;70;70;70;70;90;140;140;170;170;140;0
eurocash chojnice;110;0.0;2;2021-03-11;170;170;210;110;110;110;140;90;70;140;110;110;0
agroma chojnice;110;4.77;2;2021-03-11;140;140;210;140;90;70;50;70;70;140;90;110;0
kominiarz chojnice;110;0.0;2;2021-03-11;70;90;90;140;170;140;140;140;140;140;90;50;0
pub chojnice;110;0.0;2;2021-03-11;50;70;110;90;140;90;90;90;140;210;140;90;0
sambor chojnice;110;0.0;2;2021-03-11;170;170;110;140;110;110;90;90;90;110;110;140;0
arimr chojnice;110;0.0;2;2021-03-11;140;140;70;110;110;90;70;140;110;140;110;170;0
przychodnia nova chojnice lekarze;110;0.0;4;2021-03-11;50;70;70;110;110;110;110;140;140;170;110;110;0
fotowoltaika chojnice;110;5.43;2;2021-06-22;70;70;90;90;90;170;70;90;140;210;210;170;1;chojnice fotowoltaika
drzwi chojnice;110;1.82;2;2021-03-11;70;70;70;70;70;90;90;110;140;210;140;110;0
mieszkanie chojnice sprzedaż;110;0.08;3;2025-04-27;70;110;90;110;70;90;50;110;90;170;140;140;0
tablica chojnice;110;0.0;2;2021-03-11;110;70;140;110;140;140;50;140;70;70;70;90;1;chojnice tablica
mieszkania na sprzedaż chojnice osiedle pogodne;110;0.32;6;2025-04-25;90;90;110;90;90;90;70;110;110;140;110;110;0
domki modułowe chojnice;110;0.8;3;2024-09-03;110;90;90;90;90;70;70;70;110;170;170;110;0
nowe mieszkania chojnice;110;1.26;3;2021-06-22;50;70;70;70;70;70;90;140;140;170;170;140;2;nowe mieszkania w chojnicach
mieszkania chojnice nowe
medycyna estetyczna chojnice;110;0.0;3;2021-03-11;70;70;70;70;110;110;70;110;110;170;140;110;0
kawalerka chojnice;110;0.1;2;2021-03-11;90;90;90;110;90;70;90;110;140;170;110;110;0
części samochodowe chojnice;110;0.0;3;2021-03-10;110;110;140;110;90;90;90;140;110;110;90;110;0
chojnice atrakcje na weekend;90;0.0;3;2021-07-07;70;90;40;110;70;90;170;140;70;50;40;20;0
biedronka godziny otwarcia chojnice;90;0.0;4;2021-05-27;90;50;70;170;70;110;110;110;50;70;40;140;0
delikatesy centrum chojnice;90;0.0;3;2021-05-27;90;70;50;90;70;70;90;90;90;110;50;110;0
progi punktowe do liceum chojnice;90;0.0;4;2021-06-21;40;30;70;50;140;50;480;50;30;10;20;40;0
plan lekcji katolik chojnice;90;0.0;4;2021-06-25;70;110;90;90;110;50;10;20;170;140;70;70;0
czesci samochodowe chojnice;90;0.0;3;2021-06-23;70;70;70;70;110;210;140;70;50;70;50;50;0
osk chojnice;90;0.0;2;2021-05-26;140;70;50;70;140;90;90;110;90;50;70;40;0
szpital chojnice laryngolog;90;0.0;3;2021-05-25;90;110;110;90;90;70;110;90;90;70;50;40;0
chirurg naczyniowy chojnice prywatnie;90;0.0;4;2021-09-02;90;90;140;90;140;90;170;50;70;70;50;50;0
cena złomu chojnice;90;0.0;3;2021-07-27;90;90;90;90;90;70;70;70;50;90;70;90;0
medyczna szkoła policealna chojnice;90;1.74;4;2021-07-24;70;50;90;50;90;110;70;90;170;170;110;90;0
bus chojnice;90;0.25;2;2021-07-01;90;70;90;90;90;90;140;110;70;90;70;50;0
grobonet chojnice;90;0.0;2;2022-02-08;90;70;90;90;90;70;110;90;70;170;170;70;0
pks chojnice bydgoszcz rozkład jazdy;90;0.43;5;2022-02-08;70;50;70;50;90;90;110;140;260;70;40;20;0
stomatologia drozd chojnice;90;0.0;3;2022-02-08;110;140;110;90;70;70;110;90;70;90;110;90;0
nowaczyk chojnice;90;0.0;2;2022-02-08;110;110;70;90;90;50;110;50;30;110;90;110;0
akumulator chojnice;90;0.66;2;2022-02-17;50;170;70;50;50;50;70;70;50;70;90;170;0
pociągi tuchola chojnice;90;0.0;3;2022-02-17;90;70;90;90;70;70;140;110;70;70;70;70;0
mtb modules chojnice opinie;90;0.0;4;2022-02-08;110;70;90;110;110;50;70;90;110;70;50;70;0
prawo jazdy chojnice cennik;90;0.0;4;2022-04-13;110;110;70;70;110;90;110;110;90;30;30;40;0
hallo taxi chojnice numer telefonu;90;0.0;5;2023-05-12;50;90;90;70;70;90;90;140;110;50;110;140;0
kurs chojnice;90;0.27;2;2022-08-26;110;70;110;90;90;90;90;140;90;70;70;70;0
dentysta chojnice weekendy;90;0.0;3;2022-07-10;90;30;50;90;90;90;110;110;90;50;50;70;0
inter team chojnice;90;0.0;3;2022-08-03;70;210;140;70;110;90;70;70;50;50;50;70;0
kurs euro chojnice plac jagielloński;90;0.0;5;2022-08-24;70;110;140;110;90;90;110;110;170;40;90;70;0
adam kwaśny chojnice;90;0.0;3;2022-10-19;110;110;110;70;70;70;70;30;40;70;90;140;0
centrum nauk technicznych chojnice;90;0.0;4;2022-10-10;40;90;140;90;110;70;50;70;90;70;40;110;0
gastom chojnice;90;0.0;2;2023-05-20;90;210;70;90;70;90;70;140;170;110;70;20;0
kalinowski chojnice;90;0.0;2;2023-05-20;40;40;70;140;170;110;110;70;70;90;30;30;0
gdzie leżą chojnice;90;0.0;2;2023-03-13;50;70;90;90;50;50;90;140;70;50;50;170;0
hit praca chojnice;90;0.09;3;2023-06-05;110;110;140;140;50;30;70;50;70;70;50;50;0
marimar chojnice cennik;90;0.0;3;2023-05-21;110;90;110;90;90;70;70;50;50;50;90;110;0
psychiatra dziecięcy chojnice prywatnie;90;1.2;4;2023-12-08;90;90;90;70;90;110;70;90;110;110;110;50;0
zuzi chojnice;90;0.0;2;2023-09-01;170;170;140;90;50;50;30;140;90;110;90;70;0
stal chojnice;90;0.0;2;2023-07-24;90;110;140;90;110;110;110;90;70;70;50;50;0
przyjaciel piekarz chojnice;90;0.0;3;2023-10-23;90;90;90;170;50;70;90;110;70;70;140;50;0
dobry dermatolog chojnice;90;0.0;3;2023-10-19;70;50;90;90;110;110;140;170;140;50;40;40;0
estetyczna pani doktor chojnice;90;0.0;4;2023-11-23;210;110;110;110;70;70;70;70;40;70;10;30;0
chojnice kamera na żywo;90;0.0;3;2024-03-07;140;90;90;70;90;140;70;110;70;40;70;170;0
samochody osobowe olx chojnice;90;0.09;4;2024-05-24;70;30;90;50;140;140;110;140;110;110;50;50;0
gutkowski chojnice;90;0.0;2;2021-03-10;110;70;260;210;30;30;30;30;40;70;110;50;0
dentysta nfz chojnice;90;0.0;3;2021-03-11;140;140;140;110;70;90;70;50;90;90;70;70;2;dentysta chojnice nfz
dentysta na nfz chojnice
chojnice dworzec;90;0.0;2;2021-03-10;70;90;90;70;70;140;170;170;110;90;70;30;0
relax chojnice;90;1.42;2;2021-03-10;110;90;90;90;140;70;90;90;110;110;50;50;0
nieruchomości chojnice olx;90;0.04;3;2021-06-22;90;140;110;70;140;110;50;70;90;70;70;70;3;olx chojnice nieruchomości
olx chojnice nieruchomosci
olx nieruchomości chojnice
tbs chojnice mieszkania na wynajem;90;0.07;4;2021-03-11;90;90;140;110;90;70;90;110;70;50;50;50;0
komenda powiatowa policji w chojnicach;90;0.0;4;2021-03-11;90;140;110;90;90;90;110;90;90;110;90;70;0
chojnice tuchola;90;0.0;2;2021-03-11;90;70;90;90;110;90;110;110;110;140;90;70;1;tuchola chojnice
kurs euro kantor chojnice;90;0.0;4;2021-03-11;50;50;50;40;170;110;140;90;70;90;70;70;1;kantor chojnice kurs euro
urząd pracy w chojnicach;90;0.17;3;2021-06-22;90;110;210;90;50;40;50;50;70;90;90;90;1;urzad pracy w chojnicach
sklepy meblowe chojnice;90;0.09;3;2021-06-22;110;110;110;90;70;30;90;110;70;90;140;140;1;chojnice sklepy meblowe
chkż chojnice;90;0.0;2;2021-03-11;70;50;90;110;170;140;170;90;110;50;40;40;0
uni car chojnice;90;0.3;3;2021-03-11;140;170;140;90;90;50;70;70;90;70;110;90;0
hospicjum chojnice kaczmarek;90;0.0;3;2021-03-11;140;90;70;90;90;40;70;70;90;90;90;110;0
stencel chojnice;90;0.0;2;2021-03-11;70;50;90;90;110;90;110;90;70;50;90;50;0
rentgen chojnice;90;0.0;2;2021-03-11;90;90;110;70;90;90;70;110;210;90;90;70;0
stacja diagnostyczna chojnice;90;0.0;3;2021-03-11;90;50;90;110;110;140;170;70;90;70;90;40;0
laryngolog chojnice cennik;90;0.0;3;2021-03-11;140;140;140;70;90;70;70;110;90;50;50;50;0
oddam za darmo meble chojnice;90;0.0;4;2021-03-11;90;50;110;90;90;70;90;110;110;50;70;70;0
cukiernia sowa chojnice;90;0.0;3;2021-03-11;70;90;110;90;110;90;90;90;70;90;70;70;0
gospodarek chojnice;90;0.0;2;2021-03-11;50;90;170;140;110;90;70;90;110;90;70;90;0
park 1000 lecia chojnice;90;0.0;4;2021-03-11;30;30;40;90;110;170;260;90;110;70;40;20;0
dkf chojnice;90;0.0;2;2021-03-11;140;170;140;110;110;70;20;40;90;110;110;70;0
pogotowie stomatologiczne chojnice;90;0.34;3;2021-03-11;90;70;90;110;90;70;110;90;70;90;90;110;0
płytki chojnice;90;1.32;2;2021-03-11;110;110;90;70;110;170;90;140;70;50;70;70;0
szpital chojnice laryngologia;90;0.0;3;2021-03-11;90;110;110;90;90;70;110;90;40;70;50;40;1;chojnice szpital laryngologia
fryzjer dla psów chojnice;90;0.0;3;2021-03-11;50;90;70;90;90;70;140;140;50;50;30;70;0
firmy chojnice;90;0.0;2;2021-03-11;110;140;70;40;70;110;90;50;90;210;70;40;1;chojnice firmy
resler junior chojnice;90;0.0;3;2021-03-11;70;90;90;90;90;70;70;110;90;110;70;140;0
szkoła nr 3 chojnice;90;0.0;2;2021-03-11;70;110;110;90;90;90;50;90;110;170;110;70;0
szkoła językowa chojnice;90;2.16;3;2021-03-11;110;70;90;30;50;70;90;140;210;70;70;90;1;szkoły językowe chojnice
indeed praca chojnice;90;0.02;3;2021-06-22;50;140;140;110;70;50;70;110;110;140;50;30;1;praca chojnice indeed
vision express chojnice;90;1.51;3;2021-03-11;110;110;90;70;90;90;70;140;110;90;70;70;0
szklany dom chojnice;90;0.0;3;2021-06-22;110;90;90;110;70;110;90;110;90;70;110;90;1;szklane domy chojnice
bar mleczny chojnice menu;90;0.0;4;2021-03-11;50;40;70;30;70;90;170;140;170;70;50;30;0
meble na wymiar chojnice;90;0.98;3;2021-03-11;110;110;140;110;50;50;90;90;70;90;50;90;1;chojnice meble na wymiar
myjnia chojnice;90;0.0;2;2021-03-11;50;70;140;110;170;90;90;90;70;90;70;90;0
karat chojnice;90;0.0;2;2021-03-11;90;70;70;90;110;50;50;90;70;90;110;170;0
ekogroszek chojnice;90;1.17;2;2021-03-11;110;90;110;90;110;90;90;110;90;40;50;50;0
gmina chojnice kontakt;90;0.0;3;2021-03-11;70;70;110;70;70;90;70;70;70;170;170;90;0
hurtownie stali chojnice;90;1.95;3;2021-03-11;90;110;110;90;110;110;140;110;70;90;70;50;0
enea chojnice awarie;90;0.0;3;2021-03-11;70;90;70;20;90;50;390;90;70;50;70;70;0
serwis agd chojnice;90;0.33;3;2021-03-11;110;110;90;70;70;90;140;90;90;90;170;70;0
protetyk chojnice;90;0.0;2;2021-06-22;110;110;140;70;50;70;90;50;70;70;70;50;2;protetyka chojnice
protetycy chojnice
pediatra chojnice;90;0.0;2;2021-03-11;110;90;90;70;90;70;70;90;50;70;70;170;0
targowisko chojnice;90;0.0;2;2021-03-11;70;50;70;90;140;110;210;110;110;70;30;70;0
pokoje do wynajęcia chojnice;90;0.38;3;2021-03-11;140;110;90;70;70;140;140;140;70;40;70;90;1;chojnice pokoje do wynajęcia
burmistrz chojnic;90;0.0;2;2021-06-22;50;90;70;70;90;70;110;70;110;70;90;170;1;chojnice burmistrz
zol chojnice;90;0.0;2;2021-03-11;140;110;90;90;70;70;70;90;70;90;50;50;0
canpol chojnice;90;0.0;2;2021-03-11;90;70;90;140;110;110;170;140;70;70;50;50;0
dobry psychiatra chojnice;90;1.29;3;2021-03-11;140;90;110;90;70;90;70;90;110;70;110;70;0
działki budowlane chojnice;90;0.13;3;2021-03-11;110;90;90;90;90;70;110;140;110;70;70;90;2;działka budowlana chojnice
chojnice działki budowlane
pks chojnice bilety miesięczne;90;0.0;4;2021-06-22;140;90;70;70;70;20;10;140;110;170;110;90;1;bilety miesięczne pks chojnice
szkoła policealna chojnice;90;1.16;3;2021-03-11;70;90;70;50;110;140;140;170;140;90;90;30;1;chojnice szkoła policealna
fizjoterapeuta dziecięcy chojnice;90;0.0;3;2021-04-07;70;90;70;90;90;70;70;90;110;90;90;40;0
castorama chojnice godziny otwarcia;90;0.0;4;2021-03-11;70;90;70;90;90;110;110;90;70;90;70;90;0
sklep z sukienkami chojnice;90;0.0;3;2021-03-11;70;50;30;90;140;110;70;140;140;50;30;70;2;sklepy z sukienkami chojnice
chojnice sklepy z sukienkami
frisk chojnice zdjęcia;90;0.0;3;2021-06-22;110;70;50;90;70;70;70;70;50;90;140;170;1;chojnice frisk zdjecia
sklep rybny chojnice;90;0.0;3;2021-03-11;40;70;90;70;70;70;70;110;40;70;140;390;0
paczkomaty inpost chojnice;90;0.0;3;2021-03-11;90;110;90;70;50;40;50;40;70;90;140;170;0
praca biurowa chojnice;90;0.17;3;2021-03-11;70;70;70;90;90;90;110;90;70;110;70;30;0
parafia jadwiga chojnice;90;0.0;3;2021-03-11;110;50;90;140;70;70;70;110;70;70;90;110;0
poradnia ortopedyczna chojnice;90;0.0;3;2021-03-11;110;110;90;90;90;90;90;110;140;70;70;50;0
gastroskopia chojnice;90;0.0;2;2021-03-11;110;70;90;70;70;50;90;170;110;110;110;90;0
zus chojnice godziny otwarcia;90;0.0;4;2021-03-11;110;110;90;70;90;90;70;110;70;50;70;70;0
szkoła tańca chojnice;90;0.0;3;2021-03-11;90;90;70;90;70;70;90;90;170;70;90;50;0
praca dodatkowa chojnice;90;0.58;3;2021-03-11;140;140;110;50;90;90;90;90;90;90;90;50;2;chojnice praca dodatkowa
dodatkowa praca chojnice
rezonans chojnice;90;0.0;2;2021-03-11;110;90;140;90;90;110;90;90;110;90;90;90;1;chojnice rezonans
dobry fryzjer chojnice;90;0.0;3;2021-03-11;50;70;90;90;90;110;110;140;70;40;70;70;1;najlepszy fryzjer chojnice
sklep chiński chojnice;90;0.0;3;2021-03-11;70;70;90;140;70;90;140;90;90;110;90;110;1;chiński sklep chojnice
sala bankietowa chojnice;90;0.0;3;2021-06-22;140;70;90;90;110;70;50;140;170;90;90;70;2;chojnice sala bankietowa
sale bankietowe chojnice
pestka chojnice;90;0.0;2;2021-03-11;90;90;70;90;70;70;70;90;70;110;90;70;0
serwis komputerowy chojnice;90;0.0;3;2021-03-11;70;50;70;90;90;50;110;70;90;90;70;110;0
usg chojnice prywatnie;90;0.0;3;2021-06-22;110;110;140;110;90;70;110;110;50;70;90;70;1;usg prywatnie chojnice
hajduk chojnice;90;0.0;2;2021-03-11;90;70;110;110;70;70;70;90;70;90;70;90;0
kawalerki chojnice;90;0.12;2;2021-05-17;170;110;90;70;110;90;90;90;90;90;90;70;0
salon łazienek chojnice;90;0.38;3;2021-03-11;90;90;90;70;70;70;90;50;90;50;260;70;1;salony łazienek chojnice
kamieniarstwo chojnice;90;0.0;2;2021-03-11;40;70;90;170;110;50;70;70;90;140;70;50;0
neurochirurg chojnice nfz;90;0.0;3;2021-03-11;90;70;140;90;90;70;70;70;90;50;70;50;0
prokuratura chojnice;90;0.0;2;2021-03-11;90;90;90;90;90;90;90;70;70;90;90;140;0
taksówka chojnice;90;1.55;2;2021-03-11;70;110;90;70;40;90;90;90;170;170;70;90;0
materace chojnice;90;2.16;2;2021-06-22;110;140;70;90;70;90;90;110;90;90;140;70;2;chojnice materace
materace z chojnic
komis u daniela chojnice;90;0.0;4;2021-06-22;90;90;90;90;110;50;90;70;50;90;70;90;2;komis chojnice u daniela
u daniela komis chojnice
auto części chojnice;90;0.0;3;2021-03-11;110;90;90;70;140;110;110;90;70;90;70;90;0
maps chojnice;90;0.0;2;2021-03-10;90;90;90;110;90;110;90;70;90;70;50;70;0
trio meble chojnice;90;0.0;3;2021-03-10;70;110;110;140;90;90;70;90;70;140;50;70;0
gdańsk chojnice;90;0.0;2;2021-03-10;50;110;110;90;140;110;110;140;90;70;50;50;1;chojnice gdańsk
wydział komunikacji chojnice telefon;90;0.0;4;2021-03-10;70;110;140;90;50;70;90;90;90;110;70;90;0
ginekolog chojnice nfz;90;0.0;3;2021-03-10;90;90;90;140;70;70;110;50;90;90;90;70;0
hurtownia hydrauliczna chojnice;90;0.0;3;2021-03-11;70;70;70;90;90;70;110;90;50;90;90;90;0
parafia mbf chojnice;90;0.0;3;2021-03-11;140;110;110;70;70;90;50;90;90;110;70;140;1;parafia mbf w chojnicach
okulista chojnice nfz;90;0.0;3;2021-03-11;90;140;110;90;90;90;70;110;110;70;70;50;0
elita chojnice;90;0.0;2;2021-03-11;70;50;110;110;110;140;140;170;90;70;70;40;0
new meteo chojnice;90;0.0;3;2021-03-11;30;50;40;90;90;210;210;140;50;40;20;40;0
komputronik chojnice;90;0.62;2;2021-03-11;70;90;90;70;90;70;70;50;110;70;90;140;0
instytut urody chojnice;90;0.0;3;2021-03-11;90;70;50;50;90;90;70;90;170;90;50;70;0
apteka szpital chojnice;90;0.0;3;2021-03-11;110;70;90;90;90;70;90;70;90;70;70;90;0
przychodnia kościerska chojnice rejestracja;90;0.0;4;2021-06-22;110;90;50;30;140;140;50;50;30;90;110;140;1;przychodnia chojnice kościerska rejestracja
chojnice hotel z basenem;90;0.15;3;2021-06-22;170;90;70;70;50;50;90;90;90;90;70;40;1;hotel chojnice basen
zakład pogrzebowy chojnice;90;0.0;3;2021-03-11;90;90;90;110;110;90;110;70;70;90;90;90;0
szkoła katolicka chojnice;90;0.0;3;2021-03-11;110;90;90;90;90;70;50;70;210;110;140;50;1;szkoła katolicka w chojnicach
fotobudka chojnice;90;0.58;2;2021-03-11;110;140;70;140;110;110;70;70;110;110;110;50;0
ośrodek szkolenia kierowców chojnice;90;0.0;4;2021-03-11;90;90;90;90;70;110;90;70;90;70;70;70;0
czas chojnic wiadomości;90;0.0;3;2021-03-11;30;170;140;140;110;110;110;70;50;40;30;20;0
matki bożej królowej polski chojnice;90;0.0;5;2021-03-10;90;90;210;50;90;30;50;50;70;90;40;140;0
gdzie są chojnice;90;0.0;3;2021-03-11;90;50;110;90;90;90;110;110;90;140;70;90;0
szpital chojnice rejestracja ortopeda;90;0.0;4;2021-03-10;90;110;90;70;90;90;70;70;90;70;50;70;0
szpital chojnice praca;90;0.0;3;2021-06-22;90;140;140;90;110;110;70;90;90;90;70;70;2;szpital w chojnicach praca
praca szpital chojnice
restauracje chojnice i okolice;90;0.0;4;2021-03-10;70;90;70;70;170;70;90;90;70;90;110;40;0
dobry okulista chojnice;90;0.0;3;2021-03-10;110;110;140;70;110;70;90;110;90;90;110;90;0
zakład karny chojnice;90;0.0;3;2021-03-11;90;140;140;110;70;110;140;70;70;70;70;90;0
dobry neurolog chojnice;90;0.0;3;2021-03-11;110;110;110;170;90;90;70;90;70;90;90;90;0
szkoła pascal chojnice;90;0.28;3;2021-03-11;90;110;110;110;90;90;70;110;170;70;30;50;1;pascal szkola chojnice
kwiaciarnia inspiracja chojnice;90;0.0;3;2021-06-22;70;110;140;110;140;90;50;70;70;110;50;40;1;kwiaciarnia chojnice inspiracja
ryngwelski chojnice;90;0.0;2;2021-03-11;90;70;70;90;110;110;140;70;70;90;70;90;0
szkoła branżowa chojnice;90;0.0;3;2021-03-11;140;50;70;110;110;110;70;110;90;40;50;40;0
pociąg z chojnic do gdańska;90;0.0;5;2021-03-11;70;90;70;70;140;90;170;140;70;90;70;70;0
kwiaty na rogu chojnice;90;2.82;4;2021-03-11;70;70;110;90;90;90;50;50;50;90;50;110;0
chojnice gdzie zjeść;90;0.0;3;2021-06-22;40;50;70;90;110;110;210;170;110;50;30;50;1;gdzie zjesc w chojnicach
czas chojnic ogłoszenia;90;0.0;3;2021-06-22;70;40;40;90;70;90;90;90;70;140;90;70;1;czas chojnice ogłoszenia
piekarnia brunka chojnice;90;0.0;3;2021-03-11;70;140;90;90;70;70;70;70;90;110;70;90;0
sklep elektryczny chojnice;90;0.0;3;2021-03-11;90;90;90;70;90;90;110;110;90;90;110;110;0
inspiracja chojnice;90;0.0;2;2021-03-11;70;110;90;110;140;70;90;70;70;110;70;90;0
taxi chojnice cennik;90;0.0;3;2021-03-11;20;110;90;140;140;140;170;70;30;50;40;40;0
moodo chojnice;90;2.33;2;2021-03-11;70;70;50;90;140;210;70;90;70;90;50;70;0
opony chojnice;90;1.54;2;2021-03-11;90;40;50;110;70;50;70;90;70;110;170;50;0
działki metalowiec chojnice sprzedam;90;0.0;4;2021-03-11;50;110;140;140;170;70;140;140;90;50;40;20;0
rozkład jazdy autobusów chojnice;90;0.0;4;2021-03-11;90;140;70;110;110;90;110;90;70;50;70;70;1;rozkład jazdy autobusów w chojnicach
galeria pomorza chojnice;90;0.0;3;2021-06-22;70;50;110;70;50;90;90;90;50;50;70;170;1;galeria pomorze chojnice
dni chojnic 2024;90;0.0;3;2025-05-14;50;20;20;10;0;0;720;170;20;20;20;20;0
kręgielnia mistral chojnice;90;0.0;3;2021-06-22;110;170;110;70;70;70;50;50;50;90;110;90;1;kręgielnia chojnice mistral
dom towarowy libera chojnice;90;0.0;4;2021-03-11;90;90;140;90;70;50;70;70;90;110;50;90;0
mieszkanie chojnice olx;90;0.02;3;2025-04-25;110;110;90;140;50;50;70;110;90;70;90;70;0
pkp chojnice czersk;90;0.0;3;2021-03-11;50;40;70;90;70;70;90;70;110;50;40;70;0
ortopeda chojnice winiarek prywatnie;90;0.0;4;2021-03-11;110;110;110;110;110;70;90;140;140;70;110;40;0
fitmedica chojnice;90;2.23;2;2025-03-18;110;90;90;70;70;70;70;50;70;140;140;40;0
emeryci chojnice;90;0.0;2;2025-07-16;90;40;30;10;20;20;170;110;140;170;210;140;0
autohandel chojnice bytowska;90;0.05;3;2025-10-13;90;210;110;110;70;30;70;40;40;90;70;70;0
cech chojnice;90;0.0;2;2021-03-11;70;70;110;110;210;90;90;70;70;140;70;70;0
meble używane chojnice;90;0.16;3;2021-03-11;70;90;110;90;50;70;110;90;90;70;90;70;1;chojnice meble używane
lidl chojnice godziny otwarcia;90;0.0;4;2021-03-11;90;70;70;90;70;70;50;260;70;50;90;110;0
logopeda chojnice;90;4.07;2;2021-03-11;90;50;90;70;110;110;70;50;90;70;140;140;0
salon arleta chojnice;90;0.0;3;2021-03-11;90;90;90;110;70;90;90;70;90;70;90;70;0
miejskie wodociągi chojnice;90;0.0;3;2021-03-11;110;110;90;110;110;70;110;90;90;110;70;90;1;wodociągi miejskie chojnice
przedszkole jarzębinka chojnice;90;0.0;3;2021-03-11;70;50;50;90;90;70;70;140;140;90;70;90;1;przedszkole jarzębinka w chojnicach
kurs walut chojnice;90;0.0;3;2021-03-11;110;90;90;110;70;70;110;90;110;140;90;50;1;kursy walut chojnice
romantica chojnice;90;0.0;2;2021-03-11;90;70;70;70;110;90;70;90;110;70;70;110;0
joga chojnice;90;0.0;2;2021-03-11;70;70;70;110;70;90;70;50;110;90;90;70;0
odejewski chojnice;90;0.0;2;2021-03-11;70;90;110;90;50;70;90;70;70;90;90;50;0
gokarty chojnice cennik;90;0.0;3;2021-03-11;90;50;70;90;70;50;90;140;110;90;90;90;0
autohandel chojnice;90;0.15;2;2021-03-11;90;90;110;90;90;70;90;70;90;90;140;110;0
długołęcki chojnice;90;0.0;2;2021-03-11;90;90;90;70;90;110;90;50;70;90;50;70;0
pizzeria fabio chojnice;90;0.0;3;2021-06-22;90;90;90;110;110;70;90;90;90;110;90;90;2;fabio pizzeria chojnice
pizzeria chojnice fabio
hegard chojnice;90;0.0;2;2021-03-11;90;90;140;110;140;110;90;110;90;110;70;90;0
arleta chojnice;90;0.0;2;2021-03-11;110;90;110;140;90;110;110;140;110;90;90;90;0
małe domy na sprzedaż chojnice;90;0.05;5;2026-05-07;0;70;50;70;110;90;90;90;70;110;110;110;0
garnitury chojnice;90;0.6;2;2021-03-11;140;70;70;140;140;110;90;90;70;70;50;70;0
sprzedam dom chojnice;90;0.1;3;2021-06-22;90;70;90;110;90;70;70;70;70;90;110;90;2;dom chojnice sprzedam
sprzedam dom w chojnicach
praca nauczyciel chojnice;90;0.0;3;2021-06-22;90;110;90;170;70;70;50;50;90;70;90;110;1;praca dla nauczyciela chojnice
hematolog chojnice;90;0.0;2;2021-03-10;110;90;110;70;90;90;90;70;90;90;110;110;0
prognoza chojnice;90;0.0;2;2021-03-11;90;90;170;140;70;70;50;30;90;110;90;90;0
parafia mb fatimskiej chojnice;90;0.0;4;2021-03-11;110;110;70;70;50;50;90;110;110;110;110;140;1;parafia mb fatimskiej w chojnicach
hurtownia stali chojnice;90;1.72;3;2021-03-11;90;90;90;70;110;90;90;50;70;90;170;70;0
naprawa rowerów chojnice;90;0.0;3;2021-03-11;110;140;170;140;70;40;30;20;20;30;140;110;1;naprawa rowerow chojnice
auto komis chojnice bytowska;90;0.21;4;2021-03-10;70;110;110;90;70;70;140;50;90;110;140;110;0
aktualna pogoda chojnice;90;0.0;3;2021-03-10;110;110;110;140;90;50;50;70;140;90;110;90;0
sklep hydrauliczny chojnice;90;0.0;3;2021-03-10;50;70;90;70;70;90;90;90;90;90;140;70;0
modrzejewski chojnice;90;1.42;2;2021-03-10;70;110;90;70;90;90;70;70;110;110;110;70;0
chojniczanka chojnice stadion;90;0.0;3;2021-03-10;110;170;40;110;40;70;110;170;40;40;140;70;0
psychotesty chojnice;90;0.0;2;2021-03-10;70;70;90;90;90;90;50;50;70;90;140;110;0
drewno opałowe chojnice;90;0.14;3;2021-03-11;70;90;90;110;90;70;70;110;110;110;90;90;0
topdesk chojnice;90;0.0;2;2021-03-11;90;90;110;110;90;110;110;90;90;110;70;70;0
chojniczanka chojnice kibice;90;0.0;3;2021-03-11;110;20;90;50;70;70;110;40;70;210;50;50;0
depilacja laserowa chojnice;90;1.41;3;2021-03-11;70;90;90;70;70;70;90;90;110;110;70;110;0
tapicer chojnice;90;0.0;2;2021-03-11;70;70;70;70;70;90;70;70;90;110;70;90;1;tapicerzy chojnice
femax chojnice;90;3.35;2;2021-03-11;90;90;70;70;140;90;70;90;90;50;70;50;0
domy chojnice sprzedaż;90;0.1;3;2025-01-20;70;70;70;70;70;70;50;90;110;140;110;110;0
wypożyczalnia rowerów chojnice;90;0.0;3;2021-03-11;110;140;170;90;50;30;10;30;70;170;110;140;0
apteka kaufland chojnice;90;0.0;3;2021-03-10;90;70;110;70;90;70;90;110;90;110;140;90;1;apteka chojnice kaufland
klimatyzacja chojnice;90;4.49;2;2021-03-10;110;140;170;110;70;50;50;30;40;70;110;110;0
wynajem samochodów chojnice;90;0.68;3;2021-03-11;90;110;110;70;50;70;70;90;90;140;90;140;1;chojnice wynajem samochodów
dom bez kosztów chojnice;90;0.0;4;2021-03-11;70;110;70;90;70;90;50;140;140;110;110;110;0
tczew chojnice;90;0.06;2;2021-03-11;90;110;110;90;90;90;90;90;110;90;90;110;1;chojnice tczew
naprawa pralek chojnice;90;10.29;3;2021-03-11;70;70;90;40;70;90;70;210;170;140;50;50;0
jubiler alicja chojnice;90;0.0;3;2021-06-22;50;70;90;90;70;110;170;90;70;70;70;90;1;jubiler chojnice alicja
wynajem aut chojnice;90;0.98;3;2021-03-11;90;110;170;70;50;90;90;90;50;110;70;140;0
kardiolog dziecięcy chojnice;90;0.0;3;2021-03-11;70;90;50;70;90;90;40;90;110;110;140;70;0
skiba chojnice praca;90;0.0;3;2021-03-11;110;140;110;90;90;70;50;90;90;90;90;90;0
cku chojnice;90;0.0;2;2021-03-11;90;110;170;140;90;70;40;90;70;70;70;70;1;cku w chojnicach
extreme gym chojnice;90;4.47;3;2021-03-11;110;70;90;110;140;110;70;50;70;70;90;90;0
pompy ciepła chojnice;90;5.73;3;2021-03-11;50;30;50;40;70;110;30;90;140;170;140;90;0
biblioteka miejska chojnice;90;0.0;3;2021-03-11;70;70;50;140;110;90;90;90;140;140;70;110;0
busy do niemiec chojnice;90;1.91;4;2021-06-22;90;50;30;50;50;70;50;110;110;170;110;140;2;chojnice busy do niemiec
busy chojnice do niemiec
zgm chojnice mieszkania na sprzedaż;90;0.15;5;2025-04-25;110;90;90;90;90;90;50;140;140;110;90;110;0
kasy fiskalne chojnice;90;3.66;3;2021-03-11;90;50;50;70;90;90;70;90;70;140;110;70;0
creaton chojnice;90;3.55;2;2021-03-11;90;110;90;110;90;70;70;110;110;110;90;70;0
drzwi wewnętrzne chojnice;90;1.5;3;2021-05-09;70;70;50;70;90;110;110;210;140;90;20;70;0
mieszkania na sprzedaż chojnice otodom;90;0.1;5;2026-08-14;110;140;140;170;0;0;40;50;50;110;140;90;0
matki boskiej fatimskiej chojnice;90;0.0;4;2021-04-21;90;90;70;70;70;140;110;90;140;90;70;70;0
mieszkanie na sprzedaż w chojnicach;90;0.07;5;2022-03-24;70;90;50;50;50;90;110;170;170;110;40;40;0
praca z orzeczeniem chojnice;70;0.08;3;2021-07-05;70;40;110;70;40;40;90;110;90;40;50;10;0
e dziennik sp 5 chojnice;70;0.0;4;2021-07-07;50;40;40;50;50;70;10;10;210;110;70;50;0
technikum nr 3 chojnice plan lekcji;70;0.0;4;2021-06-23;70;70;70;50;170;70;10;20;110;90;90;50;0
grawerowanie chojnice;70;0.0;2;2021-06-23;40;70;50;70;50;70;50;90;70;50;50;40;0
2 lo chojnice plan lekcji;70;0.0;4;2021-06-23;50;40;30;40;90;50;10;70;210;70;90;30;0
repertuar kin chojnice;70;0.0;3;2021-07-20;10;170;70;10;110;30;70;90;260;140;20;10;0
biura podróży chojnice;70;0.82;3;2021-07-14;50;50;50;90;210;40;110;50;50;30;20;30;0
auto czesci chojnice;70;0.59;3;2021-05-26;50;70;50;90;110;90;90;50;50;50;40;70;0
autobus człuchów chojnice;70;0.0;3;2021-07-01;90;50;70;70;70;90;90;70;110;70;90;70;0
wielka orkiestra świątecznej pomocy chojnice;70;0.0;5;2021-07-01;880;30;10;10;0;10;10;10;10;10;30;40;0
protetyk chojnice ul gdańska;70;0.0;3;2022-02-08;90;110;140;90;90;90;90;70;50;30;70;30;0
nowaczyk ginekolog chojnice;70;0.0;3;2022-02-08;90;30;70;50;40;40;50;50;70;110;70;40;0
uniwersytet trzeciego wieku chojnice;70;0.0;4;2022-02-10;90;50;110;70;50;30;10;20;70;170;140;70;0
bank pekao chojnice;70;0.0;3;2022-02-08;70;70;70;90;70;70;110;70;90;70;70;50;0
promil chojnice;70;0.0;2;2023-05-19;70;50;70;70;50;90;70;70;70;70;90;110;0
olx mieszkania na sprzedaz chojnice;70;0.1;4;2022-06-09;70;90;110;90;50;50;90;50;50;70;50;50;0
bellana chojnice sukienki;70;0.0;3;2022-08-29;90;50;70;110;110;50;70;50;40;50;50;70;0
sukienki chojnice;70;0.0;2;2022-08-29;40;70;40;70;110;70;30;90;90;50;30;70;0
rejestracja rtg chojnice;70;0.0;3;2022-09-06;50;70;90;50;90;70;70;40;30;50;50;50;0
dworzec chojnice remont;70;0.0;3;2022-07-11;50;70;70;50;70;70;70;70;50;70;50;30;0
pompa ciepła chojnice;70;4.11;3;2022-08-22;140;20;110;50;70;40;40;140;70;70;70;70;0
oddział otolaryngologiczny chojnice;70;0.0;3;2022-08-12;90;90;70;70;90;70;70;50;70;70;70;70;0
biorezonans chojnice;70;0.0;2;2022-11-16;90;50;70;140;90;40;40;70;50;30;40;50;0
gemini chojnice apteka;70;0.0;3;2022-09-21;90;70;90;50;70;50;70;50;70;50;50;70;0
vulcan logowanie chojnice;70;0.0;3;2022-12-22;40;50;70;40;70;90;90;10;170;50;40;40;0
scarlet chojnice;70;0.0;2;2023-05-20;70;70;90;50;70;90;50;40;50;110;50;50;0
bary chojnice;70;0.0;2;2023-01-16;30;40;50;50;90;90;90;170;110;50;50;30;0
gemini chojnice cennik;70;0.0;3;2022-11-18;90;90;70;70;50;40;40;30;30;90;70;90;0
hotel browar chojnice;70;1.28;3;2023-04-03;70;70;90;40;50;40;90;110;70;70;90;10;0
chojniczanka chojnice ruch chorzów;70;0.0;4;2023-05-20;0;0;880;10;10;10;10;10;10;0;10;10;0
masaż chojnice cennik;70;0.0;3;2023-07-16;90;90;70;50;70;50;40;70;50;70;50;50;0
rehabilitacja chojnice prywatnie;70;0.0;3;2023-08-03;40;50;90;90;70;70;110;110;30;30;50;10;0
stal serwis chojnice;70;0.0;3;2023-07-24;90;50;90;70;70;70;50;50;90;70;70;50;0
grizzly chojnice;70;0.0;2;2023-07-24;70;70;90;90;110;110;30;50;70;50;30;50;0
ferie zimowe 2023 chojnice;70;0.0;4;2023-10-22;590;20;10;10;10;10;10;10;10;10;10;170;0
blu chojnice;70;1.31;2;2023-09-28;70;70;70;50;50;50;90;70;50;110;90;90;0
ogrodniczy chojnice;70;0.0;2;2023-08-28;10;20;50;170;170;70;90;70;50;90;10;10;0
gdzie sa chojnice;70;0.0;2;2023-11-14;40;50;70;50;50;50;90;90;50;50;40;70;0
jeziorna park chojnice;70;0.0;3;2023-11-14;90;50;90;70;20;70;50;30;50;50;90;40;0
technikum nr 4 chojnice kierunki;70;0.0;3;2024-06-05;140;90;110;170;140;50;70;40;40;40;30;30;0
stomatologia centrum chojnice;70;0.0;3;2024-01-10;50;90;50;70;50;70;70;50;70;90;70;40;0
kabarety chojnice;70;0.38;2;2024-04-25;90;50;110;10;20;40;10;30;90;140;50;70;0
ryżowe pole chojnice;70;0.0;3;2024-07-17;90;90;70;50;110;70;90;50;90;50;70;70;0
poradnia laryngologiczna chojnice;70;0.07;3;2021-03-10;110;90;90;70;70;50;50;90;50;90;90;50;0
31 stycznia chojnice;70;0.0;3;2024-11-30;90;90;50;70;50;50;70;70;90;50;70;70;0
pks chojnice rozkład;70;0.0;3;2021-06-22;30;30;50;70;90;140;90;140;140;10;20;10;2;rozkład pks chojnice
pks rozkład chojnice
wypożyczalnia samochodów chojnice cennik;70;1.02;4;2021-03-10;50;30;70;70;70;90;110;70;90;20;40;30;0
onkolog chojnice prywatnie;70;0.0;3;2021-05-10;90;70;70;70;40;70;70;110;90;70;90;70;0
ogrodzenia chojnice;70;1.84;2;2021-03-11;70;70;90;90;110;110;70;70;70;50;30;20;0
pozyczki chojnice;70;5.58;2;2021-03-11;50;90;110;70;20;50;30;40;110;170;50;70;0
auto handel max chojnice opinie;70;0.0;5;2021-04-20;70;50;70;50;90;40;70;90;70;70;30;30;0
ekuz chojnice;70;0.0;2;2021-03-11;40;40;40;90;70;140;170;110;90;40;50;30;0
piekarnia chojnice;70;0.0;2;2021-03-11;90;90;70;40;70;50;50;50;170;50;70;40;0
nc+ chojnice;70;0.0;2;2021-03-11;70;50;50;30;110;50;90;90;70;70;50;70;0
wp pogoda chojnice;70;0.0;3;2021-06-22;20;30;50;50;110;70;70;110;70;50;50;20;1;pogoda chojnice wp
rejestracja rentgen chojnice;70;0.0;3;2021-03-11;50;70;90;50;90;70;70;70;90;50;50;50;0
urząd gminy chojnice wydziały;70;0.0;4;2021-03-11;70;70;70;70;70;90;140;70;50;70;50;30;0
bank chojnice;70;0.0;2;2021-03-11;90;110;90;70;50;70;70;70;70;70;50;40;2;banki chojnice
banki w chojnicach
kantor harsz chojnice;70;0.0;3;2021-06-22;30;20;20;70;70;140;90;70;30;90;90;40;1;kantor chojnice harsz
bricomarche chojnice;70;0.75;2;2021-03-11;50;30;40;140;90;70;90;50;70;50;40;70;0
pekao chojnice;70;0.0;2;2021-03-11;50;70;110;170;70;50;70;50;90;70;50;50;0
deweloperzy chojnice;70;0.82;2;2021-06-22;70;70;50;70;70;40;50;50;90;50;50;30;1;deweloper chojnice
nikiel chojnice;70;0.0;2;2021-03-11;90;110;50;70;70;40;30;50;70;70;90;70;0
parkingi chojnice;70;0.0;2;2021-03-11;50;30;110;50;140;170;140;70;50;50;30;20;0
fosa chojnice menu;70;0.0;3;2021-03-11;50;50;70;70;70;90;140;110;90;50;50;30;0
proktolog chojnice prywatnie;70;0.0;3;2021-03-11;70;50;70;70;50;50;30;30;70;70;110;50;0
pkp chojnice tuchola;70;0.0;3;2021-03-11;90;70;50;40;90;90;70;70;70;70;40;70;1;tuchola chojnice pkp
szpital chojnice kontakt;70;0.0;3;2021-03-11;70;40;50;50;170;140;110;70;90;70;40;50;2;szpital w chojnicach kontakt
chojnice szpital kontakt
słupsk chojnice;70;0.0;2;2021-03-11;70;50;50;70;70;50;50;110;50;70;70;50;0
fitness chojnice;70;1.54;2;2021-03-11;90;70;70;30;30;40;50;50;90;90;70;70;0
sala weselna chojnice;70;0.99;3;2021-06-22;110;70;30;30;70;140;70;70;70;40;50;30;2;sale weselne chojnice
chojnice sala weselna
sts chojnice;70;0.0;2;2021-03-11;70;110;70;90;50;40;30;70;70;70;170;90;0
da grasso chojnice menu;70;0.31;4;2021-06-22;50;70;50;40;50;170;140;110;110;30;30;40;1;da grasso menu chojnice
randki chojnice;70;0.99;2;2021-03-11;70;70;70;90;90;70;50;70;90;70;90;70;0
parafia chrystusa króla chojnice;70;0.0;4;2021-03-11;140;70;90;140;70;50;40;40;40;50;70;110;0
endokrynolog chojnice nfz;70;0.0;3;2021-03-11;70;90;90;70;90;90;70;70;90;50;70;50;0
smk chojnice;70;0.0;2;2021-03-11;50;70;50;90;70;50;110;40;50;50;50;50;0
zus chojnice kontakt;70;0.0;3;2021-03-11;70;70;50;50;70;50;70;90;90;70;90;70;0
fotka chojnice;70;0.0;2;2021-03-11;70;40;50;50;50;50;70;50;70;50;140;50;0
stalserwis chojnice;70;0.0;2;2021-03-11;90;50;90;70;70;70;50;50;70;70;70;50;0
szpital chojnice urologia opinie;70;0.0;4;2021-04-13;110;90;110;50;70;50;50;110;70;70;50;50;0
samochody chojnice otomoto;70;0.29;3;2021-03-11;30;90;90;70;90;70;110;140;70;50;40;70;0
mada chojnice;70;0.0;2;2021-03-11;70;70;90;50;50;70;70;50;70;90;50;50;0
stomatolog chojnice prywatnie;70;0.0;3;2021-03-11;70;40;50;70;50;70;110;90;70;40;40;50;0
chojniczanka chojnice tabela;70;0.0;3;2021-03-11;40;90;70;70;70;50;50;90;140;110;50;40;0
stomatolog chojnice nfz;70;0.59;3;2021-06-22;90;90;70;90;70;90;90;70;50;50;70;40;1;stomatolog nfz chojnice
bagietka chojnice opinie;70;0.0;3;2021-06-22;110;70;110;90;70;70;70;50;90;90;90;70;1;opinie bagietka chojnice
telmar chojnice;70;0.0;2;2021-03-11;70;90;70;50;50;90;40;50;40;70;70;90;0
dobre jedzenie chojnice;70;0.0;3;2021-03-11;50;90;70;70;70;70;140;140;70;50;50;20;0
jarpol chojnice;70;0.0;2;2021-03-11;70;110;110;50;40;50;50;50;110;90;70;70;0
parafia matki bożej królowej polski chojnice;70;0.0;6;2021-03-11;110;70;70;70;70;50;40;40;90;40;40;90;1;chojnice parafia matki bożej królowej polski
kardiolog chojnice nfz;70;0.0;3;2021-03-11;70;50;90;70;50;50;50;50;70;70;50;50;0
auta chojnice;70;0.41;2;2021-06-22;90;90;90;110;110;70;90;50;70;40;50;70;2;auto chojnice
chojnice auto
garaże chojnice;70;0.51;2;2021-06-22;70;90;90;70;50;90;110;50;50;90;70;50;1;garaż chojnice
szpital chojnice lekarze;70;0.0;3;2021-03-11;110;110;110;140;50;70;30;40;70;50;70;50;0
tani węgiel chojnice;70;0.13;3;2021-03-11;70;50;140;50;50;50;90;70;50;70;90;70;0
szpital chojnice sor;70;0.0;3;2021-03-11;70;70;70;70;50;30;50;70;50;110;90;70;0
escape room chojnice;70;0.0;3;2021-03-11;90;170;70;50;50;40;90;110;40;90;70;40;1;chojnice escape room
poradnia okulistyczna chojnice;70;0.0;3;2021-03-11;50;90;70;90;70;70;110;70;90;50;70;40;0
pogoda chojnice 7 dni;70;0.0;3;2021-03-11;40;50;70;70;50;110;90;90;90;50;70;40;0
therapeutica chojnice lekarze;70;0.0;3;2021-03-11;70;90;140;90;70;40;20;30;50;90;90;90;0
żabka chojnice godziny otwarcia;70;0.0;4;2021-03-11;20;20;20;30;20;30;40;50;70;90;110;210;0
poligraf chojnice;70;0.0;2;2021-03-11;50;70;50;70;90;140;90;70;110;70;50;70;0
fatima chojnice msze;70;0.0;3;2021-03-11;50;50;50;140;90;90;70;110;110;10;40;30;0
carrefour chojnice godz otwarcia;70;0.0;3;2021-04-06;70;40;40;90;30;90;70;70;30;50;50;170;0
kolonoskopia chojnice;70;0.0;2;2021-03-11;110;90;90;70;40;50;90;50;90;90;90;50;0
piotr neyman ortopeda chojnice;70;0.0;4;2021-03-11;70;110;110;90;70;50;50;90;70;70;70;70;0
piwnica chojnice;70;0.0;2;2021-03-11;70;70;70;70;70;40;50;50;50;90;90;110;0
bytowska chojnice;70;0.0;2;2021-03-11;50;50;70;70;70;110;90;50;50;50;70;40;0
mrówka chojnice godziny otwarcia;70;0.0;4;2021-06-22;50;50;30;70;70;70;90;90;70;70;70;110;1;mrówka godziny otwarcia chojnice
salus chojnice rejestracja;70;0.0;3;2021-03-11;90;90;70;50;90;90;70;90;50;70;90;70;0
kurczak z rożna chojnice;70;0.0;3;2021-03-11;30;40;90;30;50;70;70;110;110;70;50;70;0
starostwo chojnice wydział komunikacji;70;0.0;4;2021-03-11;70;50;70;70;70;50;50;90;70;70;40;50;0
plac piastowski chojnice;70;0.0;3;2021-03-11;40;50;50;210;40;50;90;50;70;40;50;50;0
rzęsy chojnice;70;0.0;2;2021-03-11;70;50;30;90;90;110;90;140;70;70;40;50;1;rzesy chojnice
paluch chojnice;70;0.0;2;2021-03-11;70;50;70;90;70;70;50;70;90;50;110;50;0
giełda samochodowa chojnice;70;0.0;3;2021-03-11;50;110;70;70;70;70;30;20;50;50;70;50;2;gielda samochodowa chojnice
chojnice giełda samochodowa
stary rynek chojnice;70;0.0;3;2021-03-11;50;50;50;50;70;70;70;110;50;50;50;50;1;chojnice stary rynek
przekłuwanie uszu chojnice;70;0.0;3;2021-03-11;70;40;70;50;70;50;90;90;70;40;30;40;0
groszek chojnice godziny otwarcia;70;0.0;4;2021-03-11;70;50;50;140;70;90;110;90;40;50;70;110;0
kancelaria notarialna chojnice;70;0.0;3;2021-03-11;70;90;110;70;70;90;110;90;70;50;50;70;0
mapa google chojnice;70;0.0;3;2021-03-30;70;70;90;70;90;90;90;70;70;70;70;70;3;mapy google chojnice
chojnice mapa google
mapa chojnice google
usg jamy brzusznej chojnice prywatnie;70;0.0;5;2021-03-11;110;70;90;70;70;40;90;50;70;50;70;30;0
trener personalny chojnice;70;1.35;3;2021-03-11;140;50;40;50;70;70;90;90;90;50;50;30;0
szpital chojnice chirurgia;70;0.0;3;2021-03-11;90;70;140;110;70;50;50;50;30;70;110;70;0
resler chojnice godziny otwarcia;70;0.0;4;2021-03-11;50;50;50;70;50;70;70;70;70;70;40;110;0
kabaret skeczów męczących chojnice;70;0.26;4;2021-03-11;90;140;210;30;30;10;10;10;10;50;70;70;0
chojnice kaszuby;70;0.0;2;2021-03-11;50;70;70;50;70;90;140;170;50;30;40;70;1;kaszuby chojnice
kancelaria adwokacka chojnice;70;0.22;3;2021-03-11;20;140;260;210;40;30;20;30;20;40;10;10;1;kancelarie adwokackie chojnice
meble kuchenne chojnice;70;0.57;3;2021-03-11;90;90;90;50;70;50;70;40;50;70;70;50;1;chojnice meble kuchenne
janpa chojnice;70;0.0;2;2021-03-11;70;50;90;90;90;70;70;50;90;70;90;70;0
usg chojnice prywatnie cena;70;0.0;4;2021-03-11;70;70;90;70;90;90;140;90;70;40;50;30;0
certus chojnice;70;0.0;2;2021-03-11;70;50;70;70;140;90;50;50;70;70;50;70;0
dzwigi chojnice;70;2.0;2;2021-04-06;90;90;110;110;50;90;50;50;30;50;90;30;0
colosseum chojnice;70;0.0;2;2021-03-11;110;70;70;90;50;20;50;40;50;90;70;70;0
szkoła medyk chojnice;70;0.0;3;2021-03-11;70;50;90;20;70;50;10;40;140;140;140;140;0
stek chojnice;70;0.0;2;2021-03-11;50;70;70;90;40;50;50;50;70;90;50;40;0
szkoła specjalna chojnice;70;0.0;3;2021-03-11;40;70;90;50;70;70;70;90;110;110;70;70;0
na skarpie chojnice;70;1.13;2;2021-03-11;50;110;90;70;90;70;70;70;40;110;50;70;0
auto handel chojnice człuchowska;70;0.43;4;2021-03-11;50;70;110;70;90;70;70;90;70;40;50;30;0
max tuning chojnice;70;0.0;3;2021-03-11;70;50;90;90;70;90;70;90;90;90;70;50;0
decathlon chojnice adres;70;0.0;3;2021-03-11;30;40;30;40;40;90;140;140;70;40;40;70;0
zgony chojnice;70;0.0;2;2021-03-11;70;30;70;70;90;110;90;30;70;50;40;50;0
makijaż chojnice;70;0.0;2;2021-03-11;90;70;50;50;110;90;50;70;90;90;40;40;0
warsztat samochodowy chojnice;70;0.67;3;2021-06-22;50;90;90;40;170;70;110;50;50;40;20;50;1;warsztaty samochodowe chojnice
geometria kół chojnice;70;0.33;3;2021-03-11;30;20;70;140;110;70;90;90;20;40;50;70;0
pedicure chojnice;70;0.0;2;2021-03-11;30;30;40;70;140;170;170;110;70;20;20;10;0
restauracja gruzińska chojnice;70;0.0;3;2021-05-21;90;90;90;90;70;70;50;50;70;110;90;50;0
hurtownia alkoholi chojnice;70;0.0;3;2021-03-11;40;140;40;50;50;70;70;170;70;50;70;70;0
psycholog chojnice nfz;70;0.63;3;2021-03-11;90;90;90;50;70;40;70;70;50;50;90;70;0
lasek miejski chojnice;70;0.0;3;2021-03-11;30;30;40;110;140;140;140;90;50;70;40;20;0
pole dance chojnice;70;0.0;3;2021-03-11;90;70;50;70;50;70;50;70;110;50;70;70;0
hotel na skarpie chojnice;70;1.1;4;2021-06-22;40;40;90;110;140;90;90;70;40;50;50;50;2;chojnice hotel na skarpie
hotel chojnice na skarpie
dj chojnice;70;0.75;2;2021-04-21;140;90;110;50;70;70;70;70;70;70;90;30;0
dobry psychiatra chojnice forum;70;0.0;4;2021-03-25;90;140;140;90;40;70;40;50;70;90;70;50;0
technikum nr 1 chojnice kierunki;70;0.0;5;2021-03-10;50;110;140;170;90;50;30;30;40;30;40;30;0
kupię mieszkanie w chojnicach;70;0.09;4;2021-06-22;90;50;90;50;90;90;90;50;50;70;90;90;2;kupię mieszkanie chojnice
kupie mieszkanie w chojnicach
orsmed chojnice kontakt;70;0.0;3;2021-03-10;210;30;20;20;20;40;50;70;10;40;110;110;0
chojnice ilość mieszkańców;70;0.0;3;2021-03-11;70;70;90;70;50;70;110;90;70;70;50;50;0
dźwig chojnice;70;2.04;2;2021-03-11;90;90;110;110;50;90;50;50;50;50;90;30;1;dzwig chojnice
szczecinek chojnice;70;0.0;2;2021-03-11;170;50;50;40;50;90;90;70;50;70;40;70;0
olx domy chojnice;70;0.07;3;2021-03-11;50;40;110;70;110;40;30;70;70;50;50;40;1;domy chojnice olx
fabio chojnice menu;70;0.0;3;2021-03-11;20;20;30;70;70;140;210;140;70;30;30;20;0
piła chojnice;70;0.0;2;2021-05-21;50;70;50;50;50;50;70;90;50;70;70;50;0
producent łodzi wędkarskich chojnice;70;1.35;4;2021-03-11;50;70;70;70;90;90;90;70;90;40;20;40;1;łodzie wędkarskie producent chojnice
detektyw chojnice;70;2.13;2;2021-03-11;50;30;30;30;40;40;40;50;30;50;110;320;0
kaufland chojnice godziny otwarcia;70;0.0;4;2021-06-22;70;70;110;50;70;50;50;50;20;40;40;170;1;kaufland godziny otwarcia chojnice
jurgawka chojnice;70;0.0;2;2021-04-13;70;50;70;90;50;110;90;40;20;40;90;40;0
apteka carrefour chojnice;70;0.0;3;2021-03-11;70;50;50;50;50;50;70;70;70;70;50;70;0
loombard chojnice;70;0.0;2;2021-03-10;140;70;70;70;70;70;70;70;70;70;90;110;0
mrówka chojnice godz otwarcia;70;0.0;4;2021-03-18;70;50;30;70;70;70;90;90;70;70;70;110;0
second hand chojnice;70;0.0;3;2021-03-10;40;90;70;90;90;40;70;90;70;70;70;70;0
babiński mieszkania chojnice;70;0.72;3;2021-03-10;50;50;70;70;70;70;90;70;70;90;50;50;0
domy na sprzedaż chojnice olx;70;0.42;4;2021-06-22;40;30;40;30;50;70;110;110;90;140;110;70;2;olx chojnice domy na sprzedaz
olx domy na sprzedaz chojnice
sklep metalowy chojnice;70;0.0;3;2021-03-10;50;50;70;110;90;70;90;70;90;70;50;50;0
kursy chojnice;70;0.21;2;2021-03-10;110;110;70;70;50;70;70;50;70;70;70;40;2;chojnice kursy
kursy w chojnicach
kwiaciarnia konwalia chojnice;70;0.0;3;2021-03-11;140;140;70;40;90;50;30;70;50;20;20;20;0
karta ekuz chojnice;70;0.0;3;2021-03-11;50;50;70;90;90;90;140;90;90;40;50;30;0
obiady domowe chojnice;70;4.85;3;2021-03-11;70;40;50;40;50;70;110;140;90;50;70;50;0
dziewczyny chojnice;70;1.38;2;2021-03-11;50;140;50;70;70;70;90;70;50;90;40;70;1;dziewczyny z chojnic
kościół rzepakowa chojnice;70;0.0;3;2021-03-11;90;90;140;70;90;40;20;10;30;40;50;110;0
gaz chojnice;70;0.0;2;2021-03-11;70;50;90;50;90;70;90;50;70;90;50;70;0
hit taxi chojnice;70;0.0;3;2021-06-22;90;50;40;70;70;90;70;70;70;90;90;110;1;taxi chojnice hit
pasha kebab chojnice menu;70;0.92;4;2021-03-11;50;90;70;90;90;90;90;70;70;70;90;70;0
eurostandard chojnice godziny otwarcia;70;0.0;4;2021-03-11;70;90;70;50;70;50;90;70;70;50;50;70;0
siódemka chojnice menu;70;0.0;3;2021-03-11;90;40;50;30;50;70;90;70;70;90;90;70;0
restauracja na skarpie chojnice;70;0.81;4;2021-03-11;50;110;70;70;110;70;90;90;90;50;50;50;0
stihl chojnice;70;0.0;2;2021-03-11;50;50;70;90;140;70;90;70;70;50;40;30;0
park chojnice;70;0.0;2;2021-03-11;50;70;50;70;70;50;110;90;70;40;50;50;1;chojnice park
kamieniarz chojnice;70;0.0;2;2021-03-11;70;70;90;90;70;50;70;90;90;70;70;30;1;kamieniarze chojnice
hepatolog chojnice;70;0.0;2;2021-03-11;90;90;90;50;70;40;70;50;40;50;70;70;0
honolulu chojnice cennik;70;0.0;3;2021-03-11;90;140;70;50;50;50;70;70;40;50;50;40;0
praca w szkole chojnice;70;0.0;4;2021-03-11;70;210;90;70;70;50;70;90;50;30;40;30;0
urolog chojnice nfz;70;0.0;3;2021-03-11;70;90;90;70;50;50;90;30;50;40;70;40;0
tenis chojnice;70;0.0;2;2021-03-11;70;70;50;70;50;90;90;70;70;70;70;50;0
chojnice 24 ogloszenia;70;0.0;3;2025-03-04;70;40;40;50;50;50;40;70;50;90;110;70;0
transport chojnice;70;1.14;2;2021-03-11;140;70;70;90;90;90;90;70;140;70;50;70;1;chojnice transport
apartamenty chojnice;70;0.71;2;2025-04-16;50;70;50;50;50;50;70;140;50;50;140;90;0
alko gaz chojnice;70;0.0;3;2021-03-11;70;70;90;50;40;70;50;50;40;70;50;40;0
www otomoto auto handel chojnice;70;0.0;5;2021-03-11;20;30;20;30;30;20;50;40;30;30;40;20;0
ek gaz chojnice;70;0.0;3;2021-03-11;50;50;70;70;70;70;70;30;30;50;50;70;0
carrefour chojnice zdjęcia;70;0.0;3;2025-03-27;70;50;70;50;110;50;140;70;90;50;90;110;0
fast food chojnice;70;0.0;3;2021-03-11;40;30;20;30;50;70;30;30;70;20;20;20;0
dom na sprzedaż chojnice ul wiśniowa;70;0.1;6;2025-06-24;70;70;70;50;70;70;90;70;70;50;50;70;0
joshi sushi chojnice opinie;70;0.0;4;2025-11-18;70;210;90;70;90;30;50;70;70;110;0;0;0
studia chojnice kierunki;70;1.6;3;2021-03-11;70;70;140;110;110;90;40;30;50;50;40;40;0
chojnice szczecin;70;0.0;2;2021-03-11;50;90;70;90;70;70;50;50;50;30;50;70;0
naprawa lodówek chojnice;70;11.73;3;2021-03-11;50;40;50;70;40;50;70;50;140;210;110;20;0
mobilny mechanik chojnice;70;3.03;3;2023-01-18;30;50;50;30;50;50;50;50;50;90;90;110;0
jarzębinka chojnice;70;0.0;2;2021-03-11;90;70;30;50;90;70;50;30;110;50;70;50;0
olmax chojnice;70;0.0;2;2021-03-11;70;90;90;90;70;70;70;70;70;70;70;70;0
drogeria natura chojnice;70;0.47;3;2021-03-11;50;50;70;70;50;50;90;90;40;50;70;70;0
naprawa telefonów chojnice;70;0.0;3;2021-03-11;70;90;90;70;70;50;50;70;50;50;110;70;0
termowent chojnice;70;0.0;2;2021-03-11;70;40;70;90;70;70;50;50;70;70;70;70;0
carrefour chojnice godziny otwarcia;70;0.0;4;2021-06-22;90;90;70;90;30;30;30;140;40;30;50;90;2;carrefour godziny otwarcia chojnice
godziny otwarcia carrefour chojnice
duet chojnice godziny otwarcia;70;0.0;4;2021-03-11;90;90;70;70;50;50;90;40;40;50;70;70;0
podolog chojnice cennik;70;0.0;3;2026-01-06;70;70;50;90;50;50;70;90;70;70;50;50;0
jula chojnice;70;0.0;2;2021-03-11;40;40;40;30;50;30;50;50;40;40;50;70;0
sklep komputerowy chojnice;70;0.0;3;2021-03-10;90;50;90;90;70;50;90;90;90;50;70;40;1;sklepy komputerowe chojnice
andrzej skiba chojnice;70;0.0;3;2021-03-10;90;90;90;50;40;40;50;70;90;50;70;40;0
szpital chojnice tel;70;0.0;3;2021-05-25;90;70;90;140;110;40;50;30;90;70;90;50;0
urząd celny chojnice;70;0.0;3;2021-03-10;90;50;50;50;70;70;90;50;50;50;70;70;0
areszt chojnice;70;1.76;2;2021-03-10;50;90;90;70;50;170;50;70;50;50;70;70;0
chojniczanka chojnice skład;70;0.0;3;2021-03-10;70;70;70;70;20;50;90;110;90;70;170;50;0
jednostka wojskowa chojnice;70;0.0;3;2021-06-22;90;90;50;50;70;90;50;50;70;70;90;90;1;chojnice jednostka wojskowa
pks chojnice brusy;70;0.0;3;2021-03-11;70;50;70;50;70;90;50;70;90;70;70;50;0
myjnia samochodowa chojnice;70;0.0;3;2021-03-11;40;40;50;90;30;30;40;110;40;70;140;40;1;myjnie samochodowe chojnice
sklep muzyczny chojnice;70;0.0;3;2021-03-11;70;50;70;110;70;40;50;110;70;70;70;40;1;chojnice sklep muzyczny
regalux chojnice;70;4.93;2;2021-03-11;70;50;70;50;70;50;50;70;70;70;70;70;0
okulista dziecięcy chojnice;70;1.18;3;2021-03-11;70;50;50;50;50;70;90;70;110;90;110;70;0
sklep myśliwski chojnice;70;0.0;3;2021-03-11;110;90;90;70;50;70;70;110;70;50;50;70;0
zakłady mięsne skiba chojnice;70;0.0;4;2021-03-11;70;90;90;50;40;50;70;90;70;90;140;110;1;skiba zakłady mięsne chojnice
ddd chojnice;70;0.0;2;2021-03-10;110;90;70;70;70;90;70;50;50;50;90;50;0
chojnice zabytki;70;0.0;2;2021-03-11;50;50;40;50;90;90;170;140;90;40;30;50;2;zabytki chojnic
zabytki chojnice
poligrafia chojnice;70;0.0;2;2023-10-02;90;110;70;50;70;90;50;50;40;50;70;70;0
gmina chojnice przetargi;70;0.0;3;2021-03-10;70;40;50;70;70;50;50;50;90;110;70;70;0
odzież używana chojnice;70;0.0;3;2021-03-10;110;70;110;70;70;90;50;50;50;90;110;70;0
pizzeria bazylia chojnice;70;0.0;3;2021-03-10;70;70;50;70;40;50;50;50;70;70;70;50;1;bazylia chojnice pizzeria
pasibrzuch chojnice;70;0.0;2;2021-03-10;70;70;90;110;110;70;50;50;70;50;50;50;0
stolarz chojnice;70;1.66;2;2021-03-10;90;90;90;50;90;50;50;50;110;50;90;90;0
laweta chojnice;70;4.69;2;2021-03-10;70;70;70;110;70;70;70;90;70;70;90;70;0
wójt gminy chojnice;70;0.0;3;2021-03-10;70;90;50;70;70;70;90;50;70;90;90;70;0
libera chojnice;70;0.0;2;2021-03-10;110;90;90;110;110;50;70;110;50;50;70;50;0
chojnice com praca;70;0.0;3;2021-03-11;90;40;70;90;70;70;40;50;70;70;70;70;0
mawent chojnice;70;3.82;2;2021-03-11;50;70;50;70;70;50;70;90;50;70;50;40;0
unicar chojnice;70;1.38;2;2021-03-11;70;70;70;70;70;70;50;50;50;70;70;40;0
tur chojnice;70;0.0;2;2021-03-11;70;70;70;90;110;50;50;70;70;70;70;70;0
dachy chojnice;70;4.03;2;2021-03-11;70;50;70;70;40;70;40;50;90;140;90;110;0
nieruchomości na sprzedaż chojnice;70;0.05;4;2021-06-22;30;40;30;40;50;90;140;110;90;70;50;50;2;chojnice nieruchomości na sprzedaż
chojnice nieruchomosci na sprzedaz
rozkład jazdy tczew chojnice;70;0.0;4;2026-07-03;70;50;70;70;70;90;90;70;70;110;70;70;0
materiały budowlane chojnice;70;0.0;3;2021-06-22;50;70;50;50;70;50;30;70;70;110;110;70;1;chojnice materiały budowlane
blacha trapezowa chojnice;70;1.01;3;2021-03-11;50;50;40;70;30;50;30;50;50;110;170;70;0
pogoda chojnice teraz;70;0.0;3;2021-03-11;90;90;70;70;40;70;40;110;90;50;50;50;0
market budowlany chojnice;70;0.28;3;2021-03-11;70;110;70;50;70;70;50;50;40;90;70;50;1;markety budowlane chojnice
busy chojnice;70;1.42;2;2021-03-11;70;70;70;50;70;70;70;90;90;110;90;70;1;chojnice bus
szkoła rodzenia chojnice;70;1.71;3;2021-03-11;70;50;70;70;50;50;50;90;50;50;50;70;1;szkoły rodzenia chojnice
przyciemnianie szyb chojnice;70;0.0;3;2021-06-22;90;90;70;90;50;50;50;40;50;140;90;90;1;chojnice przyciemnianie szyb
nefrolog chojnice;70;0.0;2;2021-03-11;50;70;40;50;50;70;70;70;70;70;50;40;0
pzw chojnice;70;0.0;2;2021-03-11;170;140;110;30;40;30;70;70;50;50;90;90;0
poradnia kardiologiczna chojnice;70;0.0;3;2021-03-11;50;50;40;50;50;50;40;70;90;110;110;90;0
dźwigi chojnice;70;3.64;2;2021-05-18;40;50;50;70;50;70;40;50;90;170;90;70;0
auto gaz chojnice;70;0.0;3;2021-03-11;90;50;70;70;50;50;50;40;70;110;70;70;0
spowiedź chojnice;70;0.0;2;2021-03-11;20;40;30;40;30;20;170;10;10;170;140;40;0
taxi chojnice numer;70;1.38;3;2021-03-11;90;50;40;30;40;20;50;110;70;70;70;70;0
dacia chojnice;70;2.34;2;2021-03-11;50;70;70;70;90;70;90;110;110;90;90;70;0
psse chojnice;70;0.0;2;2021-03-11;70;90;50;70;40;70;50;70;40;70;70;50;0
strony internetowe chojnice;70;8.54;3;2021-03-11;40;30;30;40;90;50;20;50;110;140;90;110;0
kosmetolog chojnice;70;0.0;2;2022-04-16;90;50;40;50;50;90;50;70;90;170;90;70;0
agencja celna chojnice;70;1.79;3;2021-03-11;70;90;70;70;70;70;50;70;50;90;70;50;0
kasacja pojazdów chojnice;70;2.78;3;2021-03-11;50;40;70;40;70;50;30;70;70;140;110;70;0
pinb chojnice;70;0.0;2;2021-03-11;50;50;50;70;70;40;70;70;70;90;70;70;0
pozycjonowanie chojnice;70;6.49;2;2021-03-11;40;10;20;30;90;70;50;90;110;140;110;50;0
piaskowanie chojnice;70;0.0;2;2021-03-11;50;40;50;40;40;50;30;50;70;140;90;70;0
szamba betonowe chojnice;70;2.96;3;2021-03-11;50;30;40;50;90;90;30;70;70;140;170;110;0
stalserwis chojnice sa;70;0.0;3;2021-03-11;70;90;110;50;50;70;70;70;90;90;90;70;0
auta z usa chojnice;70;1.26;4;2021-06-22;50;40;70;70;50;70;50;110;90;90;70;90;1;auta usa chojnice
kuchnie na wymiar chojnice;70;1.44;4;2021-03-11;70;30;40;40;50;50;30;90;90;110;110;50;0
bramy garażowe chojnice;70;1.28;3;2021-03-11;50;50;30;40;40;40;50;70;110;170;110;90;0
dekarz chojnice;70;1.89;2;2021-03-11;50;90;70;70;70;50;40;70;90;140;70;70;0
parking chojnice;70;1.24;2;2026-08-03;90;70;50;70;70;50;50;40;50;70;70;70;0
doradca kredytowy chojnice;70;7.32;3;2021-03-10;90;50;50;70;70;110;90;110;70;70;40;90;0
rzeczoznawca majątkowy chojnice;70;2.07;3;2021-03-10;20;20;50;40;40;70;70;110;140;90;30;40;0
olx praca chojnice kierowca;50;0.0;4;2021-07-05;70;50;70;70;50;50;50;50;50;40;30;30;0
coccodrillo chojnice;50;3.09;2;2021-07-08;40;50;50;70;70;40;50;70;50;50;70;70;0
manicure chojnice;50;0.0;2;2021-07-08;50;20;20;70;50;70;70;110;70;20;20;30;0
chiptuning chojnice;50;12.33;2;2021-05-26;70;30;50;40;50;40;50;90;70;50;30;30;0
światłowód chojnice;50;1.38;2;2021-06-03;50;30;50;30;40;40;40;70;90;30;50;50;0
ing chojnice;50;0.0;2;2021-06-02;70;50;40;40;50;50;70;90;50;50;50;50;0
suknie slubne chojnice;50;0.0;3;2021-06-13;110;70;70;50;70;30;30;40;40;40;30;30;0
zielone wzgórza chojnice;50;0.0;3;2021-06-14;50;40;70;30;40;110;40;40;50;90;40;50;0
restauracja polka chojnice opinie;50;0.0;4;2021-06-12;70;50;90;40;50;30;40;40;50;30;40;20;0
protetyk gołębiowski chojnice;50;0.0;3;2022-02-08;50;70;90;90;40;70;40;70;40;20;50;10;0
cmentarz parafialny chojnice;50;0.0;3;2022-02-08;40;70;30;50;40;40;50;70;70;140;110;40;0
pkp rozkład jazdy chojnice gdańsk;50;0.0;5;2022-02-10;50;20;40;30;50;50;50;40;50;90;40;30;0
liceum ogólnokształcące w chojnicach;50;0.0;3;2022-03-21;40;50;50;50;20;10;30;10;90;70;70;50;0
technikum nr 1 chojnice rekrutacja;50;0.0;3;2022-03-21;50;50;20;40;90;50;140;20;30;10;10;20;0
rowerowy garaż chojnice;50;0.0;3;2022-02-08;20;10;30;50;90;70;90;90;50;10;20;10;0
derma salon chojnice;50;0.0;3;2022-04-16;50;50;70;70;70;50;50;50;30;70;50;70;0
stara kaszarnia chojnice;50;0.0;3;2023-05-15;90;70;90;30;30;20;10;20;10;90;110;110;0
auchan chojnice;50;0.0;2;2023-04-25;20;30;70;70;40;50;50;90;50;40;50;70;0
miasto na trasie piła chojnice krzyżówka;50;0.0;4;2023-03-22;40;40;30;30;20;30;10;140;90;50;50;30;0
bitwa pod chojnicami 1454;50;0.0;3;2023-05-20;50;40;110;50;90;40;50;50;50;20;30;20;0
chojnice arseniusz finster;50;0.0;3;2023-05-19;70;20;10;10;10;20;20;20;10;140;110;170;0
wywóz gabarytów chojnice 2022;50;4.86;4;2022-05-29;0;70;390;110;0;0;0;0;0;0;0;0;0
hurtownia chojnice;50;0.0;2;2022-07-14;40;70;40;50;90;50;50;70;90;70;30;40;0
chojnice auta sprzedajemy;50;0.45;3;2022-06-17;50;70;110;90;90;50;20;30;20;20;20;50;0
auto złom chojnice świętopełka;50;1.86;4;2022-03-31;20;30;30;40;70;70;40;90;70;50;50;50;0
numer telefonu enea chojnice;50;0.0;4;2022-08-09;70;70;70;30;50;50;30;40;20;40;50;50;0
półkolonie chojnice 2022;50;0.0;3;2022-09-13;10;10;140;260;140;30;10;10;10;0
działki z domkiem chojnice;50;0.07;3;2022-09-17;50;50;90;70;70;50;50;50;40;50;50;30;0
sklep seko chojnice;50;0.0;3;2022-10-05;50;30;50;70;40;20;20;20;40;50;70;170;0
chojnice najnowsze wiadomości;50;0.0;3;2022-10-13;70;30;50;30;30;20;20;110;50;70;70;70;0
wiadomosci chojnice i okolice;50;0.0;3;2022-10-13;40;50;40;50;70;50;40;50;50;40;50;50;0
parafia nowa cerkiew koło chojnic;50;0.0;4;2023-05-20;70;40;30;50;40;50;70;40;40;50;50;90;0
duchacze chojnice ogłoszenia;50;0.0;3;2023-05-20;170;50;50;70;40;20;30;30;20;70;40;140;0
pomerania chojnice kierunki;50;3.35;3;2023-05-21;10;20;40;50;50;50;90;90;90;70;30;10;0
dach chojnice;50;0.29;2;2025-02-12;40;50;50;10;90;30;40;50;50;30;30;70;0
arriva chojnice bydgoszcz;50;0.0;3;2023-05-21;40;40;50;30;40;40;70;50;50;70;50;50;0
nieżywięć chojnice;50;0.0;2;2023-02-21;40;50;50;50;50;70;70;40;50;50;50;50;0
jarmark bożonarodzeniowy chojnice 2021;50;0.0;4;2022-11-16;10;10;0;0;0;0;10;0;10;10;110;480;0
wysypisko śmieci chojnice;50;0.0;3;2023-02-10;30;40;30;70;90;70;70;30;30;40;30;30;0
hostel chojnice;50;0.45;2;2023-04-03;70;40;40;30;70;70;70;50;90;90;20;30;0
pcpr chojnice wnioski;50;0.0;3;2023-04-05;90;70;50;50;30;50;50;50;40;30;30;20;0
pcpr chojnice kontakt;50;0.0;3;2023-04-05;40;40;70;50;50;50;40;70;50;50;40;20;0
armada ginekolog chojnice prywatnie;50;0.0;4;2023-05-20;0;50;50;30;70;70;90;90;140;30;40;0;0
głuszek chojnice;50;0.0;2;2023-05-21;40;50;50;40;40;50;40;40;50;50;40;30;0
gastroskopia chojnice cena;50;0.0;3;2023-05-05;110;70;50;50;30;30;20;70;50;50;50;50;0
harmonogram wywozu śmieci chojnice 2023;50;0.0;5;2023-05-22;0;210;260;140;0;0;0;0;0;0;0;0;0
kazimierz ginter chojnice;50;0.0;3;2023-05-21;70;30;90;50;90;30;40;70;30;40;30;70;0
aldi chojnice kiedy otwarcie;50;0.0;3;2023-12-09;0;0;40;140;90;40;110;140;0;0;0;0;0
sobczak chojnice;50;0.0;2;2023-07-28;70;70;50;70;70;50;40;40;50;50;50;50;0
urzad pracy chojnice oferty;50;0.0;4;2023-10-23;70;70;70;50;50;40;90;90;50;10;10;20;0
urbaniak mieszkania chojnice;50;0.0;3;2023-10-07;-1;-1;-1;-1;-1;-1;-1;-1;-1;-1;-1;-1;0
najlepsza pizza chojnice;50;2.34;3;2023-10-08;70;50;50;70;50;70;110;110;30;10;20;40;0
szpital chojnice oddział urologiczny;50;0.0;4;2023-08-24;90;50;90;50;70;40;20;70;40;30;20;50;0
poradnia otolaryngologiczna chojnice;50;0.0;3;2023-10-11;90;70;70;50;70;40;30;20;40;50;50;30;0
akademia pana kleksa chojnice;50;0.0;4;2023-11-21;210;90;40;30;50;40;10;50;30;10;20;40;0
nocna i świąteczna opieka zdrowotna chojnice;50;0.0;5;2023-11-21;70;50;50;50;30;20;30;30;40;40;50;90;0
ceny węgla chojnice;50;0.0;3;2023-12-11;40;50;70;20;90;30;50;70;40;50;50;70;0
marta taxi chojnice;50;0.0;3;2024-04-19;40;50;30;40;50;50;50;70;110;50;70;70;0
ginekolog nfz chojnice;50;0.0;3;2024-03-18;50;50;40;40;40;70;50;90;40;30;30;50;0
arabica chojnice menu;50;0.0;3;2024-06-12;90;90;50;50;50;20;40;50;50;30;70;50;0
ginekolog chojnice prywatnie forum;50;0.0;4;2024-01-15;50;70;70;40;50;30;30;50;50;40;50;20;0
kwiaciarnia chojnice strzelecka;50;0.0;3;2024-01-29;50;40;90;50;70;40;40;40;40;90;40;50;0
kwiaciarnia chojnice piłsudskiego;50;1.24;3;2024-01-29;30;50;70;70;70;50;30;70;50;70;40;40;0
fart chojnice;50;0.0;2;2024-11-04;90;50;30;110;50;30;20;20;20;40;50;50;0
fryzjer dla psa chojnice;50;2.15;4;2021-05-21;30;40;50;70;70;70;50;40;30;20;40;50;0
travelplanet chojnice;50;0.43;2;2024-10-28;0;90;70;50;30;70;90;70;50;0;0;0;0
chojnice zoo;50;0.0;2;2021-03-11;20;10;20;90;40;70;90;90;30;30;20;20;0
pepco chojnice godziny otwarcia;50;0.0;4;2021-03-10;40;30;40;20;30;30;40;50;50;70;50;90;0
roberto chojnice menu;50;0.0;3;2021-03-11;50;50;40;50;30;30;50;70;30;70;40;40;0
salon sukien ślubnych chojnice;50;0.0;4;2021-03-11;70;70;40;70;50;50;40;50;50;50;40;20;3;salony sukien ślubnych chojnice
chojnice salon sukien ślubnych
salon sukni ślubnych chojnice
szkoły policealne chojnice;50;0.12;3;2021-06-22;40;50;70;40;40;40;70;70;70;30;30;20;3;szkoły policealne w chojnicach
szkoła policealna w chojnicach
chojnice szkoły policealne
dr żywicki chojnice;50;0.0;2;2021-03-11;90;90;70;40;50;40;50;40;30;40;50;50;0
lewiatan chojnice;50;0.0;2;2021-03-11;70;30;90;40;50;30;40;70;50;70;40;70;0
olx meble używane chojnice;50;0.0;4;2021-03-11;50;50;70;40;50;40;70;90;20;20;30;20;2;olx meble uzywane chojnice
olx chojnice meble używane
pogoda długoterminowa dla chojnic;50;0.0;4;2021-06-22;50;50;50;90;70;40;50;50;50;30;30;20;1;pogoda dla chojnic długoterminowa
domki holenderskie chojnice;50;0.7;3;2021-03-11;40;30;50;50;70;50;70;50;30;40;20;20;1;domek holenderski chojnice
chojnice sklep zoologiczny;50;0.0;3;2021-05-17;40;70;20;70;50;30;110;40;20;50;90;110;0
urząd pracy chojnice dofinansowanie;50;0.36;4;2021-04-12;110;70;70;50;30;30;30;50;50;20;20;30;0
olx oferty pracy chojnice;50;0.0;4;2021-03-11;70;20;30;20;30;20;20;20;140;140;40;10;2;oferty pracy chojnice olx
oferty pracy olx chojnice
motoryzacja chojnice olx;50;0.0;3;2021-06-22;50;50;50;70;50;30;20;50;70;50;70;50;3;olx motoryzacja chojnice
olx chojnice motoryzacja
motoryzacja olx chojnice
weterynarz chojnice cennik;50;0.0;3;2021-03-11;50;50;40;50;50;70;70;70;40;30;20;30;0
badanie emg chojnice;50;0.0;3;2021-03-11;50;70;50;50;50;40;70;70;110;40;40;40;0
bazylika chojnice intencje mszalne;50;0.0;4;2021-03-11;70;50;20;20;40;10;10;20;30;140;110;50;0
autohandel max chojnice opinie;50;0.0;4;2021-03-11;70;50;70;50;40;70;30;50;40;70;30;30;0
dom dziecka chojnice;50;0.0;3;2021-03-11;40;30;30;70;50;30;50;20;20;30;70;110;1;chojnice dom dziecka
wydział komunikacji chojnice rejestracja online;50;0.0;5;2021-03-11;40;40;70;90;90;50;90;110;90;20;10;20;0
szpital chojnice laboratorium cennik;50;0.0;4;2021-03-11;90;90;70;70;40;40;50;50;50;50;40;40;0
zsp1 chojnice;50;0.0;2;2021-03-11;40;90;140;70;20;20;10;10;40;90;70;50;0
lidl godziny otwarcia chojnice;50;0.0;4;2021-06-22;50;40;30;140;50;50;50;40;30;40;30;110;1;godziny otwarcia lidl chojnice
kościerzyna chojnice;50;0.0;2;2021-03-11;50;50;40;50;50;70;70;50;30;50;40;50;0
marimar chojnice catering;50;0.0;3;2021-06-22;50;50;70;40;20;30;20;30;40;20;70;110;1;catering chojnice marimar
klub seniora chojnice;50;0.0;3;2021-03-11;90;50;50;70;50;30;20;30;20;30;50;40;0
lakiernik chojnice;50;0.0;2;2021-03-11;30;40;40;50;70;90;90;110;20;40;50;50;0
auto eko chojnice;50;0.0;3;2021-03-11;50;40;70;50;70;70;50;40;70;40;50;50;0
sklep elektroniczny chojnice;50;0.0;3;2021-03-11;40;50;70;50;50;50;30;90;50;70;70;50;0
psb mrówka chojnice;50;0.0;3;2021-03-11;40;30;40;70;40;70;70;50;70;50;70;50;0
przyczepy chojnice;50;0.68;2;2021-03-11;40;40;70;70;50;40;50;40;50;30;50;40;0
chojnice weather;50;0.0;2;2021-03-11;70;50;20;50;40;50;70;110;50;20;10;20;0
dyskoteka wesele chojnice;50;0.0;3;2021-06-22;140;20;20;50;30;10;20;20;20;50;50;90;2;dyskoteka wesele w chojnicach
wesele dyskoteka chojnice
katolicka szkoła podstawowa chojnice;50;0.0;4;2021-03-11;30;50;30;40;40;50;20;50;210;70;50;30;0
pizza roberto chojnice;50;1.88;3;2021-06-22;30;40;50;50;50;70;70;50;50;30;40;50;2;roberto pizza chojnice
pizza chojnice roberto
łodzie chojnice;50;0.0;2;2021-06-22;50;50;90;50;70;70;50;40;50;70;40;30;3;chojnice łodzie
lodzie chojnice
chojnice lodzie
fryzjer ewelina chojnice;50;0.0;3;2021-03-11;70;50;70;50;50;50;70;50;50;50;40;70;1;ewelina fryzjer chojnice
szkoła 7 chojnice;50;0.0;2;2021-03-11;30;40;50;50;70;70;20;70;70;40;30;30;0
przychodnia wiejska gminy chojnice;50;0.0;4;2021-03-11;50;50;70;40;50;50;50;40;50;70;70;70;0
hematolog chojnice prywatnie;50;0.0;3;2021-03-11;40;70;70;70;50;40;50;20;40;50;30;40;0
gemini chojnice laryngolog;50;0.18;3;2021-03-11;50;70;110;50;50;50;50;50;50;30;40;50;0
ortopeda dziecięcy chojnice;50;0.0;3;2021-03-11;40;50;50;50;70;70;70;110;70;40;40;20;0
zielone domy chojnice;50;0.0;3;2021-03-11;70;40;50;40;70;40;30;40;50;70;50;50;1;zielone domy z chojnic
kino chojnice kontakt;50;0.0;3;2021-03-11;70;90;40;30;30;20;70;40;20;40;50;50;0
sklep odzieżowy chojnice;50;0.0;3;2021-03-11;40;20;50;70;50;50;70;70;90;70;50;50;2;sklepy odzieżowe chojnice
chojnice sklepy odzieżowe
pizzeria metro chojnice;50;0.0;3;2021-03-11;50;70;50;40;50;40;50;50;70;70;50;50;3;metro pizzeria chojnice
metro chojnice pizzeria
pizzeria chojnice metro
ostrowite k chojnic;50;0.0;2;2021-06-22;70;70;70;70;70;50;10;10;70;90;50;40;1;ostrowite koło chojnic
dom do wynajęcia chojnice;50;0.14;3;2021-03-25;50;50;90;90;50;70;50;40;50;40;50;50;1;domy do wynajęcia chojnice
rindipol chojnice;50;0.0;2;2021-03-11;30;30;70;70;50;40;70;50;50;50;40;50;0
marbruk chojnice;50;0.0;2;2021-03-11;50;50;70;70;50;40;50;50;40;50;30;40;0
chojnice charzykowy;50;0.0;2;2021-03-11;30;20;40;50;70;110;110;110;30;30;20;20;3;charzykowy chojnice
charzykowy k chojnic
charzykowy koło chojnic
dentysta chojnice 24h;50;0.0;3;2021-03-11;50;30;40;90;90;50;20;70;40;10;20;40;0
szkółka roślin chojnice;50;0.0;3;2021-03-11;10;10;50;90;140;90;70;50;50;50;70;10;0
przytulisko chojnice szczeniaki;50;0.0;3;2021-03-11;90;70;70;50;40;30;30;20;10;90;40;50;0
stajnia chojnice;50;0.0;2;2021-03-11;50;20;70;70;50;50;70;90;30;40;30;50;0
salon gier chojnice;50;0.0;3;2021-03-11;70;70;30;30;40;30;40;30;40;50;50;70;0
parafia rzepakowa chojnice;50;0.0;3;2021-03-11;90;40;70;50;50;40;30;30;50;30;50;70;0
silno chojnice;50;0.0;2;2021-06-22;70;90;70;20;20;40;30;20;90;110;70;30;1;silno koło chojnic
chojnice stare miasto;50;0.0;2;2021-03-11;20;30;170;70;70;50;90;90;50;30;50;10;0
firmy transportowe chojnice;50;0.58;3;2021-06-22;70;90;70;70;70;50;50;90;30;50;40;30;1;firma transportowa chojnice
lombard chojnice młyńska;50;0.0;3;2021-03-11;50;40;40;40;30;40;70;50;90;70;90;70;1;lombard młyńska chojnice
kwiaciarnia chojnice obrońców chojnic;50;0.0;4;2021-03-11;50;50;70;70;110;50;50;30;70;30;10;40;0
poradnia k chojnice;50;0.0;2;2021-03-11;50;50;50;40;50;40;50;50;40;30;50;50;0
papka chojnice;50;0.0;2;2021-03-11;70;30;90;70;50;50;40;40;50;70;70;50;0
chojnice warszawa pkp;50;0.0;3;2021-06-22;70;30;50;50;70;70;90;50;50;50;30;50;1;pkp chojnice warszawa
antykwariat chojnice;50;0.0;2;2021-06-22;40;90;30;50;40;50;70;40;40;50;40;30;1;chojnice antykwariat
burger izmir chojnice;50;0.0;3;2021-03-11;70;50;70;70;50;50;50;50;50;50;50;70;0
bank pko sa chojnice;50;0.0;4;2021-03-11;50;50;50;40;40;50;70;40;70;50;50;30;0
rezonans magnetyczny chojnice cennik;50;0.0;4;2021-03-11;90;50;40;40;40;40;40;70;70;50;50;30;0
suknie ślubne chojnice;50;0.72;3;2021-03-11;110;70;70;50;70;30;30;50;50;40;30;30;2;suknia ślubna chojnice
chojnice suknie slubne
chojnice wikipedia;50;0.0;2;2021-03-11;50;50;50;50;70;50;70;70;50;70;50;50;0
szkoła realna chojnice;50;0.0;3;2021-03-11;20;40;20;40;50;40;50;50;140;30;40;30;0
rossmann chojnice godziny otwarcia;50;0.0;4;2021-03-11;40;30;30;30;20;50;40;70;50;50;70;140;0
doradca podatkowy chojnice;50;1.64;3;2021-03-11;90;90;50;40;30;20;50;90;50;70;40;90;0
chirurg szczękowy chojnice;50;0.0;3;2021-03-11;50;30;50;30;40;90;50;40;40;40;50;40;0
dobry psycholog chojnice forum;50;0.64;4;2021-03-11;50;70;70;50;40;50;50;90;90;30;50;40;0
salus chojnice ortopeda;50;0.0;3;2021-03-11;50;30;140;70;70;50;30;40;50;50;70;50;0
home and you chojnice;50;0.0;4;2021-03-11;70;40;70;40;20;30;30;40;30;50;140;140;0
pogoda chojnice onet;50;0.0;3;2021-06-22;30;30;40;30;90;110;90;110;30;20;30;30;3;onet pogoda chojnice
pogoda onet chojnice
chojnice pogoda onet
wieża ciśnień chojnice;50;0.0;3;2021-03-11;50;50;90;50;50;40;70;40;40;40;70;40;0
pup chojnice konkursy;50;0.0;3;2021-03-11;50;50;70;50;70;40;40;40;50;40;20;10;0
szkoły średnie chojnice;50;0.0;3;2021-03-11;90;30;50;70;70;20;10;20;10;30;90;70;1;szkoły średnie w chojnicach
sukiennice chojnice menu;50;0.0;3;2021-03-11;40;70;70;40;50;40;90;70;110;50;40;40;0
linia nr 7 chojnice;50;0.0;2;2021-03-11;110;70;50;30;50;40;50;70;70;50;70;40;0
catering chojnice cennik;50;1.31;3;2021-03-11;70;70;90;70;50;50;40;50;50;40;40;40;0
przychodnia mickiewicza chojnice;50;0.0;3;2021-06-22;70;50;50;50;50;70;70;50;50;50;70;50;5;przychodnia chojnice mickiewicza
chojnice przychodnia mickiewicza
przychodnia na mickiewicza chojnice
chojnice mickiewicza przychodnia
mickiewicza przychodnia chojnice
salon orange chojnice;50;0.0;3;2021-03-11;30;50;70;30;40;50;70;50;50;140;50;40;0
praca kierowca kat b chojnice;50;0.49;5;2021-03-11;70;70;90;70;50;30;30;20;20;50;40;50;1;praca jako kierowca kat b chojnice
dzialki z domkiem chojnice;50;0.04;3;2021-03-11;50;50;90;70;70;70;40;70;70;50;50;30;0
pizzeria da grasso chojnice;50;1.27;4;2021-06-22;50;70;70;70;50;40;40;50;30;30;70;40;1;pizzeria chojnice da grasso
powszechna wyższa szkoła humanistyczna pomerania w chojnicach;50;0.0;6;2021-03-11;30;70;70;40;40;70;50;70;70;50;40;30;0
konserwacja podwozia chojnice;50;0.0;3;2021-03-11;30;90;20;30;40;20;70;110;90;40;10;30;0
mma chojnice;50;0.0;2;2021-03-11;50;30;40;10;30;30;30;40;40;40;170;30;0
osteopata chojnice;50;0.0;2;2021-03-11;50;40;50;30;50;40;30;70;50;50;40;30;0
bus do niemiec chojnice;50;1.56;4;2021-06-22;70;50;30;50;50;70;30;50;50;50;40;30;3;bus chojnice niemcy
busy do niemiec z chojnic
busy z chojnic do niemiec
praca dla nieletnich chojnice;50;0.62;3;2021-03-11;50;30;50;70;90;140;70;30;30;20;30;20;0
tapicer samochodowy chojnice;50;0.0;3;2021-03-11;20;50;40;30;70;90;70;90;70;50;40;20;0
parafia ducha świętego chojnice;50;0.0;4;2021-03-11;110;40;50;70;70;40;20;20;30;30;10;70;0
wydział komunikacji chojnice godziny otwarcia;50;0.0;5;2021-03-11;40;30;30;30;50;50;70;90;90;40;30;30;0
sklep obuwniczy chojnice;50;0.0;3;2021-03-11;20;30;90;110;50;90;50;70;40;40;40;20;1;sklepy obuwnicze chojnice
chojnice muzeum;50;0.0;2;2021-06-22;30;50;30;10;50;40;140;140;90;40;10;10;1;muzeum w chojnicach
mezer chojnice;50;0.0;2;2021-03-11;40;50;40;50;40;70;50;30;70;40;50;30;0
rozkład jazdy mzk chojnice brama pomorza;50;0.0;6;2021-03-11;30;40;40;70;70;50;70;90;40;50;50;70;0
grawer chojnice;50;1.74;2;2021-03-11;50;70;50;50;50;70;40;40;40;30;30;40;0
wysoccy chojnice;50;0.0;2;2021-06-22;50;40;50;70;50;50;50;50;50;50;50;50;1;chojnice wysoccy
krawiec chojnice;50;0.0;2;2021-03-11;40;20;40;70;90;90;70;50;50;10;20;30;0
sklep zoologiczny pako chojnice;50;0.0;4;2021-05-17;90;30;70;50;70;50;50;50;30;20;30;50;0
neurologopeda chojnice;50;0.0;2;2021-03-25;40;70;50;70;70;20;40;30;50;70;40;40;0
drzewo opałowe chojnice;50;0.0;3;2021-03-11;10;50;40;30;20;20;40;170;90;50;30;20;0
hotele chojnice i okolice;50;0.98;3;2021-06-22;30;20;10;10;20;30;50;140;90;90;90;50;1;hotele chojnice okolice
msze św chojnice;50;0.0;3;2021-03-11;40;40;40;50;50;30;50;40;40;50;40;50;2;msze sw chojnice
msza sw chojnice
weterynarz chojnice strzelecka godziny otwarcia;50;0.0;5;2021-05-18;40;50;70;50;90;70;110;70;40;30;40;20;0
szkoła podstawowa chojnice;50;0.0;3;2021-03-11;40;50;50;40;40;70;40;50;70;30;40;50;1;szkoły podstawowe chojnice
rejestracja samochodu chojnice;50;0.0;3;2021-03-11;70;50;50;70;50;70;70;70;70;50;40;50;0
karate chojnice;50;0.0;2;2021-03-11;30;40;50;30;40;40;20;70;110;70;40;30;0
historia chojnic;50;0.0;2;2021-03-11;70;170;50;40;40;40;50;40;50;40;70;30;1;chojnice historia
chojnice zamek krzyżacki;50;0.0;3;2021-03-11;110;40;30;30;50;70;140;110;50;20;20;10;0
marplex chojnice;50;0.0;2;2021-03-11;40;30;50;70;90;90;90;50;50;50;40;20;0
park handlowy chojnice;50;0.0;3;2021-03-11;40;40;40;70;170;40;40;40;40;30;50;70;0
skład opału chojnice;50;0.0;3;2021-03-11;50;40;70;40;30;40;10;50;70;110;50;90;1;składy opału chojnice
chirurg naczyniowy chojnice nfz;50;0.0;4;2021-03-11;70;70;70;70;50;50;70;70;50;50;30;20;0
ortopedia chojnice;50;0.0;2;2021-03-11;40;50;40;50;70;50;50;40;30;40;50;70;0
mac house chojnice;50;0.0;3;2021-03-11;40;70;40;70;30;40;70;40;40;40;40;30;0
polregio chojnice;50;0.0;2;2021-03-11;50;40;50;40;70;50;50;50;70;40;40;40;0
wszechnica chojnice;50;0.0;2;2021-03-11;70;70;50;90;50;40;40;50;30;70;70;50;0
człuchów chojnice;50;0.0;2;2021-06-22;40;30;40;50;90;50;70;70;40;30;40;40;1;chojnice człuchów
pks chojnice tuchola;50;0.0;3;2021-03-11;90;70;50;50;40;50;50;70;70;70;40;50;1;pks tuchola chojnice
psychiatra chojnice nfz;50;0.0;3;2021-03-10;40;70;70;70;20;40;30;30;40;50;50;40;0
urząd skarbowy chojnice licytacje;50;0.0;4;2021-03-10;70;50;70;90;40;40;50;40;40;30;50;40;0
salon renault chojnice;50;2.76;3;2021-03-11;50;50;70;70;30;40;30;40;90;70;70;30;0
obi chojnice kontakt;50;1.1;3;2021-03-11;30;40;50;70;90;70;70;40;40;30;30;20;0
chojnice swornegacie;50;0.0;2;2021-03-11;10;20;10;40;50;70;170;90;30;50;10;20;1;swornegacie chojnice
pks chojnice bydgoszcz;50;0.0;3;2021-06-22;40;30;40;40;70;70;70;40;40;40;40;30;1;pks bydgoszcz chojnice
urząd pracy chojnice praca;50;0.0;4;2021-03-11;50;50;90;20;50;30;50;50;70;50;70;70;0
pkp chojnice kontakt;50;0.0;3;2021-03-11;70;50;40;20;50;40;70;40;30;50;50;40;0
kasa stefczyka chojnice;50;2.72;3;2021-03-11;50;70;50;70;70;50;50;50;50;40;50;30;0
piekarnia bagietka chojnice;50;0.0;3;2021-03-11;30;20;40;30;30;40;40;30;40;170;40;20;0
urząd komunikacji chojnice;50;0.0;3;2021-03-11;50;40;50;70;50;30;70;50;70;70;40;30;0
zakład kamieniarski chojnice;50;0.0;3;2021-03-11;30;40;70;70;70;50;40;70;50;50;30;10;0
nowy dwór chojnice;50;0.0;3;2021-03-11;50;50;50;70;70;70;50;30;40;30;50;50;0
rezonans magnetyczny chojnice prywatnie;50;0.0;4;2021-03-11;90;50;50;50;50;20;30;20;20;50;50;50;0
mzk chojnice rozkład jazdy linia nr 1;50;0.0;5;2021-03-11;30;30;50;20;70;50;90;90;110;70;30;30;0
naprawa sprzętu agd chojnice;50;0.42;4;2021-03-11;90;30;70;50;20;50;40;30;70;40;40;20;0
auto złom chojnice swietopelka;50;0.37;4;2021-03-11;20;30;30;40;30;70;70;50;40;50;50;50;1;auto zlom chojnice swietopelka
punkt dhl chojnice;50;0.0;3;2021-03-11;40;90;70;70;40;50;40;30;50;40;50;40;0
ciśnienie atmosferyczne chojnice;50;0.0;3;2021-03-11;90;90;70;70;40;40;30;20;30;40;50;110;0
kwiaciarnia wena chojnice;50;0.0;3;2021-03-10;50;50;50;50;50;50;40;40;30;50;40;40;0
osiedle pogodne chojnice;50;0.0;3;2021-03-10;40;50;70;40;70;50;90;70;70;50;40;30;1;osiedle pogodne w chojnicach
marek szczepański chojnice;50;0.0;3;2021-03-10;40;90;110;210;40;30;30;20;30;40;40;30;0
kawalerka do wynajęcia chojnice;50;0.08;4;2021-03-10;20;50;40;40;70;90;90;50;40;40;40;20;0
poznań chojnice pkp;50;0.0;3;2021-03-10;20;20;50;110;40;50;70;70;50;30;30;40;0
dom na metalowcu chojnice;50;0.07;4;2021-03-10;30;50;70;40;50;70;50;90;40;20;20;10;0
stacja pogody chojnice;50;0.0;3;2021-03-10;70;30;30;50;90;40;50;70;70;40;30;30;0
kręgielnia chojnice cennik;50;0.0;3;2021-03-10;70;140;70;50;40;40;30;20;20;70;50;40;0
szpital chojnice rejestracja rezonans magnetyczny;50;0.0;5;2021-03-10;40;50;40;50;50;70;70;50;50;90;50;40;0
naprawa kosiarek chojnice;50;0.0;3;2021-03-10;20;10;50;110;90;70;110;40;20;20;10;10;0
hydropol chojnice;50;0.0;2;2021-03-11;50;50;50;90;70;50;70;70;30;40;40;30;0
przedszkole katolickie chojnice;50;0.0;3;2021-03-11;50;30;50;50;50;70;20;70;50;50;40;50;0
mobilna wulkanizacja chojnice;50;3.77;3;2021-03-11;40;50;40;40;50;30;50;50;50;70;50;70;0
wynajmę mieszkanie chojnice;50;0.2;3;2021-03-11;30;70;110;210;30;20;50;30;20;10;30;20;0
auto kasacja chojnice;50;3.2;3;2021-03-11;70;50;50;50;70;50;70;50;70;70;70;50;0
świat mai chojnice cennik;50;0.0;4;2021-03-11;30;210;110;50;40;40;40;20;30;30;30;40;0
królowej polski chojnice;50;0.0;3;2021-03-11;50;70;110;50;50;40;30;40;20;40;50;90;0
kręgle chojnice cennik;50;0.0;3;2021-03-11;70;140;70;50;40;40;30;20;20;70;50;40;0
bhp chojnice;50;0.0;2;2021-03-11;70;50;70;40;70;70;70;50;50;50;40;20;0
nowe liceum chojnice;50;0.0;3;2021-03-11;50;50;40;50;30;30;30;30;90;40;70;30;0
rozkład jazdy pkp kościerzyna chojnice;50;0.0;5;2021-03-11;40;50;50;40;70;50;70;70;70;70;30;30;0
chojnice gdynia;50;0.0;2;2021-03-11;50;50;50;50;70;50;70;70;50;40;50;40;0
szpital chojnice oddział ginekologiczny;50;0.0;4;2021-03-11;70;50;70;70;20;50;50;40;30;30;50;30;0
kanama chojnice komis;50;0.19;3;2021-03-11;50;90;70;40;30;30;50;50;50;40;30;30;0
rejestracja pojazdu chojnice;50;0.0;3;2021-03-11;50;40;70;50;50;70;50;50;50;50;70;50;0
komornik sądowy chojnice;50;0.0;3;2021-03-11;90;40;50;70;50;20;30;40;70;40;50;70;0
pogotowie dentystyczne chojnice;50;0.0;3;2021-03-11;40;90;70;50;50;40;40;50;30;30;30;70;0
stadion miejskiego klubu sportowego chojniczanka chojnice 1930;50;0.0;7;2025-05-28;20;40;50;40;70;110;40;90;50;30;10;10;0
mieszkanie za remont chojnice;50;0.0;4;2025-04-27;50;40;140;20;90;110;90;20;20;30;30;20;0
koszalin chojnice;50;0.0;2;2021-03-11;50;70;50;50;50;50;110;50;70;50;40;40;0
pck chojnice;50;0.0;2;2021-03-11;40;50;50;30;20;40;40;40;50;50;70;70;0
dworzec autobusowy chojnice;50;0.0;3;2021-03-11;40;50;50;40;40;70;90;70;40;30;30;40;0
szpital chojnice poradnie;50;0.0;3;2021-03-11;30;140;110;140;90;50;50;30;20;20;30;10;0
chojnice mieszkanie do wynajęcia;50;0.06;4;2025-04-25;50;40;110;70;90;20;50;50;30;30;40;30;0
węgiel chojnice ceny;50;0.0;3;2021-03-11;110;90;110;70;70;70;70;110;90;110;90;70;0
enea chojnice godziny otwarcia;50;0.0;4;2021-03-11;70;90;110;140;140;320;70;70;50;50;170;50;0
apteki chojnice godziny otwarcia;50;0.0;4;2021-03-11;40;50;40;50;70;30;40;50;50;50;40;70;0
suma buty chojnice;50;0.0;3;2021-06-22;70;30;40;70;30;30;30;50;40;30;70;20;1;buty suma chojnice
auto detailing chojnice;50;0.0;3;2021-03-11;30;20;50;40;50;50;40;70;40;30;10;10;0
circle k chojnice;50;0.0;3;2021-03-11;40;20;30;20;30;70;70;40;40;30;40;70;0
gemba chojnice;50;0.0;2;2021-03-11;50;30;30;50;50;50;50;50;30;30;20;40;0
gazownik chojnice;50;0.0;2;2021-03-11;30;40;30;40;40;40;50;40;70;40;40;50;0
fryzjer chojnice cennik;50;0.0;3;2021-03-11;40;50;50;50;70;70;110;70;50;50;50;30;0
ship center chojnice;50;0.0;3;2025-03-06;50;30;70;40;40;40;50;50;40;40;90;50;0
browar chojnice koncerty;50;0.0;3;2025-10-23;40;110;110;50;50;50;30;40;10;20;10;30;0
prezero chojnice;50;0.0;2;2025-09-17;50;40;50;50;40;40;50;40;70;30;30;50;0
wypożyczalnia chojnice;50;0.0;2;2025-03-27;40;50;50;70;70;90;50;40;50;30;30;20;0
pole namiotowe chojnice;50;0.0;3;2025-10-13;20;10;10;20;140;170;170;10;10;10;10;0
chojnice pole namiotowe;50;0.0;3;2025-10-13;10;10;10;10;20;90;390;140;10;10;0;10;0
kasa biletowa pkp chojnice kontakt;50;0.0;5;2026-02-19;40;50;40;20;70;50;70;70;30;50;50;50;0
lombard chojnice piłsudskiego;50;0.0;3;2021-03-11;40;40;90;40;30;40;40;30;30;50;40;40;0
pogotowie energetyczne chojnice;50;0.0;3;2021-03-11;50;50;50;50;40;40;70;50;40;70;40;50;0
ośrodek profilaktyki rodzinnej chojnice;50;0.0;4;2021-03-11;50;30;40;40;70;70;90;70;70;90;50;30;0
top secret chojnice;50;0.92;3;2021-03-11;70;70;40;50;30;20;20;70;40;20;50;50;0
usacars chojnice;50;0.71;2;2021-03-11;30;40;50;70;70;20;10;90;20;90;70;50;0
blaszak chojnice;50;0.71;2;2021-03-11;70;90;70;50;50;40;50;30;50;40;50;50;0
sklep dziecięcy chojnice;50;0.0;3;2021-03-11;40;50;50;50;50;70;40;50;40;50;50;50;2;sklep dzieciecy chojnice
sklepy dziecięce chojnice
praca sezonowa chojnice;50;0.11;3;2021-03-11;140;210;140;20;10;10;10;10;10;20;40;70;1;chojnice praca sezonowa
urząd miasta chojnice praca;50;0.0;4;2021-03-11;40;30;30;50;50;70;50;50;70;50;70;50;0
rejestracja pojazdów chojnice;50;0.0;3;2021-05-26;70;50;40;50;50;40;40;30;50;40;70;90;0
kantor wymiany walut chojnice;50;1.55;4;2021-03-11;40;70;70;70;30;40;40;70;40;40;90;90;2;chojnice kantor wymiany walut
kantory wymiany walut chojnice
bank pekao sa chojnice;50;0.0;4;2021-03-11;70;40;50;50;40;30;30;20;70;40;70;40;0
torty chojnice;50;0.0;2;2021-03-11;50;40;50;50;30;50;40;50;50;50;70;50;0
stary szpital chojnice;50;0.0;3;2021-03-11;40;40;40;50;40;50;50;40;110;90;70;50;1;stary szpital w chojnicach
opalanie natryskowe chojnice;50;0.6;3;2021-03-11;90;90;70;70;40;10;30;10;30;30;50;90;0
ogrodnictwo chojnice;50;0.0;2;2021-03-11;140;70;50;70;20;40;30;20;10;30;110;110;0
brama pomorza chojnice sklepy;50;0.0;4;2021-06-22;110;90;70;50;30;40;70;40;30;50;40;40;2;chojnice brama pomorza sklepy
brama pomorza sklepy chojnice
łazienki chojnice;50;1.18;2;2021-03-11;50;70;40;50;20;30;70;70;30;30;50;50;1;chojnice łazienki
hanami sushi chojnice menu;50;2.23;4;2025-11-18;30;50;30;30;30;40;70;40;10;30;70;110;0
sushi chojnice yakuza;50;0.34;3;2025-11-18;70;90;30;20;50;50;30;70;40;70;40;90;0
gierszewski chojnice;50;0.0;2;2021-03-11;50;50;50;90;70;70;70;50;50;50;70;50;0
rzecznik praw konsumenta chojnice;50;0.0;4;2021-03-11;50;50;40;50;40;70;40;50;70;70;30;50;0
wośp chojnice;50;0.0;2;2021-03-11;720;10;10;10;10;10;10;0;10;10;20;40;0
ewid chojnice;50;0.0;2;2021-03-10;90;70;50;70;50;40;50;70;40;40;40;50;0
notariusz armada chojnice;50;0.0;3;2021-03-10;50;70;50;30;50;50;40;30;50;50;90;30;1;armada notariusz chojnice
fzgt chojnice;50;0.0;2;2021-03-10;50;50;30;70;50;40;90;30;20;40;90;30;0
topole chojnice;50;0.0;2;2021-06-22;30;50;70;70;40;50;50;50;70;70;90;70;3;topole koło chojnic
topole k chojnic
topola chojnice
fabryka pizzy chojnice;50;0.0;3;2021-06-22;70;50;50;70;50;30;30;70;40;50;40;30;2;pizza fabryka chojnice
chojnice fabryka pizzy
wypadek chojnice dzisiaj;50;0.0;3;2021-03-11;40;40;90;50;140;20;50;90;30;40;40;50;0
porodówka chojnice;50;0.0;2;2021-03-11;40;50;30;30;40;40;50;70;90;70;50;70;0
pdi chojnice;50;0.0;2;2021-03-10;40;50;50;50;50;40;50;90;70;90;70;70;0
mzk chojnice kontakt;50;0.0;3;2021-03-11;50;40;50;30;50;70;40;50;110;70;70;70;0
sprzątaczka chojnice;50;0.0;2;2021-03-11;70;40;40;70;50;50;70;90;70;40;50;30;0
chojnice mapa satelitarna;50;0.0;3;2021-03-11;70;50;40;40;50;50;70;50;40;50;40;50;0
ślusarz chojnice;50;0.0;2;2021-03-10;50;40;70;50;50;50;70;40;70;70;70;70;0
medycyna pracy chojnice rybarczyk;50;0.0;4;2021-03-11;50;50;50;90;70;50;50;20;40;50;70;40;2;rybarczyk medycyna pracy chojnice
rybarczyk chojnice medycyna pracy
starostwo powiatowe chojnice praca;50;0.0;4;2021-03-11;90;70;70;70;90;70;20;20;30;20;70;50;0
hotel dla psów chojnice;50;0.89;4;2021-06-22;50;90;90;90;30;50;50;40;50;50;40;30;2;chojnice hotel dla psów
hotel dla psa chojnice
przetargi chojnice;50;0.78;2;2021-06-22;40;40;50;40;50;30;30;40;90;70;50;50;1;miasto chojnice przetargi
tłumacz przysięgły chojnice;50;2.46;3;2021-03-11;30;70;30;50;70;70;70;50;40;40;30;30;1;tlumacz przysiegly chojnice
korepetycje matematyka chojnice;50;2.22;3;2021-03-11;70;50;70;70;40;40;20;50;110;90;90;50;0
fosa miejska chojnice;50;0.0;3;2021-03-11;50;70;70;50;90;480;170;390;70;70;50;50;0
mammografia chojnice;50;0.0;2;2021-03-10;70;50;90;50;40;70;50;40;50;40;50;40;0
pomerania chojnice studia podyplomowe;50;4.58;4;2021-03-10;30;30;30;40;90;50;50;20;50;70;70;30;0
naprawa telewizorów chojnice;50;0.0;3;2021-03-10;40;70;50;40;40;40;40;40;50;50;50;50;0
kościół mbkp chojnice;50;0.0;3;2021-03-10;40;30;40;50;70;40;70;70;40;70;50;50;0
polomarket chojnice;50;0.0;2;2021-03-10;70;50;50;70;70;50;40;70;40;50;50;70;0
galeria brama pomorza chojnice;50;0.0;4;2021-06-22;20;30;40;50;40;30;50;140;40;40;90;90;3;galeria chojnice brama pomorza
chojnice galeria brama pomorza
galeria w chojnicach brama pomorza
gryf chojnice;50;0.0;2;2021-03-10;40;40;70;50;50;50;70;70;50;40;50;50;0
gmina chojnice praca;50;0.0;3;2021-03-10;50;40;40;50;70;50;40;90;90;50;70;50;0
kino chojnice filmy;50;0.0;3;2021-06-22;40;30;50;40;40;40;70;70;50;50;40;30;2;filmy kino chojnice
chojnice kino filmy
poprawczak chojnice;50;0.0;2;2021-03-10;70;50;30;30;50;70;50;50;50;30;50;30;0
praca dorywcza chojnice;50;0.85;3;2021-03-10;70;50;40;40;40;50;30;40;90;50;40;30;1;chojnice praca dorywcza
optyk gollus chojnice;50;0.0;3;2021-03-11;50;50;70;70;50;30;50;50;40;40;50;30;0
gordon chojnice;50;0.0;2;2021-03-11;70;50;90;40;40;40;50;40;30;50;40;40;0
młodzieżowa chojnice;50;0.0;2;2021-03-11;40;40;20;40;30;30;50;40;50;110;110;110;0
34 batalion radiotechniczny chojnice;50;0.0;4;2021-03-11;50;40;50;70;70;50;70;50;50;30;40;40;0
mieszkania na sprzedaż chojnice i okolice;50;0.0;6;2021-03-11;20;20;20;40;20;50;50;90;70;110;70;40;0
państwowa inspekcja pracy chojnice;50;0.0;4;2022-12-30;40;50;40;70;70;50;50;50;70;50;50;50;0
pokrycia dachowe chojnice;50;4.5;3;2021-03-10;40;50;40;40;30;20;20;40;70;110;70;50;0
spa chojnice i okolice;50;0.7;4;2021-06-22;40;30;40;30;50;30;50;70;90;110;70;40;1;spa okolice chojnic
parapety chojnice;50;0.0;2;2021-03-10;40;30;30;40;30;30;40;70;70;140;90;40;0
wycena nieruchomości chojnice;50;3.1;3;2021-03-11;10;20;20;20;30;70;20;70;70;110;70;40;0
atrakcje chojnice i okolice;50;0.0;4;2021-06-22;70;140;110;20;30;30;20;50;40;50;70;90;1;atrakcje okolice chojnic
skup palet chojnice;50;1.09;3;2021-03-10;70;40;50;70;50;40;50;70;50;40;70;70;0
synevo chojnice;50;0.61;2;2021-03-10;50;40;70;40;50;40;50;30;70;70;70;40;0
usługi dźwigowe chojnice;50;2.59;3;2021-03-11;40;30;20;40;20;50;10;50;70;140;70;40;0
moskitiery chojnice;50;1.24;2;2021-03-11;50;50;30;30;30;20;20;30;70;140;70;50;0
gmina miejska chojnice;50;0.0;3;2021-03-11;40;40;30;50;50;70;50;50;50;70;50;40;0
bodzio meble chojnice;50;0.69;3;2021-06-22;40;50;50;40;70;70;70;50;70;70;70;50;2;meble bodzio chojnice
meble chojnice bodzio
serwis karcher chojnice;50;0.95;3;2021-03-10;40;40;30;30;20;30;10;40;50;90;90;70;0
budowa domów chojnice;50;1.14;3;2021-03-10;30;20;20;20;50;20;20;50;30;140;110;70;0
salon meblowy chojnice;50;0.6;3;2021-03-11;50;40;50;70;50;70;70;50;40;140;40;40;1;salony meblowe chojnice
pip chojnice;50;0.0;2;2021-03-11;40;50;40;70;70;50;50;50;70;50;50;50;0
rtv chojnice;50;1.46;2;2021-03-11;40;50;50;70;70;50;90;50;50;50;70;40;0
drutex chojnice;50;1.61;2;2021-03-11;40;40;30;40;50;30;90;30;70;50;50;40;0
chojnice mieszkanie wynajem;50;0.98;3;2023-05-20;40;40;30;50;70;50;30;50;70;90;70;70;0
warta chojnice;50;0.0;2;2021-03-11;40;70;70;50;50;70;50;50;50;40;40;30;0
obi chojnice telefon;50;0.85;3;2021-03-11;70;70;50;40;40;40;40;40;70;70;50;50;0
gzella chojnice;50;0.0;2;2021-03-11;50;70;70;50;40;50;70;50;40;40;70;50;0
rozkład jazdy pociągów chojnice;50;0.0;4;2021-03-11;70;70;50;30;50;30;70;40;50;70;40;50;0
mieszkania na sprzedaż chojnice ul mickiewicza;50;0.24;6;2021-03-11;40;30;30;40;30;50;30;50;70;70;70;50;0
pko chojnice godziny otwarcia;50;0.0;4;2021-03-11;50;50;50;70;40;30;50;70;40;70;70;50;0
działki na sprzedaż chojnice i okolice;50;0.1;6;2021-03-11;30;30;50;40;30;20;40;50;70;110;90;70;0
regały chojnice;50;0.0;2;2021-03-11;30;20;20;20;30;50;20;50;70;70;170;170;0
sklep motocyklowy chojnice;50;0.0;3;2021-03-11;70;70;70;50;20;20;20;30;30;90;90;50;1;chojnice sklep motocyklowy
przewóz osób chojnice;50;1.91;3;2021-06-22;40;30;40;40;30;50;30;50;70;90;70;140;2;przewoz osob chojnice
przewozy osób chojnice
audyt energetyczny chojnice;50;2.74;3;2023-07-25;50;40;40;30;30;30;20;40;70;110;70;40;0
książeczka sanepidowska chojnice;50;0.4;3;2021-03-11;50;50;40;40;30;40;20;40;90;110;70;50;0
karcher chojnice;50;0.0;2;2021-03-11;50;40;40;40;50;30;20;40;50;110;110;50;0
domy i okolice na sprzedaż parterowe chojnice i okolice;50;0.08;9;2025-02-17;50;50;50;40;40;40;20;50;70;90;70;40;0
meble kuchenne na wymiar chojnice;50;0.0;5;2021-03-11;30;30;20;20;30;50;20;50;90;110;70;30;0
panele chojnice;50;1.65;2;2021-03-11;20;20;20;30;30;50;20;50;70;110;70;50;0
instalacje fotowoltaiczne chojnice;50;0.0;3;2021-03-11;40;20;30;30;50;90;20;40;50;90;140;90;0
usługi budowlane chojnice;50;2.56;3;2021-03-11;40;30;30;40;30;50;20;50;70;140;70;70;0
transport medyczny chojnice;50;0.0;3;2024-02-14;40;30;40;40;30;20;20;50;70;110;70;50;0
domy drewniane chojnice;50;1.02;3;2021-03-11;30;70;40;50;20;50;90;110;90;70;20;40;0
kuchnie chojnice;50;0.0;2;2021-03-11;30;40;30;30;30;70;70;90;90;50;10;40;0
skup złota chojnice;50;1.37;3;2022-06-14;30;30;50;70;70;50;70;110;70;70;20;40;0
szkoły ponadpodstawowe chojnice;40;0.0;3;2021-07-20;30;50;40;40;70;30;20;10;10;50;20;70;0
olx chojnice dom i ogród;40;0.0;4;2021-06-23;10;20;40;50;50;70;90;20;20;20;20;30;0
polka restauracja chojnice;40;0.0;3;2021-07-20;70;70;20;90;30;20;20;20;20;50;70;20;0
pogoda dzisiaj chojnice;40;0.0;3;2021-06-02;40;10;10;20;50;50;70;40;20;50;20;30;0
szpital chojnice aktualności;40;0.0;3;2021-05-25;70;30;30;30;70;50;30;20;30;40;50;50;0
osk lider chojnice;40;0.0;3;2021-09-02;50;50;30;40;50;40;50;20;40;50;50;30;0
chojnice bydgoszcz pks;40;0.0;3;2021-07-01;30;10;40;20;50;40;40;50;50;50;50;20;0
radio weekend online chojnice;40;0.0;4;2021-07-22;70;50;50;40;50;40;20;10;10;50;50;70;0
gabinet medycyny pracy chojnice;40;0.0;4;2021-07-22;20;20;30;20;50;50;70;70;50;20;20;30;0
bank żywności chojnice wydawanie żywności;40;0.0;5;2021-07-24;70;30;30;20;30;30;40;40;10;40;50;90;0
mzk chojnice bilety;40;0.0;3;2021-07-24;50;30;30;20;30;30;30;20;40;70;40;30;0
cmentarz chojnice wyszukiwarka;40;0.0;3;2022-02-08;30;20;30;40;30;10;30;20;30;90;90;10;0
implanty chojnice;40;0.84;2;2022-02-08;70;70;40;20;10;30;70;50;50;20;30;30;0
pociąg tczew chojnice;40;0.0;3;2022-02-10;50;30;20;30;30;50;40;70;50;70;20;40;0
bankomat pko chojnice;40;0.0;3;2022-03-21;30;20;40;30;40;90;50;50;20;20;20;20;0
olx domy na sprzedaż chojnice;40;0.13;4;2022-08-01;30;50;50;50;50;40;30;40;30;40;20;20;0
medyczna szkoła policealna w chojnicach;40;0.0;4;2022-03-21;40;30;40;30;50;50;40;40;50;10;30;30;0
behawiorysta chojnice;40;0.45;2;2022-02-08;50;40;30;30;40;50;50;40;30;70;40;50;0
chojnice tuchola pkp;40;0.0;3;2022-02-17;20;10;30;30;70;50;70;50;40;20;30;10;0
gruzińska restauracja chojnice;40;0.0;3;2022-04-14;40;40;50;30;40;30;50;30;50;20;40;40;0
show room chojnice;40;0.0;3;2023-05-18;20;20;20;20;50;50;40;50;50;40;50;30;0
pascal chojnice kierunki;40;0.88;3;2023-04-21;40;50;20;20;40;40;50;50;50;20;30;20;0
bitwa pod chojnicami 1657;40;0.0;3;2023-05-20;170;50;40;30;40;20;30;50;20;20;20;50;0
świętopełka chojnice;40;0.0;2;2023-05-19;30;30;30;40;40;40;50;40;70;20;30;30;0
liceum filomatów chojnice rekrutacja;40;0.0;4;2022-08-11;20;10;20;30;70;50;210;30;20;10;10;20;0
poradnia onkologiczna chojnice;40;0.0;3;2022-08-10;70;50;70;40;50;30;30;40;50;30;40;20;0
gemini apteka chojnice;40;0.0;3;2022-06-09;50;30;50;40;40;30;40;40;30;40;20;40;0
harmonogram wywozu śmieci chojnice pestka;40;0.0;5;2022-05-29;70;50;40;30;50;50;40;30;40;10;20;20;0
orsmed chojnice neurolog;40;0.0;3;2022-10-04;50;30;50;20;40;20;20;10;10;70;50;40;0
adam kwaśny chojnice godziny otwarcia;40;0.0;5;2022-10-19;90;70;70;20;20;10;10;20;30;40;50;70;0
mr tasty chojnice menu;40;1.13;4;2022-11-28;30;30;30;50;50;40;50;50;90;20;40;10;0
bilard chojnice;40;0.0;2;2022-10-25;90;70;50;10;30;10;30;30;30;70;50;40;0
inspekcja weterynaryjna chojnice;40;0.0;3;2023-05-20;40;30;30;30;30;20;20;30;30;90;50;30;0
pizzerie w chojnicach;40;0.0;2;2022-09-26;50;30;30;30;20;40;40;40;50;30;40;30;0
pomerania chojnice e dziekanat;40;0.0;4;2023-05-21;10;70;70;40;30;70;40;30;40;40;10;20;0
pomerania chojnice rekrutacja;40;0.0;3;2023-05-21;20;20;30;20;30;50;90;70;70;30;10;10;0
dzielnicowy chojnice;40;0.0;2;2023-05-21;50;20;70;50;40;70;50;40;30;40;30;30;0
tomasz szatkowski chojnice;40;0.0;3;2023-05-21;70;90;30;70;40;20;20;20;20;20;10;50;0
kino chojnice godziny otwarcia;40;0.0;4;2023-02-03;50;30;30;20;30;10;30;40;50;50;50;50;0
prawo jazdy chojnice egzamin;40;0.0;4;2022-11-16;50;30;30;70;20;30;30;20;40;50;40;20;0
bel pol chojnice;40;3.7;3;2023-01-31;40;30;50;40;30;30;30;40;50;30;30;50;0
pcpr chojnice dofinansowania;40;0.0;3;2023-04-05;90;40;40;30;30;20;40;30;40;20;30;10;0
wierzbowa 3 chojnice;40;0.0;2;2023-05-20;50;40;40;50;40;50;50;40;50;20;20;30;0
ciechocin gmina chojnice;40;0.0;3;2023-05-20;50;30;50;20;20;30;70;30;30;40;50;40;0
sukienników 5 chojnice;40;0.0;2;2023-05-21;30;30;50;50;50;20;30;30;20;50;90;50;0
dr oko chojnice;40;0.0;2;2023-06-20;50;40;40;20;30;20;20;40;50;40;40;30;0
punkt ksero chojnice;40;0.0;3;2023-06-27;20;20;30;10;40;40;50;90;50;30;30;20;0
szpital chojnice oddział otolaryngologiczny;40;0.0;4;2024-01-10;70;50;70;50;30;30;30;40;20;50;50;40;0
paznokcie chojnice cennik;40;0.0;3;2024-01-18;30;20;10;70;40;40;70;50;20;20;20;20;0
gemini chojnice kontakt;40;0.79;3;2023-11-29;20;30;30;50;30;50;70;70;70;70;20;30;0
cyrk chojnice;40;0.0;2;2024-02-12;10;0;10;110;140;10;70;10;40;70;10;10;0
detailing chojnice;40;0.0;2;2024-02-27;70;0;0;40;50;40;40;50;50;50;70;30;0
punkt mocy chojnice;40;13.14;3;2023-08-18;70;50;50;30;50;20;50;20;20;30;20;30;0
salon kosmetyczny chojnice cennik;40;0.0;4;2023-08-07;30;30;30;40;40;40;50;50;10;40;40;30;0
podolog chojnice nfz;40;0.0;3;2023-09-02;50;20;50;50;50;30;30;40;30;40;40;20;0
grizzly barber chojnice;40;0.0;3;2023-07-24;40;20;30;30;50;40;40;70;10;20;40;40;0
skup złomu chojnice ceny;40;0.0;4;2023-07-17;30;30;90;50;40;30;40;30;30;20;20;20;0
flebolog chojnice;40;1.52;2;2023-10-19;50;40;50;50;50;50;50;40;30;20;30;20;0
pokój do wynajęcia chojnice;40;0.12;3;2023-10-27;30;30;30;30;70;30;50;40;30;20;50;20;0
technikum nr 2 chojnice rekrutacja;40;0.0;3;2023-09-13;20;30;20;30;70;30;170;20;20;10;10;20;0
kantory w chojnicach;40;0.0;2;2023-09-11;30;10;20;40;50;110;30;30;50;40;40;30;0
lubaszka chojnice;40;0.0;2;2023-09-14;20;40;50;50;70;50;40;20;40;40;50;20;0
psychiatra dziecięcy chojnice nfz;40;0.0;4;2023-10-17;70;50;90;40;30;30;10;30;30;30;30;20;0
888 tattoo chojnice;40;0.0;3;2023-10-10;30;40;70;50;30;40;40;40;30;30;30;20;0
studia pielęgniarskie zaoczne chojnice;40;0.9;4;2023-11-03;30;40;40;40;30;70;90;70;40;30;20;20;0
nocna i świąteczna opieka zdrowotna chojnice telefon;40;0.0;6;2023-11-21;50;50;50;70;50;30;40;40;10;30;30;40;0
zdjęcia do dowodu chojnice;40;0.72;3;2023-12-12;40;40;20;30;50;40;110;70;70;30;20;20;0
laminacja brwi chojnice;40;0.0;3;2024-02-29;30;50;30;40;50;30;70;30;30;50;50;20;0
chojnice drukarnia;40;0.0;2;2024-04-08;30;70;20;50;40;50;40;20;50;20;20;20;0
multikino chojnice repertuar;40;0.0;3;2024-06-05;90;10;10;10;10;10;10;10;10;140;70;90;0
nowaczyk ginekolog chojnice telefon;40;0.0;4;2024-01-15;70;40;30;30;70;40;50;50;40;20;40;30;0
ginekolog chojnice ceny;40;0.0;3;2024-01-15;50;40;50;30;50;20;50;40;20;70;40;20;0
weterynarze chojnice;40;0.0;2;2024-01-30;40;50;30;20;30;30;20;30;70;50;50;40;0
nova przychodnia chojnice;40;0.0;3;2024-04-24;50;50;70;30;30;40;50;40;40;30;30;50;0
pulmonolog chojnice nfz;40;0.0;3;2024-10-03;70;30;50;30;40;30;20;20;20;40;40;30;0
mieszkania na sprzedaż w chojnicach;40;0.09;5;2021-03-10;70;40;20;30;110;20;10;30;40;40;50;20;1;mieszkania w chojnicach na sprzedaz
zus chojnice nr telefonu;40;0.0;3;2021-03-10;20;50;70;90;10;30;30;40;40;10;20;10;0
outlet nexterio płytki panele łazienki w super cenie chojnice zdjęcia;40;0.0;9;2024-11-25;0;50;70;50;50;40;40;40;40;20;0;0;0
warszawa chojnice pks;40;0.2;3;2021-03-10;50;30;20;30;50;50;50;40;30;30;20;20;3;chojnice warszawa pks
pks chojnice warszawa
pks warszawa chojnice
olx chojnice mieszkania do wynajecia;40;0.0;4;2021-06-22;30;10;30;110;10;20;30;50;30;20;30;30;2;olx mieszkania do wynajecia chojnice
mieszkania do wynajecia chojnice olx
informacja pks chojnice;40;0.0;3;2021-06-22;30;20;20;30;50;40;30;50;40;50;20;20;1;pks chojnice informacja
kebab izmir chojnice kaufland;40;0.0;4;2021-03-11;50;20;50;50;30;30;30;30;40;40;40;50;0
izmir chojnice kaufland;40;0.0;3;2021-03-10;40;40;50;50;50;30;30;40;50;40;30;20;0
dr nowaczyk chojnice;40;0.0;2;2021-03-11;50;40;20;70;20;30;40;40;40;50;70;40;0
hamburgery chojnice;40;0.41;2;2021-03-11;40;30;40;30;40;50;40;40;40;30;20;30;0
sklep rowerowy chojnice staffa;40;0.0;4;2021-03-11;10;70;30;50;50;40;50;50;50;10;10;10;0
adresowo chojnice;40;0.0;2;2021-03-11;70;70;30;10;10;10;20;20;10;50;50;70;0
chojnice klub;40;0.0;2;2021-06-22;20;20;20;10;20;40;40;70;70;30;140;10;1;klub chojnice
mpk chojnice;40;0.0;2;2021-03-11;30;50;20;70;50;50;50;40;40;30;20;20;0
kościół św jadwigi chojnice;40;0.0;4;2021-03-11;50;40;50;50;40;40;30;20;30;50;40;90;0
golus chojnice;40;0.0;2;2021-03-11;40;40;50;70;40;40;40;20;10;20;40;40;0
parafia królowej polski chojnice;40;0.0;4;2021-03-11;50;50;50;70;30;30;30;30;30;50;30;90;0
kantor chojnice kursy walut;40;0.0;4;2021-06-22;40;10;30;20;40;70;90;40;20;20;20;20;1;kursy walut kantor chojnice
nieruchomości chojnice sprzedaż;40;0.03;3;2021-06-22;40;40;30;20;40;40;20;40;40;30;40;30;1;sprzedaż nieruchomości chojnice
fryzjer galeria chojnice;40;0.0;3;2021-03-11;20;40;40;50;30;30;40;40;30;40;40;40;0
aś chojnice;40;0.0;2;2021-03-11;30;40;70;40;30;30;20;30;30;40;30;30;0
restauracja 5 chojnice menu;40;0.94;3;2021-03-11;40;50;40;30;30;30;50;50;50;40;20;20;0
opr chojnice;40;0.0;2;2021-03-11;40;70;50;30;40;50;40;40;30;50;50;30;0
energetyka chojnice telefon;40;0.0;3;2021-03-11;70;30;30;20;40;50;20;30;20;40;90;70;0
aniołek chojnice;40;0.0;2;2021-03-11;50;40;40;50;50;40;30;30;20;30;30;50;0
zremb chojnice bankier;40;0.0;3;2021-03-11;20;40;110;70;30;20;30;20;30;20;20;10;0
pranie tapicerki samochodowej chojnice;40;0.71;4;2021-03-11;40;20;20;70;40;70;70;50;20;30;20;10;0
strzelnica chojnice cennik;40;0.0;3;2021-03-11;40;40;40;20;20;30;30;40;40;40;40;50;0
naprawa skrzyń biegów chojnice;40;1.41;4;2021-05-17;30;30;40;50;30;70;70;30;40;40;30;20;0
periodontolog chojnice;40;0.0;2;2021-04-14;30;40;50;40;30;70;40;20;50;30;30;40;0
fryzjer chojnice plac jagielloński;40;0.0;4;2021-03-11;30;50;50;40;40;30;30;40;10;30;30;30;0
kierowca ce chojnice;40;0.5;3;2021-03-11;50;50;50;30;90;70;30;40;30;30;20;20;0
misiowa akademia chojnice;40;0.0;3;2021-03-11;40;40;30;20;50;30;40;70;50;30;50;40;0
naprawa drukarek chojnice;40;0.0;3;2021-03-11;70;40;20;20;40;20;40;110;20;30;30;20;0
galeria k&m chojnice;40;0.0;3;2021-03-11;30;30;20;20;20;20;30;50;50;50;50;40;0
restauracja 7 chojnice menu;40;0.0;3;2021-03-11;40;50;50;40;40;30;40;50;50;40;30;30;0
metalowiec chojnice;40;0.0;2;2021-03-11;50;30;40;50;50;70;70;30;20;40;20;30;0
mechanika pojazdowa chojnice;40;0.0;3;2021-03-11;40;20;20;10;70;20;70;70;20;20;110;20;0
rzepakowa chojnice;40;0.0;2;2021-06-22;40;30;20;50;50;30;70;20;30;50;40;30;1;chojnice rzepakowa
restauracja gościniec chojnice;40;2.31;3;2021-03-11;40;30;50;40;30;30;30;40;50;20;30;30;0
dermatolog chojnice głuszek;40;0.0;3;2021-03-11;50;50;50;40;40;20;30;70;50;50;30;30;0
gminne wodociągi chojnice;40;0.0;3;2021-03-11;40;30;40;70;30;40;50;50;40;30;20;20;0
centrala nasienna chojnice;40;0.0;3;2021-03-11;50;70;90;70;30;10;20;10;30;20;50;30;0
sklep suma chojnice;40;1.1;3;2021-03-11;30;40;50;70;50;50;40;30;40;50;30;30;0
gmina chojnice mapa;40;0.0;3;2021-03-11;40;30;40;30;50;30;40;40;40;30;40;30;0
egzamin na prawo jazdy chojnice;40;0.0;4;2021-06-22;30;30;40;50;30;30;30;20;30;50;20;40;3;egzaminy na prawo jazdy chojnice
chojnice egzaminy na prawo jazdy
egzamin prawo jazdy chojnice
prognoza pogody chojnice długoterminowa;40;0.0;4;2021-06-22;10;10;30;30;30;40;50;70;40;30;30;20;3;długoterminowa prognoza pogody chojnice
prognoza pogody długoterminowa chojnice
chojnice prognoza pogody długoterminowa
usługi hydrauliczne chojnice;40;0.46;3;2021-03-11;50;30;40;20;50;50;40;30;50;50;40;50;0
dom seniora chojnice;40;1.45;3;2021-03-11;50;20;30;30;20;40;30;70;140;20;20;30;0
jrg chojnice;40;0.0;2;2021-03-11;70;30;30;20;40;30;90;40;20;40;20;40;0
pogoda konarzyny k chojnic;40;0.0;3;2021-03-11;30;30;50;40;20;40;50;50;30;40;90;40;0
autobus chojnice człuchów;40;0.0;3;2021-03-11;40;20;40;30;50;40;40;40;50;50;30;50;0
4f chojnice;40;0.8;2;2021-03-11;50;40;50;30;30;40;70;50;40;40;40;50;0
alergolog chojnice prywatnie;40;0.0;3;2021-03-11;70;40;40;50;40;70;40;20;30;20;50;20;0
instal chojnice;40;0.0;2;2021-03-11;50;50;30;50;30;30;30;50;30;50;40;30;0
rezonans magnetyczny chojnice kontakt;40;0.0;4;2021-03-11;30;30;40;70;50;40;40;10;20;10;30;30;0
karta dużej rodziny chojnice;40;0.0;4;2021-03-11;50;40;40;20;10;20;30;20;20;50;90;50;0
majster plus chojnice;40;0.0;3;2021-03-11;30;30;40;30;30;30;50;50;50;30;40;30;0
wypożyczalnia sprzętu chojnice;40;1.31;3;2021-03-11;30;20;50;50;40;40;50;70;30;20;20;20;0
firma sprzątająca chojnice;40;1.41;3;2021-03-11;30;40;50;50;40;40;30;50;70;30;50;40;1;firmy sprzątające chojnice
quady chojnice;40;0.0;2;2021-06-22;30;30;40;50;70;50;90;30;20;20;40;20;1;chojnice quady
lokal chojnice;40;0.07;2;2021-03-11;50;50;30;30;40;30;20;40;30;30;40;40;1;lokale chojnice
naprawa zmywarek chojnice;40;0.48;3;2021-03-11;20;10;20;20;40;30;70;30;50;50;30;50;0
technikum nr 4 chojnice;40;0.0;2;2021-03-11;40;40;50;50;70;20;50;10;30;30;40;20;0
lidl chojnice bytowska;40;0.0;3;2021-03-11;30;50;10;50;40;30;40;50;30;70;30;30;0
pks chojnice cennik;40;0.0;3;2021-03-11;70;20;20;40;40;20;30;90;50;20;30;20;0
miejska biblioteka publiczna chojnice;40;0.0;4;2021-03-11;50;30;30;40;50;40;50;30;30;40;40;40;0
olx akwarystyka chojnice;40;0.0;3;2021-03-11;40;30;30;30;30;30;40;50;50;20;30;40;0
firany chojnice;40;0.0;2;2021-03-11;30;50;40;20;10;20;70;20;70;30;50;50;0
wymiana szyb samochodowych chojnice;40;1.02;4;2021-03-11;40;30;20;30;40;90;40;70;30;50;20;20;0
kursy zawodowe chojnice;40;0.37;3;2021-03-11;50;50;50;10;30;40;20;40;40;40;40;10;0
chojniczanka chojnice facebook;40;0.0;3;2021-03-11;20;20;20;40;30;50;70;110;30;20;30;10;0
alba chojnice;40;0.0;2;2021-03-11;40;50;70;50;50;40;40;30;40;40;40;40;0
salon play chojnice;40;0.0;3;2021-03-11;40;50;40;40;20;30;40;40;30;70;40;30;0
duraj chojnice;40;0.0;2;2021-03-11;70;30;70;50;30;20;30;50;40;50;40;30;0
transmar chojnice cennik;40;0.0;3;2021-03-11;20;20;40;70;70;50;20;30;20;20;50;20;0
jubiler chojnice stary rynek;40;0.0;4;2021-03-11;30;20;30;20;40;40;50;50;40;30;20;70;0
plan miasta chojnice;40;0.0;3;2021-03-11;40;40;30;40;50;30;20;30;40;30;40;30;1;chojnice plan miasta
naprawa szyb samochodowych chojnice;40;1.18;4;2021-03-11;30;40;20;40;50;20;70;70;50;10;20;30;0
centrum medyczne gemini chojnice;40;0.0;4;2021-03-11;50;70;40;30;40;40;40;40;50;50;50;30;1;centrum medyczne gemini u chojnice
rozkład jazdy pkp czersk chojnice;40;0.0;5;2021-03-11;30;40;30;40;70;50;50;40;70;30;20;30;0
pogotowie chojnice;40;0.0;2;2021-03-11;20;40;20;20;40;30;50;40;40;40;30;50;0
burmistrz miasta chojnice;40;0.0;3;2021-03-11;40;40;30;20;30;30;30;40;30;50;50;50;0
kwiaciarnia magnolia chojnice;40;0.0;3;2021-03-11;40;50;50;20;20;40;20;40;70;50;20;30;0
działki ogrodowe chojnice;40;0.0;3;2021-03-11;40;20;40;50;70;50;50;50;40;20;10;20;1;działka ogrodowa chojnice
weterynarz chojnice pocztowa;40;0.0;3;2021-03-11;40;30;10;50;30;20;50;40;40;70;30;30;0
kościerska chojnice;40;0.0;2;2021-06-22;50;50;50;50;50;50;40;30;30;50;40;30;1;chojnice kościerska
oddział okulistyczny chojnice;40;0.0;3;2021-03-11;30;40;30;40;40;40;50;40;40;40;30;20;0
lux bar chojnice;40;0.0;3;2021-03-11;70;50;50;20;20;30;30;20;30;50;30;30;0
wywóz gabarytów chojnice 2020;40;0.0;4;2021-04-07;10;10;50;10;10;20;20;20;260;20;20;10;0
neurolog chojnice szpital;40;0.0;3;2021-03-11;50;30;50;40;40;30;50;50;70;20;30;30;0
bar smakosz chojnice menu;40;0.0;4;2021-03-11;30;30;50;20;30;40;40;40;30;70;70;40;0
western union chojnice;40;0.0;3;2021-03-11;30;30;50;50;50;50;30;50;40;40;30;20;0
centrum sztuk walki chojnice;40;0.0;4;2021-03-11;50;30;50;30;30;30;50;50;70;40;50;50;0
sklep medyczny chojnice plac św jerzego;40;0.0;6;2021-03-11;30;20;50;50;50;50;40;20;30;40;30;20;0
angielski chojnice;40;3.48;2;2021-03-11;30;10;20;20;10;30;30;70;140;50;40;40;0
biuro projektowe chojnice;40;0.3;3;2021-03-11;40;70;40;30;40;20;40;40;40;50;40;30;1;biura projektowe chojnice
hamburger chojnice;40;1.94;2;2021-05-21;40;30;40;30;40;50;50;50;40;30;20;30;0
lakiernik samochodowy chojnice;40;2.08;3;2021-03-11;30;40;50;50;40;50;50;50;40;40;30;20;0
gabriela wegner chojnice;40;0.0;3;2021-03-11;40;40;40;20;40;40;50;50;40;40;40;30;0
mcdonald chojnice menu;40;1.19;3;2021-03-11;40;30;20;40;40;50;70;70;50;30;30;20;0
cropp chojnice;40;2.69;2;2021-03-11;40;30;10;30;20;50;50;70;30;30;50;70;0
media expert chojnice godziny otwarcia;40;1.49;5;2021-03-11;40;40;50;70;30;40;30;40;20;30;40;90;0
auto szyby chojnice;40;0.0;3;2021-03-11;30;30;30;40;50;50;50;70;30;30;10;20;0
autocolor chojnice;40;0.0;2;2021-03-11;20;20;70;70;50;70;50;50;30;40;20;20;0
andrzej borowski chojnice;40;0.0;3;2021-03-11;70;40;20;30;40;30;40;40;90;30;20;20;0
szczecin chojnice pkp;40;0.0;3;2021-03-11;40;10;40;50;30;50;40;50;30;40;70;20;0
klimatyzacja samochodowa chojnice;40;0.4;3;2021-03-11;10;10;10;30;110;170;90;50;10;10;10;10;0
restauracja chińska chojnice człuchowska;40;0.0;4;2021-03-11;40;50;40;30;40;20;50;30;50;30;40;20;0
therapeutica chojnice kardiolog;40;0.0;3;2021-03-11;40;20;30;40;40;30;30;40;50;30;50;30;0
chojnice atrakcje turystyczne;40;0.0;3;2021-03-11;30;30;40;30;70;70;70;90;40;20;20;10;0
cyfrowy polsat chojnice;40;0.0;3;2021-06-22;50;40;40;20;20;30;50;30;40;40;50;50;1;polsat cyfrowy chojnice
pko sa chojnice;40;0.0;3;2021-03-11;30;50;40;40;40;50;50;40;40;50;40;50;0
odnowa chojnice;40;0.0;2;2021-06-22;20;40;20;50;50;30;140;20;30;20;20;10;1;chojnice odnowa
szpital chojnice telefon;40;0.0;3;2021-03-11;50;40;50;40;40;30;30;40;40;50;50;70;2;szpital w chojnicach telefon
szpital chojnice telefony
pogoda chojnice pomorskie;40;0.0;3;2021-03-11;40;50;70;50;40;20;40;70;20;20;40;50;0
szpital chojnice laboratorium;40;0.0;3;2021-03-11;50;50;50;50;40;70;40;40;40;50;40;20;2;laboratorium szpital chojnice
laboratorium chojnice szpital
przeprowadzki chojnice;40;1.18;2;2021-03-11;20;20;20;40;20;50;110;70;70;40;40;30;0
zus chojnice numer telefonu;40;0.0;4;2021-03-11;20;50;70;90;90;30;30;50;70;10;20;10;0
fryzjer dorota chojnice;40;0.0;3;2021-03-11;50;40;30;30;30;50;40;70;50;40;30;40;0
solmed chojnice laboratorium cennik;40;0.0;4;2021-03-11;70;50;50;50;40;50;40;30;40;50;20;20;0
mapa geodezyjna chojnice;40;0.1;3;2021-03-11;70;30;50;50;40;30;50;70;20;20;20;20;1;chojnice mapa geodezyjna
deseo chojnice;40;0.0;2;2021-03-11;40;30;50;30;40;30;50;30;30;50;30;40;0
chojnice toruń;40;0.71;2;2021-03-11;50;20;30;30;40;40;90;50;40;40;40;40;0
chojnice brusy;40;0.0;2;2021-03-11;30;20;50;40;30;40;70;50;30;40;40;30;1;brusy chojnice
chojnice woj pomorskie;40;0.0;3;2021-03-11;30;40;40;30;50;30;40;50;30;40;30;30;0
www weekend pl chojnice;40;0.0;2;2021-03-11;50;20;10;10;50;70;50;30;30;30;70;20;0
blacharz chojnice;40;0.0;2;2021-03-11;20;30;30;30;50;40;90;70;40;30;10;10;0
powiększanie ust chojnice;40;1.03;3;2021-03-11;50;40;50;10;30;20;50;50;40;20;50;30;0
chwilówki chojnice;40;4.19;2;2021-03-11;50;10;30;30;10;10;10;30;110;90;50;50;0
plac niepodległości chojnice;40;0.0;3;2021-03-11;50;20;90;30;20;20;20;40;30;30;50;30;0
sklep z przyprawami chojnice;40;0.0;3;2021-03-11;40;30;40;30;30;40;40;70;40;30;30;30;0
szpital chojnice rentgen;40;0.0;3;2021-03-11;40;40;50;30;50;30;40;20;30;20;30;30;0
agata meble chojnice adres;40;0.0;4;2021-03-11;70;50;40;40;20;10;30;30;30;40;30;40;0
centrum pomocy rodzinie chojnice;40;0.0;4;2021-03-11;40;50;40;40;20;30;30;50;30;30;40;30;0
ceynowy chojnice;40;0.0;2;2021-06-22;30;30;40;30;30;50;40;50;50;30;30;40;1;chojnice ceynowy
przedszkole promyczek chojnice;40;0.0;3;2021-03-11;50;50;70;70;50;40;10;40;50;40;30;20;0
zremb chojnice praca;40;0.63;3;2021-03-11;30;30;70;50;50;40;20;30;50;30;30;30;0
usługi ogrodnicze chojnice;40;0.44;3;2021-03-10;40;30;70;40;20;40;30;40;40;20;30;10;0
ginekolog endokrynolog chojnice;40;0.0;3;2021-03-10;30;30;40;50;40;20;50;30;30;40;30;20;0
alfa elektro chojnice;40;0.0;3;2021-03-10;20;50;50;70;40;50;40;40;40;30;10;20;0
otodom chojnice mieszkania;40;0.08;3;2021-06-22;10;90;70;70;50;40;50;10;20;10;10;20;1;otodom mieszkania chojnice
powiat chojnice bip;40;0.0;3;2021-06-22;30;50;50;30;30;50;70;20;40;30;50;30;1;bip chojnice powiat
androlog chojnice;40;0.0;2;2021-03-11;90;70;50;30;40;40;20;20;30;20;30;40;0
enea chojnice wyłączenia prądu;40;0.0;4;2021-03-11;50;90;50;20;20;20;30;30;10;20;30;40;0
wyszyńskiego chojnice;40;0.0;2;2021-03-11;40;30;50;30;40;50;30;30;40;70;30;30;0
poradnia zdrowia psychicznego chojnice;40;0.0;4;2021-03-11;30;40;50;40;40;50;50;30;30;20;50;20;0
rzeczoznawca chojnice;40;0.0;2;2021-03-11;50;50;30;30;40;40;30;50;40;50;40;40;0
leroy merlin chojnice adres;40;0.0;4;2021-03-11;30;30;50;70;20;10;40;40;40;30;40;40;0
drewno kominkowe chojnice;40;0.62;3;2021-03-11;40;50;40;40;40;40;30;40;50;40;30;50;0
kantor chojnice galeria;40;0.0;3;2021-06-22;20;70;70;30;20;30;40;50;40;20;40;30;2;kantor galeria chojnice
galeria chojnice kantor
chojnice praca gov;40;0.0;3;2021-03-11;30;40;50;40;30;40;40;40;40;40;40;30;0
euro kantor chojnice;40;0.0;3;2021-03-10;30;40;20;50;20;50;50;70;30;40;20;40;1;kantor chojnice euro
olx używane różne rzeczy chojnice;40;0.0;5;2021-03-11;20;70;90;50;50;30;30;20;30;30;30;20;0
pogoda na tydzień chojnice;40;0.0;4;2021-03-11;30;10;20;20;30;30;50;70;70;40;50;70;0
aktualne ceny paliw chojnice;40;0.0;4;2021-03-11;50;30;20;40;30;40;40;70;40;50;50;50;0
olx wynajem chojnice;40;0.0;3;2021-03-11;30;30;30;30;20;10;50;50;70;20;40;40;2;olx chojnice wynajem
wynajem chojnice olx
pogoda chojnice accuweather;40;0.0;3;2021-03-10;30;10;20;30;50;70;90;50;70;50;20;30;0
poradnia urologiczna chojnice;40;0.0;3;2021-03-10;50;70;50;40;40;20;50;40;40;40;30;40;0
alergolog dziecięcy chojnice;40;0.0;3;2021-03-10;30;70;70;50;50;30;30;20;20;30;30;20;0
gminny ośrodek kultury chojnice;40;0.0;4;2021-03-10;30;20;50;30;40;50;40;40;20;20;40;30;0
optyk lewandowski chojnice;40;0.0;3;2021-03-10;40;50;40;40;20;30;50;30;30;30;30;50;0
chojnice gdańsk odległość;40;0.0;3;2021-06-22;10;10;20;20;40;50;70;70;40;40;30;40;1;gdańsk chojnice odległość
brwi permanentne chojnice;40;0.0;3;2021-03-10;40;70;90;30;40;30;30;20;40;40;10;30;0
młyny chojnice;40;0.0;2;2021-03-10;30;40;70;40;30;40;10;20;30;40;40;40;0
agd chojnice;40;0.9;2;2021-03-10;30;40;20;30;50;40;50;70;30;30;30;50;0
lotto chojnice;40;0.0;2;2021-03-10;50;40;30;30;30;30;50;30;30;30;30;50;0
biblioteka pedagogiczna chojnice;40;0.0;3;2021-03-10;50;40;30;40;20;20;20;20;20;50;110;30;0
urząd skarbowy chojnice kontakt;40;0.0;4;2021-03-10;70;50;40;40;20;40;30;20;30;70;30;30;0
kebab polo chojnice;40;1.99;3;2025-02-21;30;40;50;50;40;50;20;40;40;40;40;30;0
skup złomu chojnice drzymały;40;0.0;4;2021-03-11;70;30;30;30;40;40;50;20;40;30;40;70;0
hotel charzykowy chojnice;40;0.92;3;2021-03-11;10;70;50;30;20;40;40;30;50;50;70;10;0
park linowy chojnice;40;0.0;3;2021-03-11;10;10;20;50;70;50;110;90;20;10;10;0;0
kwiaciarnia na rogu chojnice;40;0.0;4;2021-03-11;30;50;50;30;50;30;30;30;30;50;40;40;0
westpol chojnice;40;0.0;2;2021-03-11;40;40;40;70;50;40;50;30;30;40;20;20;0
naprawa rtv chojnice;40;0.0;3;2021-03-11;20;50;30;50;50;20;70;50;40;30;30;20;0
bank millennium chojnice sukienników;40;0.0;4;2021-03-11;70;40;50;30;30;40;40;30;50;40;30;50;0
zumba chojnice;40;0.0;2;2021-03-11;50;70;50;50;10;20;20;50;40;20;40;30;0
dobry mechanik chojnice;40;0.0;3;2021-03-11;20;70;30;40;30;110;50;30;30;20;30;20;0
urząd miasta chojnice wydziały;40;0.0;4;2021-03-11;20;70;50;50;40;50;30;30;20;20;20;20;0
urząd miasta chojnice godziny otwarcia;40;0.0;5;2021-03-11;40;40;40;30;40;30;30;20;40;30;40;40;0
pako lorente chojnice;40;3.06;3;2021-03-11;70;20;30;50;30;30;20;30;50;20;40;40;0
sklep z zabawkami chojnice;40;0.0;4;2021-03-11;10;20;40;30;30;30;40;70;20;30;20;70;0
witkiewicz chojnice telefon;40;0.0;3;2021-03-11;50;70;40;70;30;40;30;40;20;50;50;30;0
jak dojechać do chojnic;40;0.0;4;2021-03-11;20;40;50;50;70;70;70;40;50;20;20;20;0
rzeczoznawca samochodowy chojnice;40;1.87;3;2021-03-11;50;50;20;50;50;30;40;20;30;30;40;30;0
urząd skarbowy chojnice godziny otwarcia;40;0.0;5;2021-03-11;50;70;50;70;30;30;20;20;30;40;30;30;0
chińskie jedzenie chojnice;40;0.0;3;2021-03-11;70;40;40;40;20;30;40;20;20;40;30;40;0
chojnice bytów;40;0.0;2;2025-05-30;50;20;30;20;40;30;50;40;50;30;30;30;0
strzelecka chojnice weterynarz;40;0.0;3;2025-03-18;20;40;40;70;40;50;50;40;50;30;30;30;0
naprawa agd chojnice ul subisława;40;0.0;5;2022-02-08;40;50;30;20;20;50;50;70;30;40;70;20;0
więzienie chojnice;40;0.0;2;2021-03-11;40;40;50;70;30;20;30;50;30;40;30;20;0
rolety zewnętrzne chojnice;40;2.13;3;2021-03-11;20;40;30;20;40;40;50;50;20;30;20;20;0
rozkład jazdy pks chojnice człuchów;40;0.0;5;2021-03-11;10;10;10;10;10;10;20;10;20;10;10;10;2;rozkład jazdy pks człuchów chojnice
pks chojnice człuchów rozkład jazdy
badania kierowców chojnice;40;0.0;3;2021-03-11;50;50;70;20;40;40;50;20;20;30;10;20;0
sklep rolniczy chojnice;40;0.0;3;2021-03-11;50;40;20;40;20;40;70;50;40;90;10;10;0
dom pogrzebowy chojnice;40;0.0;3;2021-03-11;30;20;20;30;20;30;40;20;20;50;10;20;0
radiolog chojnice;40;0.0;2;2021-03-11;50;30;30;20;40;40;30;30;20;30;30;40;0
parafia fatima chojnice;40;0.0;3;2021-03-11;70;40;30;70;40;40;30;30;40;30;30;50;0
szypryt chojnice kościerska;40;0.0;3;2021-03-11;40;30;40;90;70;50;50;50;40;30;50;50;0
chojnice kamera online;40;0.0;3;2021-06-22;30;20;40;10;10;30;40;20;10;10;20;50;1;kamery online chojnice
eko gaz chojnice;40;0.0;3;2021-03-11;40;30;30;50;40;30;40;30;40;30;30;30;0
dermatolog dziecięcy chojnice;40;0.0;3;2021-03-11;50;40;70;40;50;30;50;40;30;30;30;20;0
tczew chojnice trasa;40;0.0;3;2021-03-11;30;20;30;20;50;50;50;30;40;50;40;30;0
fit medica dietetyka chojnice;40;2.95;4;2026-01-16;70;30;40;40;40;50;40;40;20;50;50;20;0
kury nioski chojnice;40;0.0;3;2025-09-18;40;50;110;30;30;30;40;20;30;30;70;30;0
domy modułowe chojnice bytowska;40;1.15;4;2025-09-29;20;90;40;50;50;40;40;40;30;30;20;10;0
robert piotrowski ortopeda chojnice;40;0.0;4;2025-11-26;30;50;50;50;30;40;30;30;30;20;40;30;0
dzien dziecka chojnice 2025;40;0.0;4;2026-02-16;0;0;0;0;390;140;10;0;10;0;0;0;0
lekarz medycyny pracy chojnice wegner;40;0.0;5;2021-03-11;40;30;30;70;50;50;70;90;70;40;30;40;0
solarium chojnice pocztowa;40;0.0;3;2021-03-11;10;10;10;30;50;40;40;40;20;10;10;10;0
centrum park chojnice bilety;40;0.0;4;2026-03-05;50;70;70;30;10;20;50;50;10;10;30;30;0
szkoła branżowa 2 stopnia chojnice;40;0.0;5;2026-03-29;10;20;20;20;40;70;50;90;70;20;10;10;0
sztuki walki chojnice;40;0.0;3;2021-03-11;30;20;40;40;70;40;40;20;30;20;50;40;0
badanie nasienia chojnice;40;2.61;3;2021-03-11;40;40;20;40;20;50;40;40;20;40;40;30;0
provident chojnice;40;6.95;2;2021-03-11;30;30;30;30;20;50;70;30;40;50;30;40;0
usługi krawieckie chojnice;40;0.0;3;2021-03-11;30;30;50;50;40;30;40;30;20;30;50;20;0
szpital chojnice ginekologia;40;0.0;3;2021-03-11;30;40;40;30;30;40;50;30;50;40;40;40;0
pkp piła chojnice;40;0.0;3;2021-03-11;20;50;50;40;30;40;40;40;70;30;20;30;0
spawmet chojnice;40;0.0;2;2021-03-11;40;50;30;40;40;40;40;40;30;50;50;50;0
tor gokartowy chojnice;40;0.0;3;2021-03-11;40;40;70;70;30;40;40;40;40;30;20;30;0
towarowa chojnice;40;0.0;2;2021-03-11;50;40;40;40;50;30;40;40;20;40;50;70;0
sklep monopolowy chojnice;40;0.0;3;2021-03-11;40;50;50;40;20;30;30;40;30;30;40;30;0
związek kynologiczny chojnice;40;0.0;3;2021-03-11;40;30;90;40;10;40;50;40;20;20;20;30;0
skup katalizatorów chojnice;40;0.51;3;2021-03-11;40;20;20;50;40;50;30;30;30;30;30;50;0
osm chojnice;40;0.0;2;2021-03-11;30;30;40;20;20;20;20;30;70;70;50;20;0
joshi sushi chojnice zdjęcia;40;0.0;4;2026-05-27;90;30;40;30;50;40;40;20;30;30;30;30;0
dom samotnej matki chojnice;40;0.0;4;2021-03-11;20;40;30;20;40;70;50;40;40;30;30;40;0
spółdzielnia inwalidów chojnice;40;0.0;3;2021-03-11;70;50;30;30;30;30;20;20;30;30;30;40;0
przerada chojnice;40;0.0;2;2025-08-30;30;50;50;50;30;30;40;50;30;40;30;40;0
moto max chojnice;40;0.0;3;2026-02-23;40;50;40;40;40;40;30;40;40;40;30;40;0
pks chojnice sprzedaż biletów miesięcznych;40;0.0;5;2021-03-11;50;50;40;90;50;10;10;90;50;90;30;40;0
gabinet weterynaryjny chojnice;40;0.0;3;2021-03-11;30;40;30;20;20;50;40;30;30;40;20;10;0
biuro parafialne bazylika chojnice;40;0.0;4;2021-03-11;40;30;30;30;30;50;20;50;40;40;50;40;1;bazylika chojnice biuro parafialne
dr rybarczyk chojnice;40;0.0;3;2021-03-11;70;40;50;50;30;30;20;20;30;20;40;30;0
cku chojnice kierunki;40;0.0;3;2021-03-11;50;50;50;90;50;40;30;10;20;30;20;20;0
mostostal chojnice praca;40;0.16;3;2021-06-22;40;20;50;50;40;40;40;50;70;40;40;40;1;praca mostostal chojnice
fabryka fryzur chojnice;40;0.0;3;2021-03-11;50;50;40;40;40;50;50;50;30;30;30;30;0
galeria pomorska chojnice;40;0.0;3;2021-03-11;30;30;40;30;40;30;50;70;30;40;20;30;0
rowery używane chojnice;40;0.07;3;2021-06-22;90;70;50;50;20;10;10;10;10;10;70;50;2;używane rowery chojnice
chojnice rowery używane
wydział geodezji chojnice;40;0.0;3;2021-03-10;50;30;30;50;40;30;50;30;30;30;50;50;0
praca kierowca c e chojnice;40;0.08;5;2021-03-10;30;50;30;40;70;30;30;20;10;30;20;10;0
auto handel max chojnice człuchowska opinie;40;0.0;6;2025-10-13;40;40;50;20;50;30;20;20;30;50;40;30;0
da grasso chojnice opinie;40;0.0;4;2026-02-20;50;50;30;30;30;50;50;50;20;20;50;30;0
pandora chojnice;40;0.0;2;2021-03-11;30;40;40;10;40;20;30;40;30;20;40;110;0
pieczątki chojnice;40;1.84;2;2021-03-11;40;20;30;40;40;20;40;20;20;20;50;30;0
laserowy paintball chojnice;40;0.0;3;2026-04-05;50;30;50;40;30;50;70;30;30;30;30;20;0
mobilny fryzjer chojnice;40;0.0;3;2024-02-20;20;20;20;20;20;30;20;10;10;10;20;10;0
chojnice fm;40;0.0;2;2021-03-11;90;90;90;170;170;110;70;70;110;110;110;50;0
odwiedziny szpital chojnice;40;0.0;3;2026-03-23;50;40;50;40;40;30;40;30;30;30;30;30;0
dewocjonalia chojnice;40;0.0;2;2021-03-10;70;40;30;40;40;50;10;50;50;40;50;40;0
kręgarz chojnice;40;0.0;2;2021-03-10;30;30;30;50;40;40;40;30;40;30;50;50;0
zm skiba chojnice;40;0.0;3;2021-03-10;20;30;40;20;20;20;20;20;50;90;90;70;0
starostwo powiatowe chojnice wydział komunikacji;40;0.0;5;2021-03-10;30;30;30;30;40;50;40;40;40;40;70;70;0
agroturystyka chojnice;40;1.02;2;2021-03-10;50;30;50;70;50;40;30;20;10;40;10;70;1;chojnice agroturystyka
meble ogrodowe chojnice;40;2.12;3;2021-03-11;90;50;30;20;10;10;10;10;10;50;50;70;1;chojnice meble ogrodowe
studia podyplomowe chojnice;40;2.98;3;2021-03-11;30;30;30;50;50;40;20;50;50;70;50;30;1;chojnice studia podyplomowe
żwirki i wigury chojnice;40;0.0;4;2021-03-11;40;30;30;40;20;20;20;30;50;50;70;70;0
mieszkanie sprzedaż chojnice;40;0.22;3;2023-11-02;40;20;20;30;40;20;20;30;90;110;50;50;0
dekarstwo chojnice;40;0.0;2;2021-04-16;30;10;20;20;20;40;10;30;50;110;70;40;0
badania wysokościowe chojnice;40;0.0;3;2026-02-09;20;10;20;30;30;20;10;40;40;110;50;40;0
oświetlenie chojnice;40;0.0;2;2021-03-10;40;20;20;30;50;30;10;40;70;70;70;40;0
okna dachowe chojnice;40;2.84;3;2021-03-10;30;20;20;20;20;40;20;40;50;90;50;50;0
usługi dekarskie chojnice;40;0.0;3;2026-02-19;20;10;20;30;30;40;10;30;50;110;50;50;0
agencja marketingowa chojnice;40;0.0;3;2025-03-25;30;10;30;40;10;20;10;40;50;70;90;40;0
lekarz kardiolog chojnice;40;0.0;3;2021-03-11;30;10;20;30;30;20;10;40;50;90;90;40;0
okulista chojnice blaszak;40;0.85;3;2021-03-10;30;30;40;50;40;40;40;30;40;40;50;30;0
multikino chojnice;40;0.0;2;2021-03-10;20;20;30;30;40;40;70;50;50;30;30;30;0
seko chojnice praca;40;9.19;3;2021-03-10;40;20;30;30;30;50;40;20;50;50;90;50;0
lekarz neurolog chojnice;40;0.0;3;2026-02-09;30;10;20;20;20;20;10;30;50;110;70;40;0
mm meble chojnice;40;2.07;3;2021-03-11;40;40;40;50;50;40;30;30;50;50;40;30;0
wypożyczalnia busów chojnice;40;1.02;3;2021-03-11;50;50;30;40;20;30;50;50;50;90;30;30;0
biuro rachunkowe chojnice cennik;40;0.0;4;2021-03-11;10;20;20;20;30;30;20;40;70;110;70;50;0
alior chojnice;40;0.0;2;2021-03-11;30;50;20;30;30;50;40;50;50;40;30;50;0
prochowa chojnice;40;0.0;2;2021-03-11;30;20;50;30;40;30;30;30;50;50;70;70;0
sukienników chojnice;40;0.0;2;2021-03-11;30;20;30;30;30;30;40;30;40;70;90;70;0
duet chojnice gazetka;40;0.0;3;2021-03-11;50;30;40;20;30;50;40;40;30;70;50;40;0
drogeria aster chojnice;40;0.0;3;2021-03-11;40;30;50;50;50;40;70;20;30;50;30;30;0
skatepark chojnice;40;0.0;2;2021-03-11;30;70;70;40;50;20;10;10;10;40;70;70;0
ginter chojnice cennik;40;0.0;3;2021-03-11;20;10;10;10;20;20;10;20;20;90;110;110;0
szukam pracy chojnice;40;0.11;3;2021-03-11;40;40;40;30;20;30;30;40;30;90;30;50;1;szukam pracy w chojnicach
brama człuchowska chojnice;40;0.0;3;2021-03-11;30;30;40;50;110;40;20;40;30;30;30;30;1;brama człuchowska w chojnicach
mieszkania na sprzedaż chojnice ul wyszyńskiego;40;0.0;6;2023-08-23;40;20;30;20;20;20;10;30;50;70;70;30;0
chojnice nowe mieszkania na sprzedaż;40;0.24;5;2021-03-11;20;10;20;20;30;40;30;50;50;70;50;40;0
blachodachówka chojnice;40;2.22;2;2021-03-11;40;30;30;30;20;30;10;40;50;90;90;50;0
chojnice lokale do wynajęcia;40;0.14;4;2024-01-08;30;20;20;50;30;30;20;50;90;50;50;70;0
schody drewniane chojnice;40;1.53;3;2021-03-11;20;20;20;20;10;50;10;30;70;90;70;50;0
wywóz gruzu chojnice;40;0.89;3;2021-03-11;40;20;20;30;30;30;20;30;40;140;70;40;0
parking chojnice do której godziny;40;0.0;5;2026-08-03;50;50;50;50;30;40;30;30;40;20;20;20;0
panele podłogowe chojnice;40;2.06;3;2021-03-11;10;40;30;20;30;70;70;90;70;40;30;40;0
drzwi zewnętrzne chojnice;40;1.38;3;2021-03-11;50;30;20;30;50;50;40;50;50;30;40;40;0
apteka wracam do zdrowia chojnice;40;0.0;5;2021-03-10;40;40;30;50;40;30;50;70;40;30;30;40;0
wózki widłowe chojnice;40;2.88;3;2021-03-11;30;30;30;20;40;10;50;70;90;70;50;10;0
implanty zębowe chojnice;30;0.81;3;2021-06-29;30;20;20;20;10;20;20;30;50;30;20;30;0
pociąg gdańsk chojnice;30;0.0;3;2021-07-09;20;20;20;30;40;20;40;40;30;30;10;20;0
santander chojnice godziny otwarcia;30;0.0;4;2021-07-02;30;20;10;30;30;30;30;30;30;30;30;30;0
praca chojnice jooble;30;0.1;3;2021-07-05;30;10;20;20;20;40;30;40;30;50;40;20;0
praca chojnice lento;30;0.0;3;2021-07-05;40;20;10;10;10;10;10;10;10;110;90;40;0
praca za rogiem chojnice;30;0.23;3;2021-07-05;20;20;30;30;40;20;20;70;50;20;30;10;0
olx chojnice dom i ogrod;30;0.0;4;2021-06-23;10;20;40;50;40;30;40;20;20;20;20;30;0
sklep agd chojnice;30;1.4;3;2021-06-23;50;10;20;30;40;30;30;50;40;20;30;50;0
rolety wewnętrzne chojnice;30;1.94;3;2021-06-23;20;40;30;20;40;40;50;50;20;30;20;20;0
trampoliny chojnice;30;0.0;2;2021-06-23;70;20;30;20;30;20;30;40;10;10;10;20;0
optometrysta chojnice;30;1.89;2;2021-05-27;40;30;30;30;20;10;20;10;40;30;40;20;0
auto 24 chojnice;30;0.64;3;2021-07-22;10;20;20;20;40;30;40;50;40;30;50;10;0
najlepsza pizza w chojnicach;30;0.0;3;2021-06-15;30;10;10;10;10;10;40;50;30;50;40;20;0
chojnice mrówka;30;0.0;2;2021-06-02;30;50;50;50;30;20;30;30;30;20;20;30;0
fizjoterapeuta uroginekologiczny chojnice;30;0.0;3;2021-06-14;30;20;30;20;40;30;20;30;30;50;30;20;0
szpital chojnice nip;30;0.0;3;2021-05-25;40;20;30;40;40;30;20;30;30;30;50;40;0
dentysta wysoka chojnice;30;0.0;3;2021-07-22;40;30;50;50;20;20;20;20;30;20;30;20;0
kościerzyna chojnice pks;30;0.0;3;2021-07-01;20;30;20;30;20;30;30;20;20;50;50;40;0
pks sępólno chojnice;30;0.0;3;2021-07-01;30;30;20;20;30;20;30;50;40;20;10;10;0
autobusy chojnice człuchów;30;0.0;3;2021-07-01;20;20;30;20;20;20;40;30;20;30;30;20;0
rowery elektryczne chojnice;30;0.9;3;2021-09-02;10;10;20;40;50;50;90;30;20;10;10;10;0
chojnice cmentarz komunalny;30;0.0;3;2022-02-08;20;20;30;30;40;10;30;40;20;40;40;30;0
swiat ksiazki chojnice;30;0.55;3;2022-02-11;50;30;20;30;30;30;40;20;20;40;40;40;0
tapety chojnice;30;1.12;2;2022-02-18;50;20;30;10;10;20;30;40;40;30;20;10;0
geers chojnice;30;2.77;2;2022-08-01;40;30;30;20;10;40;30;20;20;30;20;30;0
przetargi gmina chojnice;30;0.0;3;2022-03-23;30;30;20;30;50;20;20;20;30;30;30;20;0
chojnice sklep budowlany;30;0.0;3;2022-03-21;30;10;70;30;20;30;50;40;40;20;40;20;0
kobryń rozkład jazdy człuchów chojnice;30;0.0;5;2022-02-08;50;70;40;40;10;10;10;20;40;20;40;40;0
wszywka alkoholowa chojnice;30;5.02;3;2022-04-18;50;20;30;30;40;30;30;30;40;20;50;20;0
szkoła w chojnicach;30;0.0;2;2023-04-21;10;40;30;30;40;20;10;30;20;30;20;10;0
kolonoskopia ze znieczuleniem chojnice;30;0.0;3;2023-05-05;70;50;70;30;20;10;30;10;10;10;40;50;0
bitwa pod chojnicami 1939;30;0.0;3;2023-05-20;40;10;20;20;20;20;30;40;50;30;50;30;0
chojnice łódź;30;0.0;2;2023-05-19;20;40;20;30;30;20;50;50;50;40;30;20;0
karolewo chojnice;30;0.0;2;2023-05-20;40;30;40;50;20;50;20;40;20;20;20;20;0
auchan chojnice adres;30;0.0;3;2023-04-25;20;20;30;30;30;30;30;50;30;10;20;40;0
myjnia tir chojnice;30;0.0;3;2022-06-10;10;110;20;30;20;10;50;20;30;30;40;30;0
zakuwanie węży chojnice;30;2.12;3;2022-06-22;20;10;30;30;30;40;50;40;40;30;40;20;0
poszukiwani chojnice;30;0.0;2;2022-08-29;30;20;30;30;50;20;50;40;40;20;30;30;0
cena węgla chojnice;30;0.02;3;2022-08-18;30;30;10;30;90;40;10;40;30;30;40;20;0
okulista dziecięcy chojnice prywatnie;30;2.52;4;2022-08-12;20;30;30;40;30;40;30;40;50;20;20;20;0
restauracja browar chojnice;30;0.0;3;2022-08-17;30;50;30;40;40;30;30;40;10;50;40;20;0
wywóz śmieci chojnice 2022;30;0.0;4;2022-05-29;10;10;10;50;50;90;40;10;30;30;0
hurtownia cezar chojnice;30;0.0;3;2022-07-14;20;20;30;20;20;20;10;30;70;70;20;10;0
opuszczone miejsca chojnice;30;0.0;3;2022-06-10;30;30;30;20;40;30;20;30;40;20;20;10;0
strefa płatnego parkowania chojnice;30;0.0;4;2022-05-23;20;30;30;10;30;20;40;30;40;30;20;30;0
izmir chojnice burger;30;0.0;3;2022-08-01;30;30;30;20;40;40;50;50;40;30;30;20;0
sklep seko chojnice godziny otwarcia;30;0.0;5;2022-10-05;10;30;20;20;20;20;10;20;20;10;20;90;0
ozss chojnice;30;0.0;2;2022-12-06;50;50;40;30;30;20;30;30;20;40;40;40;0
prawo jazdy kat a chojnice;30;0.0;4;2022-11-21;10;40;20;50;50;30;40;40;40;10;10;10;0
tasty chojnice;30;2.6;2;2022-11-28;20;40;20;20;30;30;40;20;40;30;40;20;0
centrum włosa chojnice;30;0.0;3;2022-09-28;30;20;40;20;20;10;10;40;30;10;20;50;0
darmowe kursy chojnice 2022;30;0.0;4;2023-01-13;20;10;10;10;30;30;40;40;70;40;40;30;0
volcano chojnice;30;0.92;2;2023-05-20;30;30;40;40;30;10;20;20;20;30;20;30;0
pomerania chojnice praktyki;30;0.0;3;2023-05-21;70;40;40;30;30;40;10;10;20;30;20;20;0
kapsalon chojnice;30;0.0;2;2023-05-21;40;20;30;30;50;30;40;40;40;20;40;30;0
sopocka akademia nauk stosowanych chojnice;30;0.0;5;2023-02-06;10;10;50;30;30;40;70;40;50;30;20;10;0
reha centrum chojnice;30;0.0;3;2023-01-13;30;50;30;20;20;30;20;30;50;30;20;20;0
spedycja chojnice;30;3.0;2;2023-03-13;50;40;20;20;20;50;20;20;20;30;20;10;0
wywóz gabarytów chojnice;30;0.0;3;2022-12-19;20;50;70;10;10;10;10;20;140;20;10;10;0
śruby chojnice;30;0.0;2;2023-02-15;30;20;30;10;40;40;20;40;40;30;20;20;0
chojnice charzykowy autobus;30;0.0;3;2022-12-05;10;20;20;30;20;70;70;70;10;20;10;10;0
motel chojnice;30;0.61;2;2023-04-03;40;10;30;20;10;30;40;70;50;20;20;50;0
pod wieżą chojnice;30;0.0;2;2023-04-03;10;20;110;50;20;20;90;20;10;10;10;20;0
dora chojnice;30;0.0;2;2023-03-23;20;20;30;30;50;30;20;20;50;30;30;20;0
lichnowska chojnice;30;0.0;2;2023-05-20;30;20;30;40;40;40;20;40;30;30;20;30;0
schron chojnice;30;0.0;2;2023-05-20;10;10;50;90;10;10;10;10;10;140;10;10;0
ordynator chirurgii chojnice;30;0.0;3;2023-05-20;50;20;20;40;30;30;10;20;20;30;30;30;0
ratusz w chojnicach;30;0.0;2;2023-05-21;20;30;10;20;40;30;20;70;20;70;10;20;0
gokarty chojnice bytowska;30;0.0;3;2023-06-15;40;20;20;20;20;30;50;70;20;40;20;30;0
kantor wymiany walut europa chojnice;30;0.0;5;2023-06-19;20;30;10;20;30;30;40;50;20;30;30;30;0
przedszkole misiowa akademia chojnice;30;0.0;4;2023-06-14;30;30;40;20;20;10;10;20;10;50;40;20;0
rtg chojnice prywatnie;30;0.0;3;2025-02-12;30;20;50;20;40;30;30;50;30;50;30;30;0
wolontariat chojnice;30;0.0;2;2023-05-29;70;30;30;30;20;30;10;10;20;30;20;30;0
pierogarnia chojnice menu;30;0.0;3;2024-02-22;20;10;10;10;10;10;10;10;90;70;50;50;0
chojnice paznokcie;30;0.0;2;2024-01-18;20;10;20;20;30;30;40;40;20;30;30;50;0
northbud chojnice;30;0.0;2;2024-02-21;40;20;20;20;10;10;30;40;30;30;40;20;0
wypożyczalnia sprzętu medycznego chojnice;30;1.06;4;2023-11-13;40;40;40;10;20;20;30;30;30;30;20;30;0
city gym chojnice cennik;30;0.0;4;2023-11-28;40;50;30;50;10;10;10;10;20;30;40;30;0
cyrk chojnice 2023;30;0.0;3;2024-02-12;0;0;0;110;110;10;50;10;40;50;0;10;0
e mapa gmina chojnice;30;0.0;4;2024-01-04;20;40;40;40;30;30;40;30;30;40;50;20;0
zakład usług komunalnych chojnice wykaz pogrzebów;30;0.0;6;2024-03-14;90;110;0;0;0;0;0;0;20;30;70;40;0
www.otomoto auto handel chojnice;30;0.08;4;2024-02-26;20;30;20;30;50;20;20;20;30;30;40;20;0
przedszkole chojnice cennik;30;0.0;3;2023-07-27;70;20;40;40;30;20;10;40;50;20;20;10;0
samochody bez prawa jazdy chojnice;30;0.0;4;2023-09-04;30;30;40;30;20;20;10;30;30;30;40;20;0
rozklad pkp chojnice;30;0.0;3;2023-08-10;30;20;30;50;30;30;50;50;30;20;30;50;0
trycholog chojnice cennik;30;0.0;3;2023-09-05;50;20;30;20;20;20;20;30;20;30;40;20;0
domowe obiady chojnice;30;0.51;3;2023-07-11;50;40;50;30;20;20;20;40;20;40;20;40;0
sklep w zagrodzie chojnice;30;0.0;3;2023-07-24;10;10;10;10;10;10;0;0;20;170;70;90;0
targi pracy chojnice 2023;30;0.0;4;2023-09-14;0;0;210;50;10;10;0;10;0;0;0;0;0
poradnia chirurgii urazowo-ortopedycznej chojnice;30;0.0;5;2023-09-18;30;30;40;40;30;40;30;40;40;40;30;20;0
gawin chojnice;30;0.0;2;2023-11-11;30;20;20;20;30;30;20;10;30;30;30;30;0
koncerty 2023 chojnice;30;0.0;3;2023-11-24;0;0;0;40;40;70;110;70;20;10;0;0;0
sala do wynajęcia chojnice;30;0.0;3;2023-11-17;50;40;40;30;20;20;20;50;30;20;30;20;0
jubiler krakowiak chojnice;30;0.0;3;2023-11-13;20;20;40;50;20;40;20;10;20;20;30;50;0
wywóz odpadów wielkogabarytowych chojnice;30;0.0;4;2023-12-14;10;70;70;30;10;10;20;40;110;20;10;10;0
dobry onkolog chojnice;30;0.0;3;2023-12-13;40;40;40;30;30;30;20;40;40;20;20;20;0
auto złom szrot chojnice;30;0.0;4;2024-03-08;50;20;30;30;30;20;40;40;20;40;40;30;0
apteka plac piastowski chojnice;30;0.0;4;2024-04-08;30;20;50;30;20;30;20;20;30;20;40;40;0
prawnik chojnice cennik;30;0.77;3;2024-04-15;20;30;40;20;30;20;20;30;40;20;30;30;0
sklep narzędziowy chojnice;30;0.0;3;2024-05-24;30;20;20;30;90;30;30;20;20;20;20;20;0
planowane wyłączenia prądu chojnice;30;0.0;4;2024-07-04;10;20;20;20;10;30;50;20;30;40;50;20;0
pogoda radar chojnice;30;0.57;3;2024-06-05;20;20;10;30;30;90;90;70;10;10;10;10;0
weterynarz piłsudskiego chojnice;30;0.0;3;2024-07-30;20;40;40;20;30;30;50;30;20;20;30;40;0
shell chojnice;30;0.0;2;2024-07-18;20;20;20;30;40;20;40;30;30;30;20;40;0
wyłączenia prądu chojnice;30;0.0;3;2024-10-04;40;40;20;40;20;20;30;30;20;30;70;40;0
notera chojnice;30;1.33;2;2024-09-26;30;40;40;30;20;20;20;30;20;40;50;20;0
jarmark bożonarodzeniowy chojnice 2023;30;0.0;4;2024-09-27;10;10;0;0;0;0;0;0;0;0;90;320;0
szypryt chojnice godz otwarcia;30;0.0;3;2021-03-10;10;30;20;30;40;50;20;20;20;20;30;10;0
kantory chojnice kursy walut;30;0.0;4;2021-06-22;40;10;30;20;50;70;50;40;20;20;20;20;1;kursy walut kantory chojnice
poradnia chirurgiczna chojnice;30;0.0;3;2021-03-10;40;30;40;50;20;30;30;40;50;20;20;20;0
rozkład jazdy pkp tuchola chojnice;30;0.0;5;2021-06-22;30;30;40;50;20;20;30;30;20;30;30;30;1;rozkład jazdy pkp chojnice tuchola
kancelaria chojnice;30;0.0;2;2025-01-13;10;20;10;50;70;10;30;10;10;90;20;10;0
usg jamy brzusznej chojnice cennik;30;0.0;5;2025-01-15;50;40;30;30;30;10;20;50;40;20;50;20;0
balony z helem chojnice;30;1.11;3;2021-03-10;10;40;20;30;30;70;30;30;20;20;10;10;0
przychodnia szpital chojnice;30;0.0;3;2021-03-10;30;40;30;20;30;20;20;30;30;30;30;30;0
chojnice leśna 10;30;0.0;2;2021-03-10;30;20;40;20;40;30;40;50;20;20;20;10;0
kardiolog chojnice lica gorzyńska;30;0.0;4;2021-03-11;40;40;70;40;20;20;10;20;50;40;40;10;0
mieszkania do 170 tys w chojnicach aktualne;30;0.03;4;2021-03-11;30;10;10;10;50;40;40;40;40;20;20;30;1;mieszkania do 170 tyś w chojnicach aktualne
kwiaciarnia stokrotka chojnice;30;0.0;3;2021-03-10;40;40;30;20;40;20;10;20;40;70;10;30;0
renowacja felg chojnice;30;0.0;3;2021-03-10;30;50;30;30;20;20;30;10;40;20;30;20;0
sklep wędkarski chojnice bytowska;30;0.0;4;2021-03-10;10;10;20;40;20;70;50;30;30;20;30;20;0
chojniczanka chojnice stal mielec;30;0.0;4;2021-03-10;0;0;0;0;210;0;10;0;110;10;10;10;0
pks chojnice gdańsk;30;0.0;3;2021-06-22;20;10;20;10;40;40;50;40;50;30;40;40;3;pks gdańsk chojnice
chojnice gdańsk pks
gdańsk chojnice pks
żwirownia kalinowski chojnice;30;0.0;3;2021-03-11;20;10;20;70;50;50;40;20;20;30;10;10;0
kawalerki do wynajęcia chojnice;30;0.0;4;2021-05-17;30;40;30;40;30;10;20;30;40;40;20;20;0
hotel spa chojnice;30;0.24;3;2021-03-11;30;50;30;30;10;10;10;50;40;30;20;10;2;chojnice spa hotel
chojnice hotel spa
jedzenie na dowóz chojnice;30;2.27;4;2021-03-11;30;20;30;40;30;10;20;20;20;30;30;40;2;chojnice jedzenie na dowóz
jedzenie z dowozem chojnice
przyczepy kempingowe chojnice;30;0.33;3;2021-03-11;20;10;10;20;30;30;50;90;50;20;40;10;0
skład węgla chojnice drzymały;30;0.0;4;2021-03-11;40;40;40;30;20;10;20;20;30;10;20;50;0
paznokcie zelowe chojnice;30;0.0;3;2021-06-22;10;10;10;10;40;30;40;50;40;20;10;30;1;paznokcie żelowe chojnice
praca chojnice kierowca;30;0.07;3;2021-06-22;70;50;30;20;30;20;20;30;30;30;50;20;3;praca kierowca chojnice
praca dla kierowcy chojnice
chojnice praca kierowca
lpg chojnice;30;0.0;2;2021-03-11;40;40;70;20;30;40;30;10;10;20;30;30;0
ogrodzenia betonowe chojnice;30;0.6;3;2021-03-11;20;40;70;20;30;40;50;30;20;20;20;10;0
city optyk chojnice;30;0.0;3;2021-03-11;20;20;50;20;20;20;20;10;40;30;30;20;0
dr kaszubowska chojnice;30;0.0;2;2021-03-11;30;20;10;10;20;30;40;40;40;30;20;10;0
miasto chojnice bip;30;0.0;2;2021-03-11;40;20;30;30;40;40;20;20;20;30;40;30;2;chojnice miasto bip
bip chojnice miasto
foteliki samochodowe chojnice;30;0.0;3;2021-03-11;10;20;30;70;20;30;50;40;30;20;20;20;0
kebab kaufland chojnice;30;0.0;3;2021-03-11;20;40;30;40;20;40;20;30;40;30;30;30;1;kebab chojnice kaufland
szpital psychiatryczny chojnice;30;0.0;3;2021-03-11;40;20;30;10;20;10;10;20;20;40;40;50;1;chojnice szpital psychiatryczny
zielińska ginekolog chojnice;30;0.0;3;2021-06-22;40;20;30;30;30;30;30;30;30;20;30;30;3;ginekolog zielińska chojnice
ginekolog chojnice zielińska
zielińska chojnice ginekolog
enea chojnice numer telefonu;30;0.0;4;2021-03-11;20;20;20;20;10;20;20;30;50;30;110;20;0
świat książki chojnice;30;0.73;3;2021-03-11;20;10;20;30;10;30;30;40;40;20;20;50;0
komornik chyła chojnice;30;0.0;3;2021-06-22;40;40;30;50;30;40;30;30;20;20;30;30;1;komornik chojnice chyła
pks chojnice człuchów;30;0.0;3;2021-03-11;30;30;30;40;20;30;30;20;30;20;30;20;2;pks człuchów chojnice
chojnice człuchów pks
monitoring chojnice;30;1.27;2;2021-03-11;20;10;30;30;40;30;40;20;20;20;40;10;0
sklep meblowy chojnice ul gdańska;30;0.0;4;2021-03-11;30;30;40;20;40;20;30;40;30;40;40;30;0
chojnice klub piłkarski;30;0.0;3;2021-03-11;40;30;20;50;40;30;50;30;30;30;20;20;0
pobieranie krwi chojnice;30;0.0;3;2021-03-11;50;20;50;30;20;30;20;30;20;40;20;20;0
stary spichlerz chojnice;30;0.0;3;2021-03-11;30;30;30;30;30;30;20;20;20;30;20;30;0
kościół matki bożej królowej polski chojnice;30;0.0;6;2021-03-11;20;30;40;40;10;20;10;10;50;40;30;50;3;kościół matki bożej królowej polski w chojnicach
chojnice kościół matki bożej królowej polski
kościół chojnice matki bożej królowej polski
logo tape chojnice;30;0.0;3;2021-03-11;20;20;40;20;20;10;10;20;20;70;90;10;0
urząd miasta chojnice kontakt;30;0.0;4;2021-03-11;30;20;10;10;10;20;40;20;30;70;70;50;0
sala na 18 urodziny chojnice;30;0.0;4;2021-03-11;70;20;50;20;30;20;20;10;30;30;30;10;0
galeria km chojnice;30;0.0;3;2021-03-11;20;30;20;40;30;30;20;20;30;20;20;10;0
obi chojnice godziny otwarcia niedziela;30;0.0;5;2021-03-11;10;10;20;50;30;50;40;50;30;20;20;30;0
sanepid chojnice badanie kału;30;0.0;4;2021-03-11;30;20;20;10;30;30;20;20;90;70;20;10;0
praca chojnice ogłoszenia;30;0.04;3;2021-03-11;30;20;30;40;40;90;90;10;10;10;30;30;4;ogłoszenia o prace chojnice
praca w chojnicach ogłoszenia
ogłoszenia chojnice praca
ogłoszenia praca chojnice
dom publiczny chojnice;30;0.0;3;2021-03-11;20;30;20;30;30;20;30;50;20;20;30;20;0
ortodonta chojnice nfz;30;0.0;3;2021-03-11;40;40;40;40;40;30;30;20;40;30;30;10;0
dom dziennego pobytu chojnice;30;0.0;4;2021-03-11;50;30;20;20;30;10;20;50;40;40;40;50;0
rozkład jazdy pkp chojnice bydgoszcz;30;0.0;5;2021-06-22;20;30;20;20;50;30;30;20;30;20;30;30;1;rozkład jazdy pkp bydgoszcz chojnice
łódki chojnice;30;0.0;2;2021-06-22;50;20;30;30;40;30;40;40;10;20;20;10;2;łódka chojnice
chojnice łódki
chojnice online;30;0.0;2;2021-03-11;30;10;20;40;20;70;30;20;10;10;20;50;0
sala chojnice;30;0.0;2;2021-03-11;50;40;20;30;10;20;20;20;50;50;30;20;0
sklep z garniturami chojnice;30;0.0;3;2021-03-11;20;20;10;50;50;40;40;50;30;10;10;20;0
korepetycje angielski chojnice;30;2.59;3;2021-03-11;20;30;30;20;70;10;20;30;70;40;40;20;0
wegner chojnice;30;0.0;2;2021-03-11;30;30;20;20;20;40;30;50;70;20;20;10;0
netto chojnice godziny otwarcia;30;0.0;4;2021-03-11;30;30;40;30;20;50;50;30;30;30;20;70;0
przedszkole publiczne chojnice;30;0.0;3;2021-03-11;70;40;30;50;10;20;10;20;70;10;30;50;0
lekarz chojnice;30;0.0;2;2021-03-11;20;20;40;30;40;20;40;30;40;20;20;20;1;chojnice lekarze
wydział komunikacji chojnice prawo jazdy;30;0.0;5;2021-03-11;30;30;30;20;30;30;30;10;10;40;20;20;0
piekarnia skiba chojnice;30;0.0;3;2021-03-11;30;20;10;30;20;30;40;20;70;30;20;20;0
przychodnia solmed chojnice;30;0.0;3;2021-03-11;40;40;50;30;40;10;30;40;30;30;50;20;0
autobusy miejskie chojnice;30;0.0;3;2021-03-11;20;40;30;20;20;30;30;30;40;30;30;20;0
restauracja bazylia chojnice;30;0.0;3;2021-03-11;40;30;30;20;30;40;40;40;30;30;30;30;1;bazylia restauracja chojnice
express optyk chojnice;30;0.0;3;2021-03-11;20;20;10;30;40;30;40;40;20;20;20;110;0
lekarz rodzinny chojnice;30;0.0;3;2021-03-11;30;30;40;20;20;30;40;40;40;30;30;30;0
nfz chojnice godziny otwarcia;30;0.0;4;2021-03-11;40;30;30;30;50;20;40;20;20;40;20;30;0
szpital chojnice godziny odwiedzin;30;0.0;4;2021-03-11;20;20;40;40;30;20;40;30;30;20;10;10;0
chirurg dentysta chojnice;30;0.0;3;2021-05-09;50;10;50;40;30;30;20;50;10;20;10;20;0
pogoda długoterminowa chojnice 16 dni;30;0.0;5;2021-03-11;20;10;20;30;40;50;40;30;20;10;20;20;1;pogoda dlugoterminowa 16 dni chojnice
praca chojnice sprzedawca;30;0.45;3;2021-03-11;40;20;30;10;30;10;10;20;70;20;20;30;3;praca sprzedawca chojnice
praca w chojnicach sprzedawca
chojnice praca sprzedawca
internat chojnice;30;0.0;2;2021-03-11;40;30;20;40;50;30;50;20;20;20;20;10;0
wopr chojnice;30;0.0;2;2021-03-11;10;20;10;50;50;70;50;40;40;10;10;10;0
taxi chojnice radio taxi hit chojnice;30;0.0;6;2021-03-11;40;40;30;20;20;40;40;50;30;30;20;30;0
bramy chojnice;30;0.0;2;2021-03-11;30;50;20;10;30;30;50;20;20;10;10;20;0
łodzie wędkarskie chojnice;30;0.0;3;2021-06-22;50;30;50;30;20;40;20;30;30;40;50;30;3;chojnice łodzie wędkarskie
lodzie wedkarskie chojnice
łodzie wedkarskie chojnice
piastpol chojnice;30;0.0;2;2021-03-11;20;20;40;20;50;50;30;30;20;10;20;10;0
taxi chojnice nr tel;30;0.0;2;2021-03-11;10;10;20;30;30;50;50;40;40;40;40;30;0
darmowe kursy chojnice;30;0.62;3;2021-03-11;50;50;50;20;30;20;20;20;10;20;10;10;0
blaty kuchenne chojnice;30;0.62;3;2021-03-11;30;10;40;10;20;30;40;30;40;20;10;10;0
mesjasz chojnice;30;0.0;2;2021-03-11;40;30;30;20;30;10;20;20;20;30;30;20;0
autolaweta chojnice;30;9.11;2;2021-03-11;30;30;20;20;30;30;40;30;20;10;10;20;0
serwis klimatyzacji chojnice;30;1.76;3;2021-03-11;10;10;10;20;70;110;40;30;10;20;10;10;0
praca elektryk chojnice;30;0.51;3;2021-03-11;30;20;20;30;50;10;30;50;50;10;10;70;0
pomerania chojnice liceum;30;0.0;3;2021-03-11;10;10;10;20;30;30;70;70;70;30;20;20;0
rckik chojnice;30;0.0;2;2021-03-11;40;20;30;20;30;30;30;40;10;20;30;40;0
nowe lo chojnice;30;0.0;2;2021-03-11;20;20;20;30;20;10;30;30;50;20;20;10;0
sklep rowerowy chojnice bytowska;30;0.0;4;2021-03-11;10;10;40;50;70;40;50;40;30;10;10;10;0
drewmet chojnice;30;0.0;2;2021-03-11;30;40;30;30;30;20;30;30;30;30;40;30;0
psb chojnice;30;0.0;2;2021-03-11;20;50;50;30;30;30;40;20;20;30;20;30;0
tok rem chojnice;30;0.0;3;2021-03-11;10;20;30;30;70;30;30;20;10;30;40;20;0
wypożyczalnia sprzętu ogrodniczego chojnice;30;0.98;4;2021-03-11;10;30;50;110;50;30;30;30;30;10;10;10;0
odr chojnice;30;0.0;2;2021-03-11;20;20;50;90;70;40;20;30;10;20;30;10;0
malowanie proszkowe chojnice;30;3.16;3;2021-03-11;50;40;30;40;10;40;70;10;10;30;30;20;0
stomatolog chojnice ul wysoka;30;0.0;3;2021-03-11;30;70;20;50;20;30;30;30;30;40;20;20;0
inspekcja pracy chojnice;30;0.0;3;2021-03-11;20;30;30;20;30;40;30;30;20;30;20;30;0
informatyk chojnice;30;0.0;2;2021-03-11;20;20;20;50;10;30;70;40;70;10;20;10;0
top dog chojnice;30;0.0;3;2021-03-11;20;30;30;50;20;20;30;20;40;20;30;30;0
konar chojnice;30;0.0;2;2021-03-11;30;30;40;30;40;40;20;30;20;30;20;20;0
santander consumer bank chojnice;30;0.0;4;2021-03-11;20;30;20;50;40;50;20;50;30;20;30;20;0
chojnice zdjęcia;30;0.0;2;2021-03-11;20;30;30;40;20;30;50;40;10;20;20;10;0
dietetyk chojnice cennik;30;2.41;3;2021-03-11;70;40;40;20;10;20;10;10;20;30;30;20;0
szyby samochodowe chojnice;30;0.0;3;2021-03-11;10;10;30;20;50;40;30;30;40;20;10;20;0
auto24 chojnice;30;0.0;2;2021-03-11;40;20;20;40;20;30;40;20;20;20;30;20;0
zespół szkół specjalnych chojnice;30;0.0;4;2021-03-11;20;20;30;10;20;40;20;20;90;40;40;70;1;zespół szkół specjalnych w chojnicach
studia zaoczne chojnice;30;0.13;3;2021-03-11;20;10;10;10;20;40;90;40;40;10;20;10;1;chojnice studia zaoczne
oddawanie krwi chojnice;30;0.0;3;2021-03-11;20;50;30;40;40;30;40;30;30;50;20;30;0
punkt krwiodawstwa chojnice;30;0.0;3;2021-03-11;20;30;20;20;30;10;30;20;20;30;20;30;0
przychodnia opus chojnice;30;0.0;3;2021-03-11;40;40;40;30;40;20;20;30;10;20;30;40;0
antyki chojnice;30;0.0;2;2021-03-11;40;30;30;10;20;10;40;40;30;30;10;30;0
apteka promedica chojnice;30;0.0;3;2021-03-11;30;30;30;30;30;40;40;40;30;40;30;40;0
myjnia ręczna chojnice;30;0.0;3;2021-03-11;10;20;40;70;30;20;30;20;30;20;10;30;0
rozkład jazdy pkp tczew chojnice;30;0.0;5;2021-03-11;30;20;40;20;20;20;30;30;20;90;30;30;1;chojnice tczew pkp rozkład jazdy
ckziu chojnice;30;0.0;2;2021-03-11;40;20;30;20;20;20;30;30;70;30;30;20;0
kłodawa chojnice;30;0.0;2;2021-03-11;30;30;30;30;20;20;30;30;30;30;20;20;0
psy do adopcji chojnice;30;0.0;3;2021-03-11;30;30;30;40;30;20;30;20;40;30;20;40;0
pizza laguna chojnice;30;2.15;3;2021-03-11;40;40;30;30;20;30;30;30;30;30;30;50;0
oddział nfz chojnice;30;0.0;3;2021-03-11;30;30;20;20;30;30;50;30;30;30;30;10;0
majster chojnice;30;0.0;2;2021-03-11;30;30;30;30;10;20;20;30;40;30;40;20;0
mbkp chojnice msze;30;0.0;3;2021-03-11;50;30;20;30;30;20;20;10;10;20;20;70;0
gimnazjalny chojnice;30;0.0;2;2021-03-11;20;40;20;40;40;20;10;20;10;20;20;30;0
radca prawny chojnice za darmo;30;1.74;4;2021-03-11;20;20;30;40;30;30;40;40;30;50;20;20;0
parking strzeżony chojnice;30;0.0;3;2021-03-11;20;20;20;20;10;40;110;50;50;10;10;10;0
szkolenie psów chojnice;30;1.6;3;2021-03-11;40;20;30;30;20;20;40;20;30;30;40;20;0
małecki psychiatra chojnice;30;0.0;3;2021-03-11;50;20;30;30;20;10;10;20;10;20;40;40;0
darmowy radca prawny chojnice;30;1.46;4;2021-03-11;40;30;40;50;30;50;20;30;30;20;20;20;0
drogeria chojnice;30;0.0;2;2021-03-11;40;20;10;30;20;30;30;30;40;10;40;30;0
elektronik chojnice;30;0.0;2;2021-03-11;30;20;10;20;20;30;40;30;20;50;30;20;0
butik chojnice;30;0.0;2;2021-03-11;30;30;20;30;40;30;40;30;20;30;30;40;0
drewno opałowe chojnice i okolice;30;0.0;4;2021-03-11;20;20;30;10;20;90;30;20;10;50;10;10;0
wrzeszcz chojnice;30;0.0;2;2021-03-11;30;50;40;40;30;30;30;20;20;20;30;20;0
herbaciarnia chojnice;30;0.0;2;2021-03-11;40;20;20;30;30;20;10;10;10;20;40;70;0
serwis renault chojnice;30;2.88;3;2021-06-22;30;40;20;20;10;20;40;40;20;40;20;30;1;renault chojnice serwis
dominika laniecka chojnice;30;0.0;3;2021-03-11;70;50;20;20;10;10;10;20;10;50;30;40;0
pogoda chojnice sobota;30;0.0;3;2021-03-11;20;30;30;30;50;50;50;30;10;20;10;10;0
makijaż permanentny chojnice;30;0.0;3;2021-03-11;40;30;40;30;70;50;30;40;20;30;30;10;0
sklep z odzieżą używaną chojnice;30;0.0;4;2021-03-11;40;20;20;20;20;20;10;10;20;70;10;30;0
szpital chojnice okulistyka;30;0.0;3;2021-03-11;20;40;40;30;30;30;30;40;40;30;20;20;1;chojnice szpital okulistyka
parasole chojnice;30;0.0;2;2021-05-21;0;10;10;30;90;70;90;40;20;10;10;0;0
powiatowe centrum pomocy rodzinie chojnice;30;0.0;5;2021-03-11;20;30;30;30;20;50;40;50;20;50;30;20;1;powiatowe centrum pomocy rodzinie w chojnicach
schronisko chojnice psy do adopcji;30;0.0;4;2021-03-11;30;30;70;20;40;30;70;20;40;10;10;30;0
polsport chojnice;30;0.0;2;2021-03-11;20;20;30;40;30;30;40;50;50;20;30;20;0
bank pocztowy chojnice;30;0.0;3;2021-03-11;30;20;40;10;30;30;10;50;40;30;30;20;0
urolog dziecięcy chojnice;30;0.0;3;2021-03-11;50;70;20;20;10;10;20;10;50;30;50;30;0
szpital chojnice kardiologia;30;0.0;3;2021-03-11;30;20;30;30;30;20;20;20;30;20;20;30;0
chojnice zwiedzanie;30;0.0;2;2021-03-11;20;20;10;20;30;30;90;40;20;20;10;10;0
śmieci chojnice;30;0.0;2;2021-03-11;70;30;30;30;30;20;50;20;30;10;10;30;1;chojnice śmieci
sale do wynajęcia chojnice;30;0.0;3;2021-03-11;50;40;40;30;20;20;20;50;30;20;30;20;0
dentysta ryngwelski chojnice;30;0.0;3;2021-06-22;40;40;50;20;30;20;30;20;30;20;10;10;1;dentysta chojnice ryngwelski
licytacje komornicze chojnice chyła;30;0.0;4;2021-03-11;40;40;30;20;50;20;20;10;20;30;30;20;0
kolonoskopia chojnice cena;30;0.0;3;2021-03-11;50;40;40;30;30;20;20;30;20;30;40;40;0
gminny ośrodek pomocy społecznej chojnice;30;0.0;5;2021-03-11;10;30;30;10;10;20;10;70;50;40;50;30;0
bagietka chojnice torty;30;0.0;3;2021-03-11;30;30;30;20;30;20;20;20;20;30;20;30;0
darmowe kursy chojnice 2020;30;0.0;4;2021-03-25;30;20;10;10;10;20;40;50;50;40;20;20;0
sklep abra chojnice;30;0.4;3;2021-03-11;20;20;30;20;20;20;30;30;30;50;30;20;0
brolet chojnice;30;0.0;2;2021-03-11;20;20;20;20;40;20;70;50;20;20;20;20;0
klub strzelecki chojnice;30;0.0;3;2021-03-11;30;40;30;50;20;20;10;30;20;40;30;30;0
spawanie aluminium chojnice;30;1.16;3;2021-03-11;20;30;40;20;70;30;50;70;10;30;10;10;0
rytel chojnice;30;0.0;2;2021-03-11;30;50;20;40;30;40;50;40;20;30;10;30;0
okręgowa stacja kontroli pojazdów chojnice;30;0.0;5;2021-03-11;40;20;20;30;10;90;40;40;50;20;20;20;0
pks czersk chojnice;30;0.0;3;2021-06-22;50;30;20;30;30;20;30;30;50;20;30;20;1;pks chojnice czersk
ginter chojnice katalog;30;0.0;3;2021-03-11;50;40;40;50;30;20;20;20;20;40;40;10;0
media expert chojnice kontakt;30;1.7;4;2021-03-11;20;40;30;40;30;10;20;40;30;20;20;50;0
chojnice i okolice;30;0.0;2;2021-06-22;20;30;20;20;40;40;50;40;20;20;20;20;1;okolice chojnic
chojnice z lotu ptaka;30;0.0;3;2021-03-11;20;30;30;20;30;30;40;20;20;30;40;30;0
skok stefczyka chojnice;30;0.0;3;2021-03-11;30;10;30;30;40;30;20;40;40;40;40;10;0
salon urody chojnice;30;0.0;3;2021-03-11;10;20;30;20;30;30;40;40;50;10;10;20;0
sklep militarny chojnice;30;0.0;3;2021-03-11;30;20;10;20;30;10;30;40;20;30;20;20;0
la bamba chojnice;30;0.0;3;2021-03-11;50;50;20;30;20;10;30;50;50;20;10;20;0
przychodnia nova chojnice telefon;30;0.0;4;2021-03-11;50;30;20;20;10;10;30;20;30;40;20;20;0
oslink internet chojnice;30;0.0;3;2021-03-11;20;70;50;50;10;20;10;40;20;0;10;10;0
komunikacja miejska chojnice;30;0.0;3;2021-06-22;40;30;20;30;40;40;70;40;30;30;10;10;1;chojnice komunikacja miejska
imprezy okolicznościowe chojnice;30;0.0;3;2021-03-11;20;10;10;10;10;10;10;210;10;20;10;10;0
kościół królowej jadwigi chojnice;30;0.0;4;2021-03-11;20;20;50;50;40;40;30;20;50;10;10;30;0
skiba chojnice opinie;30;0.0;3;2021-03-11;30;20;30;20;50;30;50;50;40;20;10;10;0
art gum chojnice;30;0.0;3;2021-03-11;20;10;10;70;40;20;20;20;10;30;90;20;0
house chojnice;30;0.0;2;2021-03-11;40;20;30;30;50;30;20;50;20;20;20;40;0
asnyka chojnice;30;0.0;2;2021-03-11;50;40;30;30;40;30;40;40;20;20;20;20;0
auto gaz chojnice tucholska;30;0.0;4;2021-03-11;40;20;20;30;30;30;20;30;30;30;40;20;0
ratuszowy chojnice;30;3.0;2;2021-03-11;20;20;10;20;30;30;50;50;20;50;30;40;0
badania na prawo jazdy chojnice;30;0.0;4;2021-03-11;20;30;20;30;50;20;20;20;30;40;30;30;0
makalu chojnice;30;1.78;2;2021-03-11;30;30;20;30;40;40;30;20;30;50;30;30;0
bazylika mniejsza chojnice ogłoszenia;30;0.0;4;2021-03-11;20;40;40;50;20;20;10;10;20;20;10;40;0
hurtownia bhp chojnice;30;1.15;3;2021-03-11;50;20;40;30;40;30;10;30;30;30;40;30;0
psycholog chojnice cennik;30;0.0;3;2021-03-11;50;30;30;20;30;10;10;30;30;40;50;30;0
kantor chojnice czupa;30;0.0;3;2021-03-11;30;30;20;20;30;20;10;10;40;90;30;10;0
kwiaciarnia margaretka chojnice;30;0.0;3;2021-03-11;30;30;30;20;70;20;20;40;30;50;30;10;0
przemysłowa chojnice;30;0.0;2;2021-03-11;30;20;20;70;30;30;70;50;40;20;20;20;0
akademia tańca piętro wyżej chojnice;30;0.0;5;2021-03-11;40;30;20;20;10;10;10;90;40;30;20;20;1;akademia tańca piętro wyżej w chojnicach
jarpol meble chojnice;30;0.0;3;2021-06-22;30;50;50;40;40;20;10;30;20;40;50;20;2;meble jarpol chojnice
meble chojnice jarpol
opiekunka do dziecka chojnice;30;0.54;4;2021-03-11;50;50;20;10;10;10;20;20;20;20;20;30;0
sanepid chojnice kontakt;30;0.0;3;2021-03-11;30;20;20;30;30;20;10;20;30;20;20;20;0
gazeta pomorska chojnice;30;0.0;3;2021-03-11;30;50;40;40;20;30;40;20;30;30;30;20;0
krwiodawstwo chojnice godziny otwarcia;30;0.0;4;2021-03-10;30;20;30;40;20;30;30;30;20;20;30;50;0
salon fryzjerski ewelina chojnice;30;0.0;4;2021-04-21;20;20;20;20;20;30;30;10;90;40;20;20;0
pracownia fryzjerska chojnice;30;0.0;3;2021-04-21;30;30;40;30;30;50;30;30;20;30;20;20;0
ford fiesta chojnice;30;0.0;3;2021-03-10;30;20;20;20;30;10;30;10;20;50;50;30;0
chojniczanka chojnice trener;30;0.0;3;2021-03-10;20;20;20;20;20;70;70;40;40;40;30;10;0
chojnice firmy produkcyjne;30;0.0;3;2021-03-10;10;30;10;40;30;30;20;30;20;10;50;90;0
studia pielęgniarskie chojnice;30;0.0;3;2021-03-11;30;30;20;30;40;50;50;40;50;20;30;20;0
szkoła 5 chojnice;30;0.0;3;2021-03-11;30;30;40;20;30;30;10;30;50;40;30;20;0
radio weekend chojnice kontakt;30;0.0;4;2021-03-11;20;30;40;40;10;10;30;40;20;30;10;30;0
zus chojnice adres;30;0.0;3;2021-03-11;30;30;30;20;30;30;20;30;20;30;10;20;0
praca psycholog chojnice;30;0.0;3;2021-03-11;30;30;40;20;40;30;40;30;30;30;30;20;0
przychodnia eskulap chojnice rejestracja;30;0.0;4;2021-03-11;40;30;30;10;30;30;50;40;30;10;30;20;0
akupunktura chojnice;30;0.0;2;2021-03-11;30;30;50;30;30;50;30;20;30;20;20;20;0
książąt pomorskich chojnice;30;0.0;3;2021-03-11;20;40;30;40;30;30;30;40;30;30;20;30;0
kowalstwo artystyczne chojnice;30;0.0;3;2021-03-11;20;30;20;50;40;20;40;20;30;20;20;20;0
trasy rowerowe chojnice;30;0.0;3;2021-03-11;10;10;10;30;110;70;50;50;20;10;10;10;1;chojnice trasy rowerowe
poradnia hematologiczna chojnice;30;0.0;3;2021-03-11;30;50;30;20;10;30;50;20;40;20;20;20;0
zakład szklarski chojnice;30;0.0;3;2021-03-11;30;40;30;10;40;20;40;20;20;20;20;20;0
bagietka chojnice praca;30;0.0;3;2021-03-11;40;30;40;20;30;40;20;30;40;40;30;20;0
szczeniaki chojnice;30;0.0;2;2021-03-11;10;30;30;20;50;30;50;40;20;30;20;10;0
lampy chojnice;30;0.58;2;2021-03-11;40;40;40;30;30;20;50;30;40;20;40;30;0
pogoda chojnice interia długoterminowa;30;0.0;4;2021-03-11;50;30;40;50;30;20;20;30;20;20;30;30;0
pit bike chojnice;30;0.0;3;2021-03-11;30;30;10;20;20;20;10;10;20;50;90;50;0
turniej miast chojnice dzierżoniów;30;0.0;4;2021-03-11;30;20;40;30;20;30;20;20;40;40;20;30;0
ford kuga chojnice;30;0.06;3;2021-03-11;70;20;30;30;40;30;20;10;20;40;40;40;0
salon fryzjerski dorota chojnice;30;0.0;4;2021-03-10;20;30;30;40;10;20;40;40;40;30;20;30;0
pizzeria 7 chojnice;30;0.0;3;2021-04-13;20;20;20;30;20;30;30;30;20;10;30;30;0
metamorfoza chojnice;30;0.0;2;2021-03-10;40;30;40;40;30;40;40;40;40;40;30;20;0
badanie wzroku chojnice;30;2.21;3;2021-03-11;30;40;40;20;10;40;20;20;20;20;20;10;0
zs7 chojnice;30;0.0;2;2021-03-10;30;30;30;20;40;20;10;50;70;30;30;30;0
poczta chojnice towarowa godziny otwarcia;30;0.0;5;2021-03-10;30;40;30;30;50;40;40;30;20;40;20;40;0
księgi wieczyste chojnice;30;0.7;3;2021-06-22;40;20;40;40;20;20;30;20;20;20;30;20;1;księga wieczysta chojnice
pizza wenecka chojnice;30;0.0;3;2021-03-10;40;30;30;30;40;20;20;50;20;20;20;30;0
salus centrum medyczne chojnice;30;0.0;4;2021-06-22;40;30;10;20;10;50;30;30;40;40;70;30;1;centrum medyczne salus chojnice
tokarz chojnice;30;0.0;2;2021-03-10;30;30;30;30;40;30;20;40;20;30;30;20;0
kajaki chojnice;30;0.0;2;2021-06-22;10;10;10;20;70;50;90;70;20;10;10;10;1;chojnice kajaki
sklep aniołek chojnice;30;0.0;3;2021-03-10;30;20;30;40;50;10;10;10;20;30;20;30;0
pizza hut chojnice;30;0.0;3;2021-03-10;50;50;20;50;20;40;40;40;20;20;10;10;0
urbaniak inwestycje chojnice;30;6.44;3;2021-03-10;50;30;30;50;20;40;40;30;30;40;20;40;0
poradnia gastroenterologiczna chojnice;30;0.0;3;2021-03-10;30;40;50;20;20;10;10;10;30;30;20;20;0
duma meble chojnice;30;0.0;3;2021-03-10;40;40;40;20;20;20;20;20;20;30;20;10;0
access point chojnice;30;0.0;3;2021-03-10;40;30;40;30;20;20;30;50;40;30;30;40;0
beton chojnice;30;0.0;2;2021-03-11;20;30;40;30;40;30;30;20;30;30;10;20;1;chojnice beton
maciej polasik chojnice;30;0.0;3;2021-03-11;40;10;40;40;40;10;20;40;20;30;20;30;0
dom do remontu chojnice;30;0.11;4;2021-03-11;20;30;50;20;30;30;40;30;20;10;20;10;0
darmowe porady prawne chojnice strzelecka;30;0.0;5;2021-03-11;20;40;40;40;40;40;40;40;30;40;30;30;0
narzędzia chojnice;30;0.0;2;2021-03-11;40;40;30;50;40;30;30;20;20;20;30;50;0
dietetyk kliniczny chojnice;30;1.29;3;2021-03-11;30;40;40;40;30;40;20;20;20;20;20;20;0
lekarz medycyny pracy chojnice rybarczyk;30;0.0;5;2021-03-11;30;50;20;30;40;40;30;40;30;30;10;30;2;rybarczyk lekarz medycyny pracy chojnice
rybarczyk chojnice lekarz medycyny pracy
pizzeria u irasa chojnice;30;0.0;4;2021-03-11;20;10;10;20;20;20;50;40;40;50;30;30;0
tłumacz przysięgły języka angielskiego chojnice;30;1.34;5;2021-03-11;20;20;20;10;40;50;30;30;20;10;10;20;0
przedszkole reymonta chojnice;30;0.0;3;2021-03-11;50;50;40;10;10;40;20;30;50;10;10;10;0
olx chojnice meble kuchenne;30;0.0;4;2021-03-11;40;10;10;20;30;40;40;20;40;40;40;20;0
huberta wagnera 1 chojnice;30;0.0;4;2021-03-11;40;30;50;90;10;10;10;10;30;20;40;50;0
posadzki chojnice;30;1.7;2;2021-03-11;20;30;30;40;20;40;40;40;20;30;10;20;0
płoty lamelowe chojnice;30;0.0;3;2021-03-11;10;40;30;90;70;20;20;20;10;10;10;10;0
merida chojnice;30;3.47;2;2021-03-11;30;30;30;40;30;30;20;40;20;40;20;30;0
perfumeria chojnice;30;0.0;2;2021-03-11;20;40;10;20;20;40;20;10;20;30;20;90;0
centrum medyczne eskulap chojnice;30;0.0;4;2021-03-11;40;30;30;30;40;40;30;30;20;20;20;20;0
okulista chojnice szpital;30;0.0;3;2021-03-11;30;40;20;10;20;40;30;20;30;20;20;20;0
zus chojnice emerytury;30;0.0;3;2021-03-11;90;70;50;30;10;30;20;30;20;20;20;20;0
otodom chojnice wynajem;30;0.08;3;2021-03-11;30;50;50;40;20;30;20;20;10;20;20;20;0
masaż relaksacyjny chojnice;30;0.0;3;2021-03-11;20;50;50;30;30;30;20;10;20;20;30;40;0
pr chojnice;30;0.0;2;2021-03-11;30;40;30;40;30;20;20;40;40;40;20;20;0
praca kierowca ce chojnice;30;0.16;4;2021-03-11;30;50;30;40;70;30;30;20;10;30;20;10;0
zawodówka chojnice kierunki;30;0.0;3;2021-03-11;20;20;30;20;20;50;20;30;40;20;30;10;0
inwentaryzacja chojnice;30;0.69;2;2021-03-11;30;20;20;40;30;20;20;30;20;30;30;20;0
dentysta prochowa chojnice;30;0.0;3;2021-06-22;30;40;30;30;20;20;20;30;20;30;20;10;1;dentysta chojnice prochowa
prostowanie felg chojnice;30;0.0;3;2021-03-11;30;20;50;30;30;40;30;20;20;20;40;20;0
pkp chojnice kasa biletowa;30;0.0;4;2021-03-11;20;50;30;50;30;50;50;30;20;10;20;10;1;kasa biletowa pkp chojnice
dobra restauracja chojnice;30;0.0;3;2021-03-11;30;70;70;40;10;40;20;20;10;10;10;10;0
mcdonald chojnice godziny otwarcia;30;0.0;4;2021-03-11;30;30;20;20;20;20;40;40;20;30;40;50;0
zkm chojnice;30;0.0;2;2021-03-11;20;10;20;30;20;30;50;40;30;30;10;10;0
fryzjer justyna chojnice;30;0.0;3;2021-06-22;20;30;50;40;40;50;50;30;20;30;30;20;1;fryzjer chojnice justyna
chojnice kujawsko pomorskie;30;0.0;3;2021-03-11;30;30;20;30;20;30;40;40;40;40;30;40;0
therapeutica chojnice kontakt;30;0.0;3;2021-03-11;30;20;10;30;20;30;70;50;30;20;20;10;0
zus chojnice nr tel;30;0.0;4;2021-03-11;50;70;70;30;40;30;20;20;20;20;20;20;0
apartamenty wielewska chojnice;30;1.21;3;2025-04-16;70;50;70;0;0;0;0;40;50;30;50;30;0
kopernica nad jeziorem chojnice zdjęcia;30;0.0;5;2025-04-12;20;10;10;0;0;0;140;110;30;10;10;20;0
chojniczanka chojnice transfermarkt;30;0.0;3;2021-03-11;20;10;30;20;40;50;40;40;20;50;20;10;0
abacosun chojnice cennik;30;0.0;3;2021-03-11;20;50;30;20;30;30;30;20;30;30;20;20;0
chojnice wypożyczalnia rowerów;30;0.0;3;2025-03-27;10;0;10;20;40;30;90;50;50;10;10;10;0
pomerania chojnice cennik;30;0.0;3;2025-03-25;30;40;30;10;20;40;40;50;40;30;10;10;0
kręgielnia chojnice menu;30;0.0;3;2021-03-11;30;40;40;20;30;50;10;10;20;20;20;10;0
meble używane chojnice sukienników;30;0.0;4;2021-03-11;30;20;50;30;20;20;20;20;30;30;20;20;0
okręgowa spółdzielnia mleczarska chojnice;30;0.0;4;2021-03-11;50;40;50;50;40;40;30;30;30;50;50;30;1;okręgowa spółdzielnia mleczarska w chojnicach
zakład krawiecki chojnice;30;0.0;3;2021-03-11;40;30;30;10;40;30;20;20;30;10;10;10;0
bytów chojnice;30;0.0;2;2021-03-11;20;10;30;20;30;50;30;50;30;20;20;20;0
lecznica chojnice;30;0.0;2;2021-03-11;20;20;40;30;20;30;40;20;30;30;20;50;0
bytów chojnice trasa;30;0.0;3;2025-05-30;30;20;20;30;30;40;40;20;50;30;30;20;0
maria john psychiatra chojnice;30;0.0;4;2025-10-22;20;20;40;20;30;50;10;20;30;40;40;30;0
wywóz odpadów wielkogabarytowych chojnice 2025;30;0.0;5;2025-09-17;0;0;170;30;40;20;30;70;0;0;0;0;0
pranie dywanów chojnice;30;1.64;3;2021-03-11;20;40;30;20;20;20;90;30;50;30;50;40;0
mieszkanie do remontu chojnice;30;0.1;4;2021-03-11;30;10;20;20;10;50;40;40;30;50;10;20;0
chojnice autohandel;30;0.0;2;2025-10-13;30;30;50;50;20;40;30;20;20;20;20;10;0
europa logistics chojnice usługi transportowe spedycja logistyka;30;0.0;7;2026-02-19;40;170;40;30;10;10;10;30;10;10;30;20;0
europa logistics chojnice usługi transportowe spedycja logistyka opinie;30;0.0;8;2026-02-19;40;50;30;20;20;20;20;20;10;10;30;50;0
doradca finansowy chojnice;30;2.43;3;2021-03-11;20;30;30;20;20;40;40;10;20;30;10;20;0
serwis wózków widłowych chojnice;30;0.0;4;2024-05-21;0;10;10;0;10;10;10;10;10;10;10;10;0
młyńska chojnice;30;0.0;2;2021-03-11;30;10;10;40;20;20;20;30;30;30;50;70;0
nagrobki chojnice;30;0.45;2;2021-03-11;30;50;40;20;20;30;50;20;30;20;50;30;0
czyszczenie dywanów chojnice;30;0.92;3;2021-03-11;30;20;20;30;30;30;20;20;20;30;50;20;0
poradnia diabetologiczna chojnice;30;0.0;3;2021-03-11;50;30;50;30;40;20;30;20;20;30;40;40;0
weterynarz chojnice piłsudskiego;30;0.0;3;2021-03-11;20;20;20;10;30;30;30;30;30;30;50;30;0
opieka społeczna chojnice;30;0.0;3;2021-03-11;30;20;20;30;30;40;30;20;30;20;20;20;0
apteka nova chojnice;30;0.0;3;2021-03-11;30;20;30;20;30;30;30;30;20;20;30;40;0
wypożyczalnia strojów chojnice;30;0.0;3;2021-03-11;30;10;10;10;20;70;70;40;70;50;20;20;0
szpital chojnice rtg;30;0.0;3;2022-08-10;40;30;40;20;40;20;50;20;30;30;50;10;0
instalacje gazowe chojnice;30;0.0;3;2021-06-22;10;30;20;30;30;30;30;20;30;40;50;20;1;instalacja gazowa chojnice
mdk chojnice;30;0.0;2;2021-03-11;30;20;20;30;20;40;30;20;30;30;20;20;0
fortech chojnice;30;0.0;2;2021-03-11;50;30;30;20;30;30;20;40;20;20;30;30;0
obi chojnice gazetka;30;0.69;3;2021-06-22;50;40;30;10;10;10;30;30;10;20;40;50;2;gazetka obi chojnice
obi gazetka chojnice
cukiernia bagietka chojnice;30;0.0;3;2021-03-11;30;30;20;20;20;30;30;30;30;40;70;30;1;bagietka cukiernia chojnice
parafia jana chrzciciela chojnice;30;0.0;4;2021-03-11;20;20;20;30;20;10;30;50;50;40;40;40;0
salon samochodowy chojnice;30;1.37;3;2021-03-11;30;40;20;40;20;20;30;10;30;20;40;50;0
suma chojnice godziny otwarcia;30;0.0;4;2021-03-11;20;10;20;30;10;40;50;30;30;40;50;50;0
obi chojnice numer telefonu;30;0.0;4;2021-03-11;50;40;40;20;10;40;20;20;20;30;20;10;0
szpital chojnice porodówka;30;0.0;3;2021-03-11;30;10;30;20;20;20;20;20;50;30;30;30;0
ergo hestia chojnice;30;0.0;3;2021-03-11;40;20;50;20;30;30;20;20;20;20;30;20;0
lecznica weterynaryjna chojnice;30;0.0;3;2021-03-11;50;50;50;40;30;20;30;20;20;20;30;20;0
litwin chojnice;30;0.0;2;2021-03-11;20;30;30;20;20;20;20;20;30;30;30;30;0
mapa ewidencyjna chojnice;30;0.0;3;2021-03-11;20;30;40;30;50;20;40;30;20;50;40;10;1;chojnice mapa ewidencyjna
borowski chojnice;30;0.0;2;2021-03-11;40;20;40;30;30;20;30;20;20;30;20;30;0
promyczek chojnice;30;0.0;2;2021-03-11;20;30;20;30;30;30;20;20;30;30;30;50;0
harmonogram wywozu śmieci gmina chojnice;30;0.0;5;2021-03-11;30;20;10;20;30;10;10;30;50;30;30;30;0
pekao sa chojnice;30;0.0;3;2021-03-11;20;30;20;30;20;30;20;20;50;40;30;40;0
sopocka szkoła wyższa chojnice;30;2.64;4;2021-03-11;30;40;40;70;40;30;20;30;20;30;20;30;2;sopocka szkoła wyższa w chojnicach
sopocka szkola wyzsza chojnice
kp starogard kolejarz chojnice;30;0.0;4;2025-10-21;10;10;10;10;10;20;0;0;0;10;210;90;0
ubezpieczenia chojnice człuchowska;30;1.49;3;2025-08-30;30;20;30;30;20;30;20;20;20;30;20;20;0
sushi chojnice hanami;30;1.03;3;2025-11-18;30;70;40;30;50;20;40;40;20;10;20;10;0
zus chojnice tel;30;0.0;3;2026-01-14;50;40;40;30;10;20;20;30;30;20;10;10;0
projektant wnętrz chojnice;30;2.51;3;2021-03-11;30;50;50;20;10;10;40;20;20;20;20;20;0
yakuza sushi chojnice menu;30;0.0;4;2025-11-18;30;50;30;30;40;40;40;30;10;20;20;20;0
sala bankietowa altana chojnice zdjęcia;30;0.0;5;2025-10-06;30;70;20;10;30;20;20;10;30;70;40;20;0
opel corsa chojnice;30;0.06;3;2021-03-11;30;20;20;20;10;20;10;20;10;50;30;20;0
aja alkon chojnice;30;0.0;3;2021-03-11;20;20;20;40;50;20;50;50;30;90;40;50;0
naprawa komputerów chojnice;30;0.0;3;2021-03-11;30;40;50;10;40;40;70;20;20;50;20;20;0
grabowski chojnice;30;0.0;2;2021-03-10;40;30;40;40;40;40;20;30;30;30;30;30;0
zsz nr 2 chojnice;30;0.0;4;2021-03-10;70;70;40;30;30;10;20;20;10;20;40;10;0
abacosun chojnice;30;0.0;2;2021-03-11;40;30;20;30;30;20;20;20;30;40;40;20;0
urząd gminy chojnice praca;30;0.0;4;2021-03-10;30;20;30;30;30;20;30;20;40;50;30;20;0
żaluzje chojnice;30;1.51;2;2021-03-10;10;30;30;20;10;20;30;30;40;40;70;50;0
centrum krwiodawstwa chojnice;30;0.0;3;2021-03-11;40;30;20;40;20;30;50;40;20;30;30;30;0
centrostal chojnice;30;1.3;2;2021-03-11;30;30;30;50;30;20;20;20;20;20;40;40;0
przyczepki samochodowe chojnice;30;0.61;3;2021-03-11;20;30;30;30;20;20;20;20;20;30;40;30;0
świat zabawek chojnice;30;0.0;3;2021-03-11;20;30;50;50;20;40;20;50;20;10;20;10;0
zus chojnice telefon;30;0.0;3;2021-03-11;10;20;20;30;30;20;10;20;40;50;40;20;0
pks chojnice kontakt;30;0.0;3;2021-03-11;30;20;20;30;40;30;20;20;30;20;40;10;0
drzymały chojnice;30;0.0;2;2021-03-10;30;20;30;30;30;40;30;20;20;40;40;30;0
oczyszczalnia ścieków chojnice;30;0.0;3;2021-03-10;30;40;20;30;20;40;30;20;20;40;40;50;0
tadmar chojnice;30;0.0;2;2021-04-21;50;30;30;20;10;20;30;10;20;30;40;30;0
mini zoo chojnice;30;0.0;3;2021-03-10;50;40;70;50;20;10;10;10;10;10;20;20;0
pzu chojnice godziny otwarcia;30;0.0;4;2021-03-10;30;10;20;30;20;20;20;40;30;40;40;30;0
robert piotrowski ortopeda chojnice opinię;30;0.0;5;2025-11-26;20;30;40;30;10;30;30;30;20;20;20;20;0
moje miasto chojnice;30;0.0;3;2021-03-11;20;30;20;20;20;30;30;40;40;40;40;30;0
jadłodajnia chojnice;30;0.0;2;2021-03-11;30;30;40;20;40;30;70;40;40;30;40;50;0
kurs stylizacji paznokci chojnice;30;0.91;4;2021-03-11;20;20;20;10;20;20;10;10;20;10;10;10;0
drewpol chojnice;30;0.0;2;2021-03-11;30;30;30;50;20;40;20;20;40;20;40;30;0
pranie tapicerki chojnice;30;0.95;3;2021-03-11;70;10;40;40;30;20;10;30;20;10;20;70;0
projektant chojnice;30;0.0;2;2021-03-10;30;20;20;30;30;40;20;20;30;30;50;40;0
sklep żeglarski chojnice;30;0.0;3;2021-03-10;40;50;50;50;30;20;10;10;10;10;20;30;0
giacomo conti chojnice;30;1.76;3;2021-03-10;50;40;20;40;40;30;30;40;40;10;30;30;0
bolałek chojnice;30;0.0;2;2021-03-10;40;40;40;30;30;30;30;30;30;20;50;30;0
wojas chojnice;30;1.06;2;2021-03-10;20;20;20;30;20;20;20;30;70;20;10;20;0
polipol meble chojnice;30;2.26;3;2021-03-10;30;30;20;20;30;20;30;40;40;20;30;30;0
prokuratura rejonowa chojnice;30;0.0;3;2021-03-10;40;20;20;10;20;20;30;30;30;30;30;40;0
babilon chojnice;30;0.0;2;2021-06-22;40;50;40;70;20;10;10;10;20;20;20;30;1;babilon koło chojnic
przychodnia miejska chojnice;30;0.0;3;2021-03-10;20;20;30;30;30;30;30;20;30;20;20;30;0
zielone ogrody chojnice;30;0.0;3;2021-03-10;50;40;50;40;50;40;20;10;10;10;30;50;0
zakładowa chojnice;30;0.0;2;2021-03-10;20;20;40;40;20;20;10;10;20;20;50;30;0
urząd pracy chojnice kontakt;30;0.0;4;2021-03-11;20;30;40;40;40;20;20;40;40;20;30;10;0
aikido chojnice;30;0.0;2;2021-03-11;40;20;30;70;40;20;20;40;20;30;10;10;0
urząd pocztowy chojnice;30;0.0;3;2021-03-11;20;30;30;30;30;30;40;30;40;50;20;30;0
starostwo chojnice godziny otwarcia;30;0.0;4;2021-03-11;40;20;30;30;30;30;30;30;20;50;30;30;0
bashobora chojnice;30;0.0;2;2021-03-11;40;260;10;10;10;10;10;10;10;20;10;20;0
mieszkania osiedle nowe pogodne chojnice;30;0.0;5;2021-07-22;10;10;10;20;10;30;10;40;50;90;50;40;0
pergole chojnice;30;1.85;2;2021-03-11;30;20;20;20;20;30;20;40;20;70;70;40;0
hydraulik chojnice godziny otwarcia;30;0.0;4;2021-03-11;10;50;30;30;20;30;30;40;20;30;30;20;0
pręty żebrowane chojnice;30;0.0;3;2021-03-10;20;10;10;10;20;20;10;30;50;90;50;20;0
transport międzynarodowy chojnice;30;1.89;3;2021-03-10;20;10;20;20;20;30;10;30;40;50;70;50;0
meble biurowe chojnice;30;0.0;3;2021-03-10;20;10;20;20;20;30;20;40;50;70;50;40;0
pkp rozkład jazdy pociągów chojnice tczew;30;0.0;6;2021-03-11;70;30;50;10;40;20;30;10;20;40;30;20;0
działka z domem na sprzedaż chojnice;30;0.0;6;2022-08-01;10;10;10;10;10;20;10;30;50;70;40;40;0
kantor walut chojnice;30;0.0;3;2021-03-11;50;10;10;40;10;40;10;30;30;40;20;20;0
domy szkieletowe chojnice;30;1.8;3;2021-03-11;50;30;30;20;30;30;20;20;20;50;40;30;0
stacja bp chojnice;30;0.0;3;2021-03-10;30;20;40;20;20;30;30;20;20;10;40;20;0
ccc chojnice brama pomorza;30;0.0;4;2021-03-10;10;10;10;20;20;20;40;50;50;30;40;20;0
węgiel chojnice ludowa;30;0.0;3;2026-06-25;40;20;70;20;20;10;40;20;30;40;30;50;0
technikum nr 3 chojnice rekrutacja;30;0.0;5;2026-07-17;10;10;20;20;110;10;110;20;30;10;10;10;0
kuchnie na zamówienie chojnice;30;0.0;4;2021-03-11;20;10;10;10;10;20;10;30;50;70;70;30;0
tablica chojnice samochody;30;0.0;3;2021-03-11;20;10;10;20;10;10;10;20;30;70;40;30;0
doradztwo finansowe chojnice;30;0.0;3;2021-03-11;30;10;10;20;20;30;10;30;20;70;70;50;0
pręty zbrojeniowe chojnice;30;0.0;3;2021-03-10;30;10;10;10;30;30;10;20;40;110;70;40;0
program czyste powietrze chojnice;30;0.0;4;2021-03-11;30;10;20;20;20;10;10;30;50;90;70;40;0
hurtownia spożywcza chojnice;30;2.71;3;2021-03-11;20;30;20;30;40;30;30;20;40;20;20;50;0
nadzór budowlany chojnice;30;0.0;3;2021-03-11;30;30;50;30;30;30;30;30;30;40;50;40;0
sklep nike chojnice;30;1.01;3;2021-03-11;30;30;40;30;30;20;20;30;30;30;30;30;0
komody chojnice;30;0.0;2;2021-03-11;20;10;10;20;20;10;10;20;50;70;70;30;0
onkolog chojnice;30;0.0;2;2021-03-11;40;50;30;30;40;40;20;30;20;30;30;30;0
szafy przesuwne chojnice;30;0.0;3;2021-03-11;20;10;10;10;20;10;10;30;30;90;70;50;0
ścianka wspinaczkowa chojnice;30;0.0;3;2021-03-11;20;30;30;30;40;40;20;30;30;30;30;10;0
ginter chojnice kontakt;30;0.0;3;2021-03-11;40;40;20;40;30;20;10;10;10;20;30;20;0
nowe mieszkania chojnice wyszyńskiego;30;0.0;4;2021-03-11;10;10;20;10;10;30;10;30;40;50;50;30;0
poradnia pulmonologiczna chojnice;30;0.0;3;2021-03-11;40;30;20;20;20;30;20;30;30;30;20;20;0
skup makulatury chojnice;30;0.0;3;2021-03-11;40;50;50;30;30;10;20;20;20;10;20;10;0
hetman chojnice godziny otwarcia;30;0.0;4;2021-03-11;40;40;40;30;30;30;20;20;20;20;30;20;0
sklepy agd chojnice;30;1.7;3;2021-03-11;20;30;30;20;30;50;50;20;20;10;20;20;0
chemia budowlana chojnice;30;0.0;3;2024-02-09;30;10;20;10;20;20;10;30;40;90;70;30;0
szafy na wymiar chojnice;30;0.0;4;2021-03-11;20;10;20;20;10;30;20;30;70;70;50;20;0
lidia wilk chojnice;30;2.12;3;2021-03-11;40;40;30;40;20;30;40;30;20;30;30;50;0
pks bydgoszcz chojnice rozkład jazdy;30;0.0;5;2021-06-22;30;20;10;20;40;30;30;40;30;40;40;70;2;rozkład jazdy pks bydgoszcz chojnice
rozkład jazdy pks chojnice bydgoszcz
kwiaciarnia internetowa chojnice;30;0.0;3;2021-03-11;20;10;20;10;30;40;20;30;40;50;70;30;0
meble sklepowe chojnice;30;0.0;3;2021-03-11;20;10;20;10;10;30;10;30;70;50;50;30;0
garderoby chojnice;30;0.0;2;2021-03-11;20;10;10;10;10;20;10;30;50;70;70;40;0
montaż instalacji elektrycznych chojnice;30;0.0;4;2024-05-27;20;10;10;10;20;20;10;20;50;70;50;40;0
żylaki chojnice;30;0.0;2;2021-03-11;30;10;20;10;20;30;10;30;40;90;50;40;0
bip chojnice praca;30;0.0;3;2021-06-22;20;10;40;30;20;30;20;30;30;30;50;30;1;bip praca chojnice
brodzik chojnice;30;0.0;2;2021-03-10;20;30;20;20;20;30;30;50;40;30;50;30;0
pks kościerzyna chojnice;30;0.0;3;2021-04-21;30;50;50;20;20;30;40;40;30;20;40;30;0
santander chojnice kontakt;20;0.0;3;2021-07-02;20;20;20;10;20;10;10;20;20;20;10;10;0
olx praca chojnice sprzedawca;20;0.0;4;2021-07-05;20;10;30;20;10;20;10;20;30;20;10;10;0
wodociągi chojnice praca;20;0.0;3;2021-07-05;30;30;20;20;30;10;20;20;40;20;10;20;0
pociąg warszawa chojnice;20;0.46;3;2021-07-09;10;10;10;10;20;20;30;20;20;10;20;10;0
biuro obsługi klienta enea chojnice telefon;20;0.0;6;2021-06-23;40;40;20;10;20;10;10;10;10;30;50;20;0
rtv euro agd chojnice tel;20;0.0;4;2021-06-23;40;20;20;20;10;10;10;20;20;30;20;20;0
przegląd samochodu chojnice;20;0.0;3;2021-05-26;20;20;10;20;30;20;40;10;30;30;20;10;0
pascal szkoła chojnice;20;0.0;3;2021-07-20;20;10;20;10;20;20;10;20;40;50;20;10;0
jedzenie na wynos chojnice;20;3.08;3;2021-06-15;10;20;20;20;20;10;20;10;10;30;20;10;0
kurs koparko ładowarki chojnice;20;0.0;4;2021-05-31;40;20;20;10;10;10;10;10;10;20;10;20;0
hamownia chojnice;20;0.0;2;2021-06-09;10;10;20;20;20;20;40;10;10;10;10;30;0
impreza chojnice;20;0.0;2;2021-07-20;10;10;10;10;20;10;40;40;20;10;10;20;0
millenium chojnice godz otwarcia;20;0.0;3;2021-09-02;10;20;20;10;20;30;20;10;10;20;10;20;0
autobus chojnice bydgoszcz;20;0.75;3;2021-07-01;10;10;10;10;20;10;30;30;30;20;20;10;0
nauka tanca chojnice;20;0.0;3;2021-09-02;30;20;20;20;40;10;20;20;40;10;30;10;0
przyczepy samochodowe chojnice;20;0.0;3;2021-09-02;20;20;20;30;20;30;10;10;20;10;10;10;0
cmentarz w chojnicach;20;0.0;2;2022-02-08;20;20;10;10;30;10;40;10;10;20;40;20;0
odpady komunalne chojnice;20;0.0;3;2022-08-01;40;30;40;20;20;10;20;10;10;20;10;20;0
gdańsk wrzeszcz chojnice pkp;20;0.0;4;2022-02-10;20;20;30;10;20;20;30;10;10;20;30;10;0
sylwester 2021 chojnice;20;0.0;3;2022-02-10;10;0;0;0;0;0;0;0;0;0;90;140;0
krematorium chojnice;20;0.0;2;2022-02-12;30;20;20;10;20;10;20;10;10;10;10;30;0
jarmark chojnice 2021;20;0.0;3;2022-02-10;10;0;0;0;0;0;0;0;0;0;0;320;0
gdansk chojnice pociag;20;0.0;3;2022-02-10;20;10;10;10;10;10;30;30;30;20;30;20;0
chojnice wesele;20;0.52;2;2022-02-21;40;10;10;10;40;20;20;30;30;40;20;20;0
fotografia chojnice;20;0.0;2;2022-03-21;10;30;10;30;20;30;20;10;10;10;10;30;0
kfc chojnice menu;20;0.57;3;2022-03-21;10;10;10;10;10;30;50;30;30;10;10;10;0
restauracja polka chojnice godziny otwarcia;20;0.0;5;2022-03-21;30;10;10;10;10;10;10;10;10;50;30;20;0
liceum nr 2 chojnice;20;0.0;2;2022-03-21;20;10;10;10;20;20;30;20;40;30;20;20;0
laser chojnice;20;0.0;2;2022-02-08;20;30;40;20;10;10;10;10;20;10;10;20;0
kolporter chojnice;20;0.0;2;2022-02-18;20;20;20;10;30;10;10;20;20;10;20;30;0
chojnice człuchów pkp;20;0.0;3;2022-02-17;10;20;20;20;10;10;30;20;20;20;20;30;0
chojnice tuchola pks;20;0.0;3;2022-02-17;10;10;10;10;10;10;20;20;20;20;20;10;0
sklep wirnik chojnice;20;0.0;3;2022-02-17;10;10;20;20;30;20;20;20;10;10;10;10;0
urząd pracy chojnice rejestracja;20;0.0;4;2022-02-08;40;20;30;10;30;30;10;20;20;20;30;30;0
rezonans chojnice opinie;20;0.0;3;2022-04-13;20;10;20;20;10;20;10;20;10;30;40;30;0
studio urody chojnice;20;0.0;3;2022-04-16;10;20;30;20;30;20;20;10;10;10;10;20;0
salon blu chojnice;20;1.15;3;2022-04-22;40;30;20;10;20;10;20;10;20;20;30;40;0
liceum ogólnokształcące im filomatów chojnickich w chojnicach;20;0.0;5;2023-05-09;10;20;20;30;20;10;20;70;30;20;30;10;0
piaskowanie felg chojnice;20;0.0;3;2023-05-11;10;10;20;50;20;10;10;10;10;50;110;20;0
netto chojnice gazetka;20;0.12;3;2023-05-16;30;30;30;20;20;30;20;10;20;30;20;30;0
chojnice wypozyczalnia aut;20;1.19;3;2022-09-21;10;20;10;20;20;30;30;40;20;10;10;10;0
autobus tuchola chojnice;20;0.0;3;2022-02-08;20;10;20;10;20;20;20;10;20;10;20;20;0
wiadomosci radio weekend chojnice aktualnosci;20;0.0;5;2022-02-08;30;30;10;10;0;10;20;10;10;30;30;20;0
andrzej modrzejewski chojnice;20;0.0;3;2023-05-20;10;30;30;40;20;20;10;20;20;30;10;20;0
stare miasto chojnice;20;0.0;2;2023-05-20;20;20;10;20;10;10;40;50;20;20;20;10;0
chojnice wynajem;20;0.06;2;2023-05-20;50;10;20;50;30;20;20;10;20;10;20;20;0
starogard gdański chojnice;20;0.0;3;2023-05-20;30;20;20;20;20;20;20;20;20;30;20;30;0
helen doron chojnice;20;1.74;3;2023-05-20;10;10;10;10;10;10;10;20;50;20;10;10;0
poradnia psychologiczno pedagogiczna chojnice kontakt;20;0.0;5;2022-09-16;10;10;20;20;10;20;10;10;20;20;20;10;0
darmowe kursy chojnice 2021;20;0.0;4;2022-06-07;30;20;10;10;0;0;0;40;50;70;30;20;0
alex sma chojnice;20;0.0;3;2022-08-24;20;30;10;40;20;50;90;10;10;10;20;20;0
chojnice sukienki;20;0.0;2;2022-08-29;10;10;10;30;30;10;20;30;10;10;10;10;0
lorens butik chojnice;20;0.0;3;2022-08-29;10;10;20;20;20;10;10;10;20;30;20;20;0
akrobatyka chojnice;20;0.0;2;2022-09-06;20;10;20;30;30;20;10;40;30;30;20;30;0
alior bank chojnice telefon;20;0.0;4;2022-08-03;20;10;30;20;10;20;40;30;40;20;30;20;0
ordynator ginekologii chojnice;20;0.0;3;2022-08-10;20;20;20;20;10;20;30;20;10;20;90;20;0
gdzie zjeść w chojnicach;20;0.0;2;2022-05-27;10;10;20;20;10;10;50;50;40;50;10;10;0
chojnice wywóz śmieci;20;0.0;3;2022-05-29;90;10;10;10;20;30;10;20;20;20;10;10;0
wywóz śmieci wielkogabarytowych chojnice 2022;20;0.0;5;2022-05-29;0;0;170;110;0;0;0;0;0;0;0;0;0
harmonogram wywozu śmieci chojnice 2022;20;0.0;5;2022-05-29;0;90;110;70;0;0;0;0;0;0;0;0;0
chojnice okna;20;0.57;2;2022-05-31;10;10;20;20;10;10;20;20;30;10;50;10;0
okolice chojnic atrakcje;20;0.0;3;2022-06-17;10;10;10;20;30;20;30;40;10;20;10;10;0
psycholog dziecięcy chojnice prywatnie;20;0.7;4;2022-07-04;10;20;20;20;20;20;10;30;30;10;20;10;0
okulista lemańczyk chojnice opinie;20;0.0;4;2022-07-10;10;20;10;10;50;30;10;10;10;10;20;10;0
chojnice księgarnia;20;0.0;2;2022-07-04;10;20;20;10;10;10;50;70;30;20;10;20;0
car spotted chojnice;20;0.0;3;2022-08-18;10;20;10;30;40;40;20;40;30;20;10;10;0
orsmed chojnice laryngolog;20;0.0;3;2022-10-04;30;40;30;20;20;20;10;10;10;30;30;30;0
plan zagospodarowania przestrzennego chojnice;20;0.97;4;2022-09-19;30;10;40;20;10;10;30;10;20;10;10;10;0
seko sklep chojnice;20;0.0;3;2022-10-05;30;10;20;20;20;30;30;10;10;10;20;50;0
tuning chojnice;20;0.0;2;2022-12-05;20;20;20;30;30;20;10;10;20;10;20;10;0
mieszalnia farb chojnice;20;0.0;3;2022-11-10;30;20;20;10;10;20;30;10;20;10;10;50;0
pizzeria bracia chojnice menu;20;0.0;4;2022-10-13;10;10;10;10;40;50;20;10;20;20;10;10;0
pizzeria u braci menu chojnice;20;0.0;4;2022-10-13;20;20;10;10;40;40;30;20;30;30;30;20;0
bosch serwis chojnice;20;1.06;3;2022-10-19;20;10;10;30;10;20;30;30;30;10;20;20;0
bosch chojnice;20;0.0;2;2022-10-19;20;10;20;20;30;20;30;10;20;20;20;30;0
mr tasty box chojnice;20;1.39;4;2022-11-28;10;40;20;10;10;10;10;30;20;30;10;10;0
chojnice cukiernia;20;0.0;2;2022-10-18;10;20;10;30;40;10;40;20;10;10;10;10;0
wynajmę mieszkanie w chojnicach;20;0.11;3;2022-10-03;10;10;40;20;20;20;20;10;10;10;10;10;0
szkola tanca chojnice;20;0.0;3;2022-12-27;40;30;20;10;10;40;20;10;40;20;20;10;0
ostrowite chojnice;20;0.0;2;2023-05-20;10;30;10;20;20;30;50;30;20;20;10;20;0
granowo chojnice;20;0.0;2;2023-05-20;10;30;10;20;10;20;20;30;20;20;10;10;0
kobus chojnice;20;0.0;2;2023-05-20;10;20;20;30;20;10;30;20;10;10;50;20;0
szkoła jazdy ossowski chojnice;20;0.0;4;2022-11-16;20;30;30;10;20;10;20;10;10;20;30;10;0
romix chojnice;20;0.0;2;2022-11-17;20;50;10;10;10;10;40;40;20;10;20;20;0
gala mma chojnice;20;0.0;3;2023-02-07;10;10;10;10;10;0;0;10;10;20;140;10;0
chojnice busy;20;0.89;2;2022-12-05;10;10;10;10;30;10;30;20;10;10;20;10;0
spływ kajakowy chojnice;20;0.0;3;2023-01-03;10;10;10;10;20;30;90;40;10;10;10;0;0
wydarzenia z ostatniej chwili chojnice;20;0.0;4;2023-02-28;20;10;30;20;20;30;20;40;10;10;30;20;0
system informacji przestrzennej chojnice;20;0.0;4;2023-02-15;20;30;40;30;20;30;20;20;20;10;10;10;0
pcpr chojnice druki do pobrania;20;0.0;4;2023-04-05;50;30;10;10;10;10;10;10;10;30;20;10;0
trening ems chojnice;20;0.0;3;2023-04-12;50;20;30;20;10;20;10;20;20;30;20;10;0
chojniczanka chojnice odra opole;20;0.0;4;2023-05-20;10;10;0;0;10;0;10;0;0;260;10;10;0
moszczenica chojnice;20;0.0;2;2023-05-20;10;10;20;10;30;10;20;10;10;30;20;10;0
zamarte koło chojnic;20;0.0;2;2023-05-20;30;30;10;30;10;20;30;20;20;10;30;10;0
armada ginekolog chojnice;20;0.0;3;2023-05-20;50;20;20;30;30;20;20;10;10;30;10;30;0
konarzyny chojnice;20;0.0;2;2023-05-20;10;10;20;20;20;20;30;40;30;10;10;10;0
ciechocin chojnice;20;0.0;2;2023-05-20;20;10;10;30;10;40;20;30;20;10;10;10;0
pawełek chojnice;20;0.0;2;2023-05-21;20;20;20;10;10;10;30;10;30;30;20;10;0
centrum kultury chojnice repertuar;20;0.0;4;2023-05-05;30;20;10;20;20;10;10;10;10;10;10;20;0
jaworski chojnice;20;0.0;2;2023-05-21;10;10;20;20;30;40;30;40;20;30;30;20;0
kwiaciarnia chojnice z dowozem;20;0.0;3;2023-06-05;40;30;20;10;20;20;20;10;10;20;30;20;0
wrangler chojnice;20;0.0;2;2023-06-07;10;10;10;20;10;10;10;10;10;20;20;20;0
kurs koparko-ładowarki chojnice;20;0.26;4;2023-06-19;40;20;20;10;10;10;20;20;20;20;10;20;0
gabinet ginekologiczny chojnice;20;0.0;3;2023-06-15;20;20;10;10;20;10;30;10;20;20;20;10;0
poliwęglan chojnice;20;1.6;2;2025-02-12;10;10;10;50;50;40;10;20;20;20;10;10;0
wynajem kampera chojnice;20;0.51;3;2023-05-30;10;10;10;10;10;20;50;50;20;10;10;10;0
wywóz śmieci gmina chojnice 2022;20;0.0;5;2024-01-18;20;10;10;10;10;10;0;10;40;30;50;40;0
hala widowiskowo sportowa chojnice;20;0.0;4;2024-02-19;50;20;40;10;10;20;10;10;10;20;40;40;0
rozkład jazdy autobusów z chojnic do bydgoszczy;20;0.0;5;2024-02-12;50;0;0;0;0;0;0;0;0;40;90;40;0
aldi w chojnicach;20;0.0;2;2023-12-09;10;20;40;70;20;10;20;10;30;20;10;10;0
chojnice wymiana opon;20;0.0;3;2023-12-09;10;0;10;20;70;10;10;10;10;20;70;10;0
aldi chojnice adres;20;0.0;3;2023-12-09;20;20;30;40;10;10;10;0;10;70;30;30;0
jezioro koło chojnic;20;0.0;2;2023-12-03;10;10;10;10;20;30;50;30;10;10;10;10;0
repertuar kina w chojnicach;20;0.0;3;2023-12-09;50;20;20;0;20;10;40;20;10;30;10;20;0
ap invest chojnice;20;0.0;3;2024-03-16;50;30;40;10;10;10;10;10;10;20;20;20;0
www otomoto auto handel chojnice szrot;20;0.0;5;2024-02-26;20;90;10;20;20;10;20;30;20;20;20;10;0
kuźnia garage chojnice;20;0.0;3;2024-02-26;10;10;10;20;30;10;20;20;10;20;10;10;0
sklep zielarski chojnice kościuszki;20;0.0;4;2024-03-03;20;30;20;10;20;10;10;20;20;20;10;20;0
chojnice sklep zielarski;20;0.0;3;2024-03-03;20;20;30;20;10;10;10;30;20;20;10;10;0
technikum nr 2 w chojnicach kierunki;20;0.0;3;2023-09-01;20;30;10;20;10;10;20;10;20;30;20;20;0
fryzjer dla psów chojnice cennik;20;0.0;4;2023-08-09;30;30;20;10;10;30;30;10;10;20;20;20;0
freedom chojnice;20;0.0;2;2023-08-07;20;30;10;20;10;10;20;50;50;50;10;10;0
zielarz chojnice;20;0.0;2;2023-07-20;10;10;10;10;10;10;50;50;20;30;20;10;0
sklep akwarystyczny chojnice;20;0.0;3;2023-06-21;20;20;10;10;20;20;10;10;10;30;10;40;0
skup złomu chojnice ul drzymały;20;0.0;4;2023-07-17;10;10;10;10;20;20;40;40;40;20;20;20;0
kompas spedycja chojnice;20;0.0;3;2023-07-18;10;20;10;10;10;10;10;10;20;40;70;10;0
licytacje komornicze nieruchomości chojnice;20;0.0;4;2023-06-27;40;30;30;20;20;10;20;20;40;10;30;10;0
kuchnia azjatycka chojnice;20;0.0;3;2023-06-27;20;10;10;20;10;20;20;10;20;10;20;10;0
stadnina koni chojnice;20;0.0;3;2023-10-20;10;10;10;30;20;20;20;40;10;10;10;10;0
konie chojnice;20;0.0;2;2023-10-20;30;20;10;20;20;10;20;10;20;20;10;20;0
promedica chojnice lekarze;20;0.0;3;2023-11-07;0;0;50;40;40;10;10;30;30;0;0;0;0
stacja benzynowa chojnice;20;0.0;3;2023-11-23;10;20;10;30;30;20;50;30;10;10;30;30;0
chojnice studia magisterskie;20;1.14;3;2023-11-03;10;10;10;10;20;10;30;10;40;20;20;10;0
auto retro chojnice;20;0.0;3;2023-11-21;10;10;30;20;10;10;10;10;20;10;20;30;0
aa chojnice;20;0.0;2;2023-11-14;20;20;40;20;10;40;20;20;10;30;30;20;0
pellet chojnice cena;20;0.0;3;2023-11-14;30;20;30;10;10;10;10;10;50;30;20;10;0
bielizna chojnice;20;0.0;2;2023-11-10;20;20;10;20;10;10;10;20;20;10;10;30;0
jarmark swiateczny chojnice;20;0.0;3;2023-11-14;0;0;10;10;0;0;0;10;10;10;70;140;0
proktolog chojnice nfz;20;0.0;3;2023-12-13;30;30;30;20;20;20;20;10;20;20;30;10;0
zerówka chojnice;20;0.0;2;2024-05-08;20;40;10;50;10;10;10;20;10;10;10;20;0
serwis rowerowy chojnice subislawa;20;0.0;4;2024-05-09;10;10;10;10;0;40;30;40;30;10;10;10;0
paczka orlen chojnice;20;0.0;3;2024-04-05;10;10;70;20;40;20;20;10;20;20;20;10;0
kamera chojnice stary rynek;20;0.0;4;2024-03-07;40;0;0;0;0;0;0;0;30;40;70;90;0
dentysta drozd chojnice;20;0.0;3;2024-07-04;20;20;20;10;10;20;20;20;10;30;10;30;0
rolety chojnice cennik;20;1.27;3;2024-05-21;20;30;20;20;20;40;20;30;20;20;20;10;0
pietruszkowa chojnice;20;0.0;2;2024-05-29;10;30;10;10;10;10;10;10;20;20;30;20;0
szkoła zaoczna chojnice;20;1.53;3;2024-06-05;10;10;10;20;20;20;10;30;40;10;20;20;0
west service chojnice opinie;20;0.0;4;2024-05-14;20;10;20;10;10;10;50;50;10;30;10;10;0
ginekolog długołęcki chojnice;20;0.0;3;2024-01-15;20;10;20;20;20;10;20;20;30;30;20;70;0
armada ginekolog chojnice kontakt;20;0.0;4;2024-01-15;0;0;0;0;0;0;0;0;40;50;70;30;0
poradnia ginekologiczna chojnice;20;0.0;3;2024-01-15;10;40;20;10;10;10;20;20;20;20;30;10;0
enea kontakt chojnice;20;0.0;3;2024-02-01;50;40;30;20;20;30;10;20;10;10;10;20;0
pellet sylva chojnice;20;0.0;3;2024-07-30;20;10;40;30;20;30;10;20;30;10;20;20;0
endermologia chojnice;20;0.0;2;2024-08-29;30;30;40;20;30;30;30;20;10;20;10;10;0
olx auta chojnice;20;0.0;3;2024-07-16;20;20;30;40;20;20;10;10;20;20;10;10;0
bagażówka chojnice;20;0.0;2;2024-09-20;40;20;30;20;10;20;40;20;20;20;40;10;0
przemysłowa 3 chojnice;20;0.0;2;2024-05-31;40;20;40;20;10;20;10;20;20;40;30;20;0
janik dentysta chojnice;20;0.0;3;2024-08-21;50;30;50;30;20;20;10;10;10;20;20;20;0
ccc chojnice godziny otwarcia;20;0.0;4;2021-06-22;20;20;10;10;10;10;10;10;20;20;30;20;1;ccc godziny otwarcia chojnice
instalacje elektryczne chojnice;20;0.0;3;2021-03-10;10;30;40;20;20;20;10;40;10;20;30;40;0
agencje nieruchomości chojnice;20;0.37;3;2021-06-22;30;20;20;40;30;10;10;30;10;30;20;10;2;agencja nieruchomosci chojnice
agencja nieruchomości chojnice
31 stycznia 56 chojnice;20;0.0;4;2024-11-30;10;20;30;10;10;20;20;10;20;10;10;10;0
darwish clinic chojnice;20;0.0;3;2025-01-23;0;0;0;0;0;0;0;70;90;70;10;10;0
olx chojnice rowery;20;0.0;3;2021-06-22;10;20;10;30;50;30;50;40;10;10;10;10;1;olx rowery chojnice
pkp gdynia chojnice;20;0.0;3;2021-06-22;10;10;20;10;30;30;30;30;10;20;10;10;3;chojnice gdynia pkp
gdynia chojnice pkp
pkp chojnice gdynia
produkcja łodzi chojnice;20;0.0;3;2021-03-10;10;20;20;20;10;20;10;10;10;20;30;10;0
chojnice ul mickiewicza;20;0.0;2;2021-03-10;40;10;20;20;10;20;10;20;10;20;10;10;0
salon wędkarski chojnice;20;0.0;3;2021-03-10;10;10;20;20;20;40;20;30;10;20;10;10;0
luciano pizzeria chojnice;20;0.0;3;2021-03-10;20;20;20;10;20;30;40;20;30;20;10;20;0
sklep skiba chojnice;20;0.0;3;2021-03-10;30;30;20;20;20;10;10;50;20;30;10;20;0
zespół szkół ponadgimnazjalnych nr 1 chojnice;20;0.0;6;2021-03-10;20;20;30;20;30;40;10;10;20;20;20;10;1;zespół szkół ponadgimnazjalnych nr 1 w chojnicach
biedronka chojnice modra;20;0.0;3;2021-03-10;10;20;30;30;20;20;10;20;10;20;10;30;0
hurtownia motoryzacyjna chojnice;20;0.0;3;2021-03-10;30;10;10;10;20;40;20;40;10;10;30;20;0
ztm chojnice;20;0.0;2;2021-03-10;20;10;20;10;20;20;30;20;20;10;10;10;0
półkolonie chojnice 2020;20;0.0;3;2021-04-12;10;0;0;0;0;70;110;30;0;10;0;10;0
ortopeda dziecięcy chojnice prywatnie;20;0.0;4;2021-03-10;20;30;10;10;40;30;20;40;10;20;20;10;0
praca przedszkole chojnice;20;0.0;3;2021-03-10;50;20;10;20;30;20;30;10;10;10;20;20;0
salon fryzjerski hania chojnice;20;0.0;4;2021-03-10;20;10;30;10;10;20;20;20;20;20;30;20;0
greco chojnice;20;0.0;2;2021-03-10;10;20;20;10;20;20;30;30;10;30;10;20;0
działka rekreacyjna chojnice;20;0.03;3;2021-06-22;10;20;90;20;30;30;10;10;10;10;10;10;1;działki rekreacyjne chojnice
bory tucholskie chojnice;20;0.0;3;2021-03-11;20;10;10;30;30;20;50;30;20;10;10;10;0
gama kolor chojnice;20;0.0;3;2021-03-11;20;20;20;20;20;10;20;30;40;40;20;20;0
naprawa skrzyni biegów chojnice;20;0.76;4;2021-03-11;30;30;30;30;10;10;20;30;30;40;20;10;0
rtv euro agd chojnice godziny otwarcia;20;7.66;6;2021-06-22;30;10;20;10;20;20;20;30;20;20;20;30;2;godziny otwarcia rtv euro agd chojnice
euro rtv agd chojnice godziny otwarcia
orsmed chojnice cennik;20;0.0;3;2021-03-11;30;20;20;20;20;20;20;30;20;10;20;10;0
chdk chojnice kino;20;0.0;3;2021-06-22;0;20;10;0;10;10;30;30;70;70;10;0;2;kino chojnice chdk
kino chdk chojnice
50 style chojnice;20;0.0;3;2021-03-11;20;30;30;10;10;20;20;30;20;10;20;10;0
szkola nr 7 chojnice;20;0.0;2;2021-06-22;20;20;20;20;20;20;30;20;30;20;10;20;2;szkoła nr 7 chojnice
szkoła nr 7 w chojnicach
fosa restauracja chojnice;20;0.0;3;2021-03-11;20;30;10;20;10;30;10;10;10;10;10;10;1;fosa chojnice restauracja
segregacja śmieci chojnice;20;0.0;3;2021-03-11;90;20;30;10;10;10;10;10;10;10;10;30;0
dr witkiewicz chojnice;20;0.0;2;2021-03-11;20;30;20;10;10;10;20;10;20;30;10;10;0
zs nr 7 chojnice;20;0.0;2;2021-03-11;20;20;20;10;20;10;10;30;20;20;20;20;1;zs nr 7 w chojnicach
wywóz szamba chojnice;20;0.0;3;2021-03-11;30;10;20;10;20;30;30;40;20;30;20;20;0
okulista chojnice sołtysiak;20;0.0;3;2021-03-11;20;40;20;10;20;30;10;10;20;10;10;10;1;sołtysiak okulista chojnice
fotograf chojnice cennik;20;0.0;3;2021-03-11;30;30;20;20;20;10;30;20;10;20;20;30;0
rozkład jazdy pks chojnice sępólno krajeńskie;20;0.0;6;2021-03-11;10;20;20;10;30;10;20;30;20;30;20;10;0
chojnice koncerty;20;0.0;2;2021-06-22;10;10;10;10;10;50;70;70;40;10;0;10;1;koncerty chojnice
chojnice park rozrywki;20;0.0;3;2021-06-22;10;20;10;20;30;20;50;30;10;10;10;0;1;park rozrywki chojnice
notariusz kołyszko chojnice;20;0.0;3;2021-06-22;10;10;10;20;10;10;10;10;10;10;110;10;2;notariusz chojnice kołyszko
kołyszko notariusz chojnice
mops chojnice praca;20;0.0;3;2021-06-22;10;20;10;20;20;10;20;10;30;40;20;10;1;praca mops chojnice
chojnice mickiewicza 39;20;0.0;3;2021-03-11;20;10;20;30;20;20;30;30;30;30;20;20;1;mickiewicza 39 chojnice
chojnice świętopełka;20;0.0;2;2021-03-11;10;20;20;20;50;40;30;20;20;20;10;20;0
zajęcia dla dzieci chojnice;20;0.0;3;2021-05-15;30;20;50;20;30;10;20;20;20;20;20;20;0
euro rtv chojnice;20;0.78;3;2021-03-11;20;20;20;20;10;20;30;20;30;20;30;30;1;rtv euro chojnice
praca sprzątanie chojnice;20;0.06;3;2021-03-11;40;10;10;30;20;10;10;30;30;10;20;10;0
weekend chojnice wiadomosci;20;0.0;3;2021-03-11;20;30;10;10;10;10;20;10;20;50;50;20;0
kantor carrefour chojnice godziny otwarcia;20;0.0;5;2021-03-11;10;10;10;20;20;10;20;20;20;30;10;30;0
dziennik bałtycki chojnice;20;0.0;3;2021-03-11;20;40;10;50;10;10;10;30;10;10;20;30;1;dziennik baltycki chojnice
złotnik arkuszyński chojnice;20;0.0;3;2021-05-05;20;30;10;20;20;20;30;10;10;30;10;40;0
szpital łukowicza chojnice;20;0.0;3;2021-06-22;10;10;10;30;10;30;10;10;10;20;20;10;2;szpital chojnice łukowicza
szpital im łukowicza w chojnicach
chojnice ul towarowa;20;0.0;2;2021-03-11;10;10;10;10;20;20;20;20;20;10;20;10;0
odnowa w duchu świętym chojnice;20;0.0;4;2021-06-22;10;10;10;10;20;20;20;10;30;20;10;10;2;chojnice odnowa w duchu świętym
odnowa w duchu świętym w chojnicach
chojnice koszalin trasa;20;0.0;3;2021-06-22;10;20;20;20;20;20;30;30;20;30;10;20;1;koszalin chojnice trasa
rowery olx chojnice;20;0.0;3;2021-05-15;10;10;40;30;0;20;50;20;10;10;10;10;0
salon łazienek topole koło chojnic;20;1.11;4;2021-03-11;10;20;20;30;10;10;30;10;10;10;10;20;0
dr osowicki chojnice;20;0.0;2;2021-03-11;10;20;10;30;30;10;10;20;30;10;10;10;0
tenis stołowy chojnice;20;0.0;3;2021-03-11;10;20;20;20;40;20;10;10;10;20;20;20;0
optyk chojnice brama pomorza;20;0.0;4;2021-03-11;20;10;30;10;30;10;10;20;20;20;20;10;0
zremb chojnice notowania;20;0.0;3;2021-03-11;10;10;40;40;10;70;50;10;0;10;10;10;0
wypożyczalnia samochodów chojnice wysoka;20;0.0;4;2021-03-11;20;10;10;20;20;30;40;10;20;20;10;10;0
dr sołtysiak chojnice;20;0.0;2;2021-03-11;20;30;20;40;20;10;20;10;10;10;20;20;0
dom kapłana seniora chojnice;20;0.0;4;2021-03-11;20;20;10;10;10;10;40;70;30;10;10;40;0
pasze chojnice;20;0.0;2;2021-03-11;10;30;20;20;20;20;20;10;20;20;10;10;0
kominki chojnice staroszkolna;20;0.0;3;2021-03-11;20;10;10;20;10;10;20;10;10;30;20;30;0
odzież bhp chojnice;20;0.0;3;2021-03-11;10;20;10;20;10;10;30;20;20;30;30;10;0
parafia nowa cerkiew chojnice;20;0.0;4;2021-06-22;30;20;10;10;10;20;10;20;10;20;40;10;2;nowa cerkiew koło chojnic parafia
nowa cerkiew parafia koło chojnic
gks tychy chojniczanka chojnice;20;0.0;4;2021-03-11;0;0;0;90;10;0;10;10;0;10;90;0;1;chojniczanka chojnice gks tychy
pogoda na 25 dni chojnice;20;0.0;4;2021-03-11;30;30;30;30;20;10;20;20;10;10;10;30;0
towarowa 6 chojnice;20;0.0;2;2021-03-11;10;20;20;20;30;20;30;40;20;20;20;10;0
rezonans magnetyczny chojnice czas oczekiwania;20;0.0;5;2021-03-11;40;40;10;10;20;10;20;10;10;30;10;30;0
sąd rejonowy w chojnicach ii wydział karny;20;0.0;5;2021-03-11;20;20;10;20;10;20;20;20;10;30;20;10;0
praca fizjoterapeuta chojnice;20;0.0;3;2021-03-11;20;40;10;10;10;10;10;20;10;70;70;10;0
bank millennium chojnice godziny otwarcia;20;0.0;5;2021-03-11;30;20;30;20;10;20;30;30;10;30;20;20;0
sklep meblowy chojnice ul młyńska;20;0.0;4;2021-03-11;30;10;30;10;10;10;10;10;10;20;30;30;0
żywicki laryngolog chojnice;20;0.0;3;2021-06-22;30;20;20;20;20;20;20;10;20;20;10;20;2;laryngolog chojnice żywicki
żywicki chojnice laryngolog
pływalnia chojnice;20;0.0;2;2021-03-11;30;20;10;10;10;10;20;30;10;10;10;10;0
matki bożej fatimskiej chojnice;20;0.0;4;2021-03-11;20;20;10;40;20;10;20;10;10;20;10;30;0
urząd gminy chojnice kontakt;20;0.0;4;2021-03-11;20;20;20;10;10;10;20;10;10;30;50;30;0
supiński chojnice;20;0.0;2;2021-04-17;30;30;40;20;10;20;20;20;20;10;40;20;0
dermatolog chojnice salus;20;0.0;3;2021-03-11;20;30;20;20;10;10;20;20;20;10;20;20;1;salus chojnice dermatolog
seko chojnice sklep;20;0.0;3;2021-03-11;10;10;20;10;10;10;10;10;10;30;20;90;0
gastrolog chojnice nfz;20;0.0;3;2021-03-11;20;20;20;10;10;10;10;10;10;10;30;20;0
alior bank chojnice godziny otwarcia;20;0.0;5;2021-03-11;30;20;20;10;20;20;20;30;20;10;10;10;0
avans chojnice;20;1.64;2;2021-03-11;20;20;20;20;20;20;10;10;10;20;10;40;0
enea chojnice praca;20;0.0;3;2021-03-11;20;10;20;20;20;20;20;30;10;50;30;20;0
liceum mundurowe chojnice;20;0.0;3;2021-03-11;20;10;30;30;40;20;40;10;20;20;10;10;0
pizzeria roberto chojnice menu;20;0.0;4;2021-06-22;10;20;10;10;50;40;30;20;10;20;10;20;1;pizzeria roberto menu chojnice
auto glass chojnice tucholska;20;0.0;4;2021-03-11;10;20;10;20;30;30;20;20;20;20;20;20;0
mistral chojnice cennik;20;0.0;3;2021-03-11;40;30;20;20;10;10;20;20;20;20;20;10;0
sklep hydraulik chojnice;20;0.0;3;2021-03-11;10;20;20;20;20;10;10;20;10;30;20;20;1;hydraulik chojnice sklep
chojnice olsztyn;20;0.0;2;2021-06-22;20;10;20;20;10;20;30;30;20;20;10;10;1;olsztyn chojnice
tech mat chojnice;20;0.0;3;2021-03-11;10;20;10;70;20;20;30;20;20;10;10;20;0
biuro paszportowe chojnice godziny otwarcia;20;0.0;5;2021-03-11;20;10;20;10;30;20;10;20;20;10;20;20;0
moto budrex chojnice;20;0.0;3;2021-03-11;20;10;10;10;10;10;10;10;20;20;50;10;0
osiedle bursztynowe chojnice;20;0.0;3;2021-03-11;10;10;10;30;20;10;70;10;30;10;10;10;0
sklep meblowy abra chojnice;20;0.0;4;2021-03-11;30;20;30;20;30;30;20;10;10;10;20;20;0
stacja pkp chojnice;20;0.0;3;2021-03-11;20;10;10;20;20;30;20;20;10;10;10;10;0
deichmann chojnice godziny otwarcia;20;0.0;4;2021-03-11;20;20;10;20;20;20;30;30;10;30;20;10;0
dobry ginekolog chojnice;20;0.0;3;2021-03-11;20;20;20;20;10;20;10;20;20;10;10;10;0
cleo chojnice;20;0.35;2;2021-03-11;10;10;20;10;30;10;10;30;40;40;40;10;0
fabryka materacy chojnice;20;2.09;3;2021-03-11;40;20;40;30;10;10;20;10;10;20;20;10;0
ubezpieczenia wilk chojnice;20;0.62;3;2021-06-22;20;20;20;30;30;20;20;20;30;30;30;20;1;ubezpieczenia chojnice wilk
florian chojnice;20;0.0;2;2021-03-11;30;20;70;20;10;10;10;10;10;10;20;20;0
amazonki chojnice;20;0.0;2;2021-03-11;20;30;20;90;50;20;10;10;20;10;10;10;0
zsp 2 chojnice;20;0.0;2;2021-03-11;10;10;10;10;30;30;10;10;40;40;20;10;0
auto naprawa chojnice;20;0.0;3;2021-03-11;10;20;10;10;10;10;10;70;20;40;10;10;0
monnari chojnice;20;0.0;2;2021-03-11;20;10;20;30;10;20;30;10;40;30;30;20;0
kalinowska chojnice;20;0.0;2;2021-03-11;20;10;10;10;10;20;10;10;20;30;20;20;0
damex chojnice;20;0.0;2;2021-03-11;20;30;20;20;20;10;10;20;20;20;40;10;0
wymiana szyb chojnice;20;1.15;3;2021-03-11;10;10;30;20;30;30;20;20;20;40;10;10;0
integracja sensoryczna chojnice;20;0.0;3;2021-03-11;20;20;30;10;20;20;10;10;30;20;20;30;0
gdańsk chojnice trasa;20;0.0;3;2021-03-11;10;10;10;30;30;50;50;10;20;30;10;10;0
dom kultury chojnice repertuar;20;0.0;4;2021-03-11;30;10;10;10;10;10;10;10;20;30;20;30;0
fryzjer emilia chojnice;20;0.0;3;2021-03-11;10;20;20;10;20;10;30;20;10;20;10;20;0
wodociągi chojnice awarie;20;0.0;3;2021-03-11;10;20;10;10;30;20;20;20;110;10;10;20;0
play chojnice kaufland;20;0.0;3;2021-03-11;20;10;20;10;20;20;20;40;20;20;30;30;0
hurtownia chemiczna chojnice;20;0.0;3;2021-03-17;40;20;10;10;10;30;20;10;10;10;10;10;0
moto zych chojnice godziny otwarcia;20;0.0;5;2021-03-11;10;10;20;20;30;20;30;20;10;10;10;10;0
eurostandard chojnice drzwi;20;0.8;3;2021-03-11;20;30;30;20;20;30;20;10;20;30;20;20;0
hotel spa chojnice i okolice;20;0.62;4;2021-03-11;10;20;30;10;20;30;20;10;20;50;30;20;0
auto komis max chojnice;20;0.0;4;2021-03-11;20;20;30;10;20;20;20;10;10;30;20;20;0
www chojnice tv;20;0.0;3;2021-03-11;30;30;10;10;10;10;10;20;20;30;20;10;0
tynki maszynowe chojnice;20;1.06;3;2021-03-11;20;20;20;30;10;10;10;30;20;10;10;10;0
garnitury męskie chojnice;20;1.04;3;2021-04-08;30;20;20;40;20;20;10;20;10;10;10;0;0
bowling chojnice;20;0.0;2;2021-03-11;40;20;30;20;10;20;20;20;20;20;10;10;0
przedszkole smyk chojnice;20;0.0;3;2021-03-11;50;10;20;10;20;20;10;20;20;20;20;20;0
tomografia komputerowa chojnice;20;0.0;3;2021-03-11;20;30;30;30;20;20;30;10;10;30;40;10;0
klinika weterynaryjna chojnice;20;0.0;3;2021-03-11;20;10;10;30;30;30;20;20;10;30;20;20;0
przychodnia weterynaryjna chojnice;20;0.0;3;2021-03-11;20;20;20;20;10;30;10;30;20;20;10;30;0
kontenery chojnice;20;0.0;2;2021-03-11;20;30;10;40;40;30;20;20;10;20;10;10;0
urzad skarbowy chojnice tel;20;0.0;3;2021-03-11;10;20;20;30;40;20;30;10;10;10;10;10;0
duet chojnice firany;20;0.0;3;2021-03-11;20;10;20;10;10;10;10;10;20;10;70;10;0
biblioteka publiczna chojnice;20;0.0;3;2021-03-11;20;10;10;20;10;20;10;20;30;30;10;10;0
serwis bosch chojnice;20;0.0;3;2021-03-11;10;10;20;10;20;20;10;20;10;30;20;20;0
czas chojnic chojnice;20;0.0;3;2021-03-11;10;10;10;10;10;10;10;70;20;20;10;10;0
colosseum club chojnice;20;0.0;3;2021-03-11;30;20;10;30;10;10;10;30;20;20;10;20;0
lokomotywownia chojnice;20;0.0;2;2021-03-11;30;30;30;20;10;40;20;20;30;10;30;20;0
sklep exclusive chojnice;20;0.0;3;2021-03-11;10;10;20;30;20;10;10;20;10;20;20;10;0
therapeutica chojnice laboratorium;20;0.0;3;2021-03-11;30;20;20;20;10;10;10;10;30;50;10;40;0
mrówka chojnice kaszubska;20;0.0;3;2021-03-11;10;10;10;40;30;20;40;10;10;10;10;10;0
mops chojnice bank żywności;20;0.0;4;2021-03-11;20;20;20;10;20;30;10;40;40;30;30;30;0
fundacja palium chojnice;20;0.0;3;2021-03-11;20;30;20;50;20;10;20;10;20;20;30;20;0
chojnice noclegi agroturystyka;20;0.7;3;2021-03-11;10;10;30;10;50;20;40;40;30;10;10;0;0
ekuz chojnice godziny otwarcia;20;0.0;4;2021-03-11;10;10;20;30;20;30;40;30;20;10;10;10;0
urząd miasta chojnice bip;20;0.0;4;2021-03-11;20;20;30;10;30;40;50;20;10;20;20;30;1;bip urząd miasta chojnice
gastronomia chojnice;20;0.0;2;2021-03-11;10;20;50;10;30;30;20;20;10;10;30;10;0
osowski chirurg chojnice;20;0.0;3;2021-03-11;20;10;20;20;20;20;30;20;10;10;10;20;0
bank pko bp chojnice;20;0.0;4;2021-03-11;10;30;40;10;40;20;20;30;20;20;20;10;0
um chojnice bip;20;0.0;3;2021-06-22;20;20;30;10;30;40;50;20;10;20;20;30;1;bip um chojnice
poradnia dermatologiczna chojnice;20;0.0;3;2021-03-11;20;10;20;10;20;20;30;20;10;10;40;10;0
bip starostwo chojnice;20;0.0;3;2021-06-22;30;30;30;40;20;20;10;20;20;20;20;10;2;starostwo chojnice bip
bip chojnice starostwo
skutery chojnice;20;0.0;2;2021-03-11;20;20;20;10;50;30;30;20;10;10;10;10;0
szkolenia chojnice;20;1.43;2;2021-03-11;20;20;30;10;20;10;10;30;30;20;10;10;0
chojnice rozrywka;20;0.0;2;2021-03-11;40;10;20;10;10;10;20;40;10;10;10;10;0
szpital chojnice urologia;20;0.0;3;2021-04-13;10;20;20;10;10;20;20;20;30;10;20;10;0
dro bet chojnice praca;20;0.0;4;2021-03-11;30;30;20;30;10;10;20;30;20;20;10;20;0
rozkład jazdy pks brusy chojnice;20;0.0;5;2021-03-11;10;10;10;10;10;20;20;30;30;20;20;10;0
plexi chojnice;20;0.82;2;2021-03-11;10;10;20;10;20;20;10;10;30;20;10;20;0
rozklad jazdy mzk chojnice nr 7;20;0.0;4;2021-03-11;30;30;20;10;20;40;40;30;30;10;10;20;0
pizza luciano chojnice;20;0.0;3;2021-03-11;20;20;30;20;20;20;20;30;30;20;20;20;0
instalacje lpg chojnice;20;0.0;3;2021-03-11;40;10;30;10;20;20;10;20;10;10;30;20;0
sklep z bielizną chojnice;20;0.0;4;2021-06-22;30;30;10;20;20;10;20;20;30;20;20;30;1;sklep z bielizna chojnice
neurolog dziecięcy chojnice prywatnie;20;0.0;4;2021-03-11;30;40;10;30;10;10;20;30;20;10;20;10;0
klimatyzacja chojnice strzelecka;20;6.01;3;2021-03-31;0;10;10;10;40;40;40;30;10;10;10;0;0
brzozowa chojnice;20;0.0;2;2021-03-11;10;10;30;20;20;30;20;20;20;10;10;10;0
okulista chojnice lemańczyk;20;0.0;3;2021-03-11;10;20;20;10;20;30;20;20;20;20;20;10;0
plan chojnic;20;0.0;2;2021-03-11;10;20;30;20;40;30;20;20;20;10;20;10;0
stylizacja paznokci chojnice;20;0.0;3;2021-03-11;10;10;30;20;50;30;50;30;10;30;10;10;0
sklep komfort chojnice;20;0.6;3;2021-03-11;30;20;30;20;10;20;20;20;20;30;20;30;0
media expert chojnice telefony;20;2.07;4;2021-06-22;30;10;30;20;20;30;20;20;10;20;30;40;1;media expert chojnice telefon
technikum ekonomiczne chojnice;20;0.0;3;2021-03-11;20;20;30;20;20;10;10;10;20;20;10;20;0
ogrodzenia panelowe chojnice;20;1.28;3;2021-03-11;10;20;10;30;30;10;10;40;10;10;20;10;0
car audio chojnice;20;0.0;3;2021-03-11;20;10;20;20;30;20;10;10;20;20;20;30;0
park wodny chojnice cennik;20;0.0;4;2021-03-11;40;30;20;20;20;10;40;70;10;20;10;10;0
komunikacja chojnice;20;0.0;2;2021-03-11;30;10;30;20;30;20;30;10;30;10;20;30;0
chojnice dolnośląskie;20;0.0;2;2021-03-11;30;40;40;40;20;10;20;20;20;20;10;10;0
przychodnia lekarska chojnice;20;0.0;3;2021-03-11;10;10;20;10;10;10;50;30;20;10;10;10;1;przychodnie lekarskie chojnice
adwokat chojnice katarzyna;20;0.0;3;2021-03-11;20;20;20;20;10;10;20;20;10;30;10;10;0
netto chojnice człuchowska;20;0.0;3;2021-03-11;10;10;20;30;20;30;30;30;40;10;20;30;0
szpital chojnice izba przyjęć;20;0.0;4;2021-03-11;10;20;20;20;20;30;40;10;10;20;10;10;0
salus chojnice stomatolog;20;0.0;3;2021-03-11;20;20;20;10;10;20;20;10;10;10;20;10;0
weterynarz całodobowy chojnice;20;0.0;3;2021-03-11;20;10;20;20;10;20;70;30;20;20;10;10;0
ścieżki rowerowe chojnice;20;1.1;3;2021-03-11;10;10;10;20;40;40;30;30;10;10;10;10;0
schody chojnice;20;0.78;2;2021-03-11;10;10;10;10;10;20;30;20;10;20;10;10;0
ginekolog dziecięcy chojnice;20;0.0;3;2021-05-22;30;20;10;30;20;20;20;20;30;10;30;20;0
wydział paszportowy chojnice;20;0.0;3;2021-03-11;30;30;40;40;20;30;20;20;20;10;20;20;0
zus chojnice praca;20;0.0;3;2021-03-11;30;10;20;10;20;10;30;20;20;40;30;10;0
auto handel laguna chojnice;20;0.0;4;2021-03-11;40;20;20;10;10;10;10;10;20;30;20;20;0
kebab chojnice dowóz;20;4.15;3;2021-03-11;20;10;30;20;10;30;20;20;20;20;40;40;1;kebab chojnice z dowozem
pogotowie gazowe chojnice;20;0.0;3;2021-03-11;20;20;20;20;20;10;10;10;10;10;20;30;0
dom towarowy chojnice;20;0.0;3;2021-03-11;10;10;20;20;30;10;10;40;30;10;20;20;0
ekobud chojnice;20;0.0;2;2021-03-11;10;10;10;30;10;20;10;40;30;20;10;10;0
sklep bodzio chojnice;20;0.0;3;2021-03-11;20;30;30;20;10;10;20;10;10;10;20;20;0
oknoplast chojnice;20;0.0;2;2021-03-11;30;20;20;20;30;10;30;20;30;20;20;40;0
twój stomatolog chojnice;20;0.0;3;2021-03-11;30;10;10;20;20;20;10;10;10;10;10;10;0
dorabianie kluczy samochodowych chojnice;20;0.0;4;2021-03-11;30;30;20;30;10;30;20;10;20;10;20;10;0
skarpa chojnice;20;0.0;2;2021-03-11;30;20;20;10;10;20;10;30;20;30;20;30;0
plus chojnice brama pomorza;20;0.0;4;2021-03-11;10;20;10;10;10;10;10;20;10;10;20;30;0
sklep z wózkami chojnice;20;0.0;3;2021-03-11;20;20;30;30;20;30;20;20;20;20;20;10;0
pizzeria fabryka chojnice menu;20;1.14;4;2021-03-11;20;30;20;20;30;10;20;20;30;10;10;10;0
sklep groszek chojnice;20;0.0;3;2021-03-11;20;20;20;30;30;20;30;10;10;10;10;20;0
pizzeria luciano chojnice menu;20;0.0;4;2021-03-11;40;40;20;10;10;10;10;10;10;20;20;10;0
pizzeria laguna chojnice menu;20;0.0;4;2021-03-11;10;20;20;20;10;30;40;10;20;20;20;20;0
remonty chojnice;20;1.39;2;2021-03-11;30;20;30;20;10;10;20;20;10;10;10;10;0
sp3 chojnice nauczyciele;20;0.0;3;2021-03-11;20;10;10;10;10;10;10;20;10;20;30;20;0
mzk chojnice ulgi;20;0.0;3;2021-03-11;50;30;20;10;20;20;20;20;40;30;20;10;0
technikum rolnicze chojnice;20;0.0;3;2021-03-11;20;20;20;20;30;10;30;20;30;10;20;10;0
fotograf chojnice młyńska;20;0.0;3;2021-03-11;20;10;10;20;30;30;30;30;20;10;10;10;0
salus chojnice dentysta;20;0.0;3;2021-06-22;30;20;20;10;10;10;10;10;20;20;10;10;1;dentysta chojnice salus
ochrona chojnice;20;0.0;2;2021-03-11;30;10;10;10;20;20;40;20;30;10;20;10;0
ziemia ogrodowa chojnice;20;0.0;3;2021-03-11;10;10;40;70;70;20;10;30;20;10;10;0;0
pralnia samoobsługowa chojnice;20;0.0;3;2021-03-11;10;10;20;20;10;20;50;30;20;10;40;10;0
polcom modular chojnice;20;0.0;3;2021-03-11;30;30;30;30;10;20;30;40;20;10;10;10;0
serwis opon chojnice;20;0.0;3;2021-03-11;10;10;10;20;20;10;10;50;10;30;30;10;0
urodziny dla dzieci chojnice;20;0.0;3;2021-03-11;40;30;20;20;20;20;10;30;50;20;10;10;0
wenecka chojnice menu;20;0.0;3;2021-03-11;10;10;20;20;30;30;30;20;30;10;10;10;0
zk koronowo oz chojnice;20;0.0;4;2021-03-11;20;20;10;30;20;20;10;20;20;30;20;20;0
imprezy chojnice;20;0.0;2;2021-03-11;10;10;10;10;20;40;40;40;20;10;10;20;2;chojnice imprezy
imprezy w chojnicach
serwis rtv chojnice;20;0.0;3;2021-03-11;20;20;10;10;10;20;30;20;40;10;30;50;0
olx chojnice za darmo;20;0.0;3;2021-03-11;30;10;20;30;20;10;20;20;10;10;20;20;0
technikum budowlane chojnice;20;0.0;3;2021-03-11;10;10;10;10;10;10;40;20;30;30;40;10;0
komis chojnice bytowska;20;0.0;3;2021-03-11;20;20;20;20;20;20;20;10;20;30;30;20;0
karta seniora chojnice;20;0.0;3;2021-03-11;20;30;30;20;20;10;10;10;10;20;30;20;0
panele ogrodzeniowe chojnice;20;0.0;3;2021-03-11;10;10;20;30;20;10;30;30;10;10;10;10;0
aukcje komornicze chojnice;20;0.0;3;2021-03-11;20;20;20;20;20;20;20;20;30;30;20;20;0
ogrodnik chojnice;20;1.11;2;2021-03-11;10;30;20;40;40;10;20;10;40;10;10;10;0
chdk chojnice repertuar kina;20;0.0;4;2021-06-22;50;110;30;10;10;0;0;0;0;0;0;10;2;chdk chojnice kino repertuar
kino chojnice chdk repertuar
chojnice angowicka;20;0.0;2;2021-03-11;10;20;20;30;20;20;30;40;10;10;20;30;0
big star chojnice;20;0.0;3;2021-03-11;20;10;20;20;10;20;10;30;10;30;40;20;0
kornelia żywicka chojnice;20;0.0;3;2021-03-11;30;40;20;20;20;10;30;30;20;30;20;20;0
apteka chojnice polo;20;0.0;3;2021-03-11;20;20;20;20;10;20;20;10;20;10;10;10;0
sklep bobas chojnice;20;0.0;3;2021-03-22;10;10;40;10;10;20;20;30;10;20;20;10;0
czyszczenie tapicerki samochodowej chojnice;20;0.84;4;2021-03-11;10;10;20;30;40;30;40;10;10;10;10;10;0
szpital chojnice rehabilitacja;20;0.0;3;2021-03-11;30;20;30;30;10;30;20;20;30;30;20;20;1;rehabilitacja chojnice szpital
noclegownia chojnice;20;0.0;2;2021-03-11;20;10;20;10;10;10;40;20;10;10;20;30;0
auto handel chojnice tucholska;20;0.0;4;2021-04-20;40;50;30;40;30;20;10;10;10;30;20;10;0
chojnice pomorskie mapa;20;0.0;3;2021-03-11;10;10;20;10;30;20;20;30;40;10;10;10;0
therapeutica chojnice dentysta;20;0.0;3;2021-03-11;30;30;20;10;20;10;10;10;10;30;50;20;0
badanie wody chojnice;20;1.3;3;2021-03-11;10;10;20;10;40;30;20;30;10;10;10;10;0
opel meriva chojnice;20;0.0;3;2021-03-11;10;10;30;30;20;20;30;20;20;50;30;20;0
dodatek mieszkaniowy chojnice;20;0.0;3;2021-03-11;10;20;20;10;20;10;10;30;40;20;20;10;0
aleja brzozowa chojnice;20;0.0;3;2021-03-11;10;20;10;20;30;20;10;20;20;10;10;10;0
park wodny chojnice godziny otwarcia;20;0.0;5;2021-03-11;40;10;10;30;20;20;50;30;30;10;10;20;0
gabinet stomatologiczny chojnice;20;0.0;3;2021-03-11;30;20;20;10;20;20;40;30;10;20;10;10;1;gabinety stomatologiczne chojnice
przychodnia wiejska chojnice lekarze;20;0.0;4;2021-03-11;20;30;30;10;20;10;10;10;20;30;20;10;0
auto złom chojnice zakładowa;20;2.26;4;2021-03-11;20;10;20;20;30;20;20;20;20;20;20;30;0
sklep zabawkowy chojnice;20;0.0;3;2021-03-11;20;10;10;30;30;30;20;20;10;10;20;40;0
cięcie laserem chojnice;20;0.0;3;2021-03-11;30;10;10;10;30;20;10;20;10;30;30;20;0
proxima park chojnice;20;0.0;3;2021-03-11;20;20;20;20;20;20;20;30;30;20;10;10;0
sklep z odżywkami chojnice;20;0.0;3;2021-03-11;50;20;20;20;20;20;20;30;20;20;10;30;0
fryzjer brama pomorza chojnice;20;0.0;4;2021-03-11;20;20;20;20;10;10;30;30;10;20;20;30;0
rozkład autobusów chojnice;20;0.0;3;2021-03-11;20;10;10;10;10;10;30;20;20;10;10;20;0
urolog chojnice szpital;20;0.0;3;2021-03-11;50;30;30;30;20;20;40;10;10;20;30;10;0
vox chojnice;20;0.0;2;2021-05-21;30;20;30;10;10;10;30;20;30;40;20;20;0
chińskie centrum handlowe chojnice;20;0.0;4;2021-03-11;20;20;20;20;20;20;20;30;30;20;30;30;0
małpi gaj chojnice;20;0.0;3;2021-03-11;50;40;30;20;10;10;40;30;10;20;10;20;0
garaże blaszane chojnice;20;2.17;3;2021-06-22;20;20;30;20;30;10;40;20;40;30;20;10;1;garaż blaszany chojnice
jerzy skiba chojnice;20;0.0;3;2021-03-11;20;20;20;10;10;10;30;10;20;10;20;30;0
szpital chojnice opinie;20;0.0;3;2021-03-11;20;10;30;20;30;10;20;40;20;30;20;30;0
poradnia endokrynologiczna chojnice;20;0.0;3;2021-03-11;20;20;20;10;10;10;10;20;10;20;20;20;0
pomoc w przedszkolu chojnice;20;0.0;3;2021-05-21;50;30;20;10;10;10;10;30;50;10;20;20;0
doradztwo rolnicze chojnice;20;0.0;3;2021-04-23;20;20;70;20;40;20;10;10;10;50;20;20;0
dom opieki chojnice;20;0.86;3;2021-03-11;20;30;20;20;30;20;20;20;20;10;20;20;0
dps chojnice praca;20;0.0;3;2021-03-11;10;10;20;30;20;30;30;30;30;20;10;10;0
balustrady chojnice;20;0.0;2;2021-03-11;30;20;20;10;20;30;30;30;10;20;10;10;0
gmina wiejska chojnice;20;0.0;3;2021-03-11;20;10;20;30;20;30;20;10;10;30;20;20;0
cennik basen chojnice;20;0.0;3;2021-05-06;40;40;30;10;10;10;30;20;10;20;10;10;0
rower olx chojnice;20;0.0;3;2021-05-15;10;10;40;30;0;20;50;20;10;10;10;10;0
dentysta dla dzieci chojnice;20;0.0;3;2021-03-11;40;20;10;20;20;30;20;30;20;20;20;20;1;dentysta chojnice dla dzieci
pkp chojnice rozkład;20;0.0;3;2021-06-22;20;20;40;10;20;20;40;40;20;20;10;10;2;rozkład pkp chojnice
pkp rozkład chojnice
domy z keramzytu chojnice;20;0.21;3;2021-06-22;30;30;20;30;30;20;20;20;20;10;40;10;1;dom z keramzytu chojnice
mostostal chojnice opinie;20;0.0;3;2021-03-11;10;20;30;20;20;30;20;30;30;20;10;10;0
spowiedź wielkanocna chojnice;20;0.0;3;2021-03-11;0;0;40;170;10;10;0;0;0;0;0;10;0
wydział komunikacji chojnice odbiór dowodu rejestracyjnego;20;0.0;6;2021-03-11;20;20;20;20;30;20;20;20;20;10;10;10;0
opłata za śmieci chojnice 2020;20;0.0;5;2021-04-07;40;20;10;40;10;10;20;10;20;10;30;40;0
instal serwis chojnice;20;0.0;3;2021-03-11;20;10;20;10;20;30;30;30;20;10;20;10;0
bart serwis chojnice;20;0.0;3;2021-03-11;10;20;10;20;10;30;20;20;20;10;10;10;0
kurs na wózki widłowe chojnice;20;0.91;4;2021-03-11;30;40;30;10;10;20;10;10;20;30;20;20;0
prawo jazdy kat c chojnice;20;0.92;5;2021-03-11;30;10;20;20;20;20;10;30;50;10;20;10;0
komputery chojnice;20;0.0;2;2021-03-11;40;10;10;20;10;10;20;10;20;10;20;10;0
legalizacja gaśnic chojnice;20;0.0;3;2021-03-11;20;70;10;10;10;10;40;20;10;10;10;10;0
terapia manualna chojnice;20;0.0;3;2021-03-29;20;10;10;20;10;20;20;20;10;20;10;20;0
sklep medyczny szpital chojnice;20;0.0;4;2021-03-11;20;10;20;10;20;10;10;10;20;10;20;20;1;sklep medyczny chojnice szpital
czupa grażyna kantor wymiany walut chojnice;20;0.0;6;2021-03-11;20;20;20;10;10;10;10;10;10;50;70;20;0
koszałka chojnice godziny otwarcia;20;0.0;4;2021-03-11;10;10;20;20;30;20;20;10;20;20;10;20;0
laryngolog chojnice szpital;20;0.0;3;2021-03-11;30;20;20;20;30;10;20;20;20;20;20;10;0
prognoza pogody chojnice godzinowa;20;0.0;4;2021-03-25;10;10;10;30;40;50;50;40;10;10;10;10;0
matki boskiej królowej polski chojnice;20;0.0;5;2021-03-11;20;10;10;40;10;10;10;20;10;30;10;20;0
salon kosmetyczny libra chojnice;20;0.0;4;2021-03-11;10;10;10;20;20;20;40;20;20;10;10;20;0
wniosek o rejestrację pojazdu chojnice;20;0.0;4;2021-03-11;20;20;10;30;30;10;20;20;10;20;20;10;0
chirurgia stomatologiczna chojnice;20;0.0;3;2021-03-11;10;20;20;30;30;20;20;20;10;10;30;10;0
śds chojnice;20;0.0;2;2021-03-11;30;10;30;30;10;20;10;10;30;10;20;20;0
skleroterapia chojnice;20;0.77;2;2021-03-11;20;30;30;20;30;30;20;10;30;10;30;10;0
osiedle nowe pogodne chojnice;20;0.0;3;2021-03-11;20;10;20;20;30;10;10;10;40;20;20;20;0
motory chojnice;20;0.0;2;2021-03-11;30;20;10;10;40;10;10;20;20;10;10;30;0
boxing team chojnice;20;0.0;3;2023-12-20;10;20;40;30;10;10;10;10;30;10;20;20;0
oklejanie samochodów chojnice;20;0.0;3;2021-03-11;20;30;30;30;30;40;30;20;20;10;20;10;0
kłodziński chojnice;20;0.0;2;2021-03-11;10;30;30;10;30;20;10;10;20;10;10;10;0
korepetycje z matematyki chojnice;20;0.89;4;2021-03-11;20;30;10;20;10;20;10;10;20;20;20;10;0
studio fotograficzne chojnice;20;0.0;3;2021-03-11;20;40;20;10;10;20;20;10;30;20;20;10;0
cerbud chojnice;20;0.0;2;2021-03-11;20;30;40;30;20;20;30;20;20;10;10;20;0
wracam do zdrowia chojnice;20;0.0;4;2021-03-10;20;30;30;20;10;30;30;30;10;30;20;10;0
pizza da grasso chojnice;20;0.0;4;2021-04-21;10;10;20;20;10;20;10;20;10;20;10;20;0
dr peno chojnice;20;0.0;3;2021-03-10;10;10;30;10;20;20;10;10;20;20;20;10;0
camping chojnice;20;0.0;2;2021-03-10;10;10;10;10;30;50;70;40;10;10;10;10;1;chojnice camping
piercing chojnice cennik;20;0.0;3;2021-03-10;10;30;40;20;20;20;20;30;10;10;10;10;0
armada ginekolog chojnice godziny otwarcia;20;0.0;5;2021-03-10;30;20;20;10;20;20;20;10;30;20;30;10;0
wulkanizacja chojnice bytowska;20;0.0;3;2021-03-10;10;10;20;40;40;10;10;10;20;30;50;10;0
kierownik budowy chojnice;20;0.0;3;2021-03-10;20;40;10;30;20;10;30;30;20;30;10;20;0
czyszczenie tapicerki chojnice;20;0.0;3;2021-03-10;20;30;20;20;20;20;30;30;20;10;10;10;0
kurier chojnice;20;1.71;2;2021-03-10;20;20;10;10;10;10;30;20;10;10;10;20;0
pkp chojnice informacja telefoniczna;20;0.0;4;2021-03-10;10;10;20;20;10;20;30;30;10;10;10;10;0
przedszkole korczaka chojnice;20;0.0;3;2025-02-18;40;20;30;10;10;10;10;10;20;10;10;20;0
pup chojnice kontakt;20;0.0;3;2021-03-11;20;20;30;30;30;20;20;20;30;20;20;20;0
chojnice zakopane;20;0.0;2;2021-03-11;20;20;10;20;30;40;40;40;10;10;30;20;0
tom sad chojnice;20;0.0;3;2021-03-11;10;10;10;20;20;20;10;10;20;20;20;10;0
mzk chojnice linia nr 8;20;0.0;5;2021-03-11;10;20;10;10;40;20;10;10;20;30;10;20;0
tworzenie stron internetowych chojnice;20;6.15;4;2021-03-11;30;20;20;20;20;20;20;30;30;20;30;20;0
bazylika chojnice spowiedź;20;0.0;3;2021-03-11;10;10;20;110;20;10;10;10;10;20;10;70;0
rada miasta chojnice;20;0.0;3;2021-03-11;10;50;20;20;10;10;10;10;10;10;10;10;0
rtv euro agd chojnice telefon;20;0.0;5;2021-03-11;40;20;20;20;10;10;10;10;10;30;20;20;0
giełda chojnice;20;0.0;2;2021-03-11;10;20;20;10;10;40;20;10;20;30;10;10;0
zakład poprawczy chojnice;20;0.0;3;2021-03-11;20;20;40;10;20;20;10;20;20;40;30;20;2;zakład poprawczy w chojnicach
chojnice zakład poprawczy
urząd pracy chojnice godziny otwarcia;20;0.0;5;2021-03-11;30;30;20;20;30;10;20;20;20;20;10;20;0
usługi koparką chojnice;20;0.92;3;2021-03-11;10;10;10;10;50;30;20;10;10;20;10;10;0
radio weekend chojnice online;20;0.0;4;2021-03-11;10;10;10;10;10;10;10;10;30;50;40;10;0
funka chojnice;20;0.0;2;2021-06-22;10;10;10;30;40;50;30;30;10;10;10;10;1;funka koło chojnic
nest bank chojnice;20;0.0;3;2021-03-11;20;10;20;40;10;10;10;10;20;20;10;20;0
wystawa psów chojnice;20;0.0;3;2021-03-11;10;10;10;10;10;10;110;10;10;20;40;50;0
coloseum chojnice;20;0.0;2;2021-06-22;30;20;10;10;20;10;30;10;10;20;20;20;1;chojnice coloseum
okulistyka chojnice;20;0.0;2;2021-03-11;30;20;20;30;30;20;30;20;20;20;20;20;0
mops chojnice pracownicy socjalni;20;0.0;4;2021-03-11;30;20;30;30;40;20;30;30;50;10;10;20;0
kuchenne rewolucje chojnice;20;0.0;3;2021-03-11;20;20;20;10;30;20;30;30;20;30;30;10;1;chojnice kuchenne rewolucje
kręgielnia mistral chojnice cennik;20;0.0;4;2021-03-11;50;20;10;10;10;20;10;10;10;10;10;20;0
dr chlebowicz chojnice;20;0.0;2;2021-03-11;20;10;10;20;20;10;20;10;10;20;30;20;0
wypożyczalnia narzędzi chojnice;20;1.07;3;2021-03-11;20;20;30;30;10;20;20;30;20;20;20;10;0
eurostandard chojnice panele;20;1.84;3;2021-03-11;10;30;20;10;20;20;30;20;30;20;30;20;0
zremb chojnice opinie;20;0.0;3;2021-03-10;30;30;40;20;10;10;10;10;10;10;20;10;0
salon dacia chojnice;20;1.45;3;2021-03-11;20;20;10;10;10;20;30;10;10;20;20;20;0
optyk chojnice blaszak;20;0.0;3;2021-03-11;30;30;10;10;10;10;10;10;10;30;10;10;0
cyrk zalewski chojnice;20;0.0;3;2021-03-11;10;0;10;50;210;10;10;10;10;0;0;0;0
schronisko chojnice facebook;20;0.0;3;2021-03-11;10;110;30;10;10;10;10;10;10;10;10;10;0
pzm chojnice;20;0.0;2;2021-03-11;10;20;30;20;10;20;20;10;20;10;40;10;0
msze św chojnice bazylika;20;0.0;4;2021-03-11;20;30;30;10;30;20;10;30;20;20;20;40;0
naprawa maszyn do szycia chojnice;20;0.0;5;2021-03-10;10;20;20;30;30;30;20;10;10;20;30;10;0
praca na weekendy chojnice;20;0.61;4;2021-06-22;20;20;10;10;10;10;20;10;10;30;20;10;1;praca weekendy chojnice
producent łodzi motorowych chojnice;20;1.43;4;2021-03-11;20;20;10;10;10;10;30;30;20;20;20;10;0
cyfra plus chojnice;20;0.0;3;2021-03-11;30;20;20;20;10;20;30;10;20;20;20;20;0
majówka chojnice;20;0.0;2;2021-03-10;10;10;10;110;140;0;0;0;0;0;0;10;0
ginter chojnice nip;20;0.0;3;2021-03-10;10;10;10;20;10;10;20;20;20;10;10;20;0
spawacz chojnice;20;0.09;2;2021-03-11;20;30;20;30;10;20;30;10;20;20;10;10;0
kierowca kat b chojnice;20;0.29;4;2021-03-11;20;20;20;20;20;10;10;20;20;20;20;10;0
wycinka drzew chojnice;20;0.84;3;2021-03-10;10;20;20;20;10;10;30;30;10;10;10;10;0
działki chojnice bezpośrednio;20;0.09;3;2021-03-10;20;20;20;50;20;20;10;10;20;20;30;10;0
lux dent chojnice opinie;20;0.0;4;2021-03-10;50;20;10;10;30;20;10;10;10;30;30;30;0
aster chojnice godziny otwarcia;20;0.0;4;2021-03-10;10;20;40;20;30;20;20;50;20;30;20;20;0
trasa bydgoszcz chojnice;20;0.0;3;2021-03-10;30;20;30;20;30;30;20;20;20;10;20;10;0
pestka szklarz chojnice;20;0.0;3;2021-06-22;10;30;20;10;10;20;30;40;20;40;20;20;1;pestka chojnice szklarz
portal randkowy chojnice;20;0.0;3;2021-03-10;10;20;10;10;20;20;30;10;10;40;10;10;0
zoo julka chojnice;20;0.0;3;2021-03-10;10;30;20;20;20;20;10;10;20;30;10;20;0
sklep f1 chojnice;20;0.0;3;2021-03-10;10;10;20;50;40;50;20;20;20;10;10;10;0
beata zielińska chojnice;20;0.0;3;2021-03-10;40;30;10;10;10;20;20;20;20;40;20;20;0
fryzjer zosia chojnice;20;0.0;3;2021-03-10;10;20;20;20;20;20;20;20;10;20;10;10;0
konwalia chojnice;20;0.0;2;2021-03-10;20;40;20;10;30;20;10;20;20;10;10;10;0
dermatolog chojnice opinie;20;0.0;3;2021-03-10;20;20;10;10;40;10;40;20;20;10;10;10;0
działki metalowiec chojnice;20;0.0;3;2021-03-10;10;30;10;20;30;20;20;30;20;30;10;10;1;chojnice działki metalowiec
ewa kiedrowicz armada chojnice;20;0.0;4;2021-03-10;10;50;30;20;20;20;10;10;10;10;10;10;0
przychodnia nova chojnice kontakt;20;0.0;4;2021-03-10;40;10;10;20;10;10;20;20;20;20;10;30;0
serwis nac chojnice;20;0.0;3;2021-03-10;10;10;20;20;30;40;10;30;10;10;10;0;0
serwis kosiarek chojnice;20;0.0;3;2021-03-10;10;10;10;50;40;20;20;10;10;10;0;10;0
salus chojnice opinie;20;0.0;3;2021-03-10;20;110;50;30;10;10;20;10;10;10;20;10;0
monika zakrzewska chojnice;20;0.0;3;2021-03-10;20;20;20;30;20;20;10;30;30;30;30;10;0
chojnice ul gdańska;20;0.0;3;2021-03-10;20;30;30;20;30;30;20;10;20;10;10;10;0
centrum ogrodnicze chojnice;20;0.0;3;2021-03-11;10;10;30;50;40;40;30;10;10;10;10;10;0
drukarnia certus chojnice;20;0.0;3;2021-03-11;20;10;30;20;30;30;20;10;10;10;10;20;0
meblowy chojnice;20;0.0;2;2021-03-11;30;10;20;20;10;10;40;20;10;30;10;20;0
przyczepa kempingowa chojnice;20;0.06;3;2021-03-11;20;10;20;20;20;20;30;30;10;10;10;10;0
przychodnia gemini chojnice kontakt;20;0.0;4;2021-03-11;30;10;10;20;10;10;20;10;30;30;20;10;0
pizzeria siódemka chojnice;20;0.0;3;2021-03-11;10;20;20;20;10;10;40;10;10;10;10;10;0
sklep meblowy chojnice ul wysoka;20;1.41;5;2021-03-11;20;40;20;20;20;20;20;10;20;20;30;20;0
dworzec pkp chojnice kasa biletowa;20;0.0;5;2021-03-11;10;40;30;30;30;20;20;40;10;20;20;10;0
amplifon chojnice;20;5.4;2;2021-03-11;30;20;20;20;30;30;30;10;20;30;20;20;0
toi toi chojnice;20;2.86;3;2021-03-11;10;10;10;20;20;30;30;30;10;10;10;0;0
lux dent chojnice cennik;20;0.0;4;2021-03-11;50;20;10;10;20;10;10;30;30;10;30;30;0
salus chojnice ginekolog;20;0.0;3;2021-03-11;20;20;10;20;20;20;30;20;10;10;40;10;0
mostostal chojnice nip;20;0.0;3;2021-03-11;10;20;50;40;30;30;20;30;10;20;30;10;0
ccc chojnice godz otwarcia;20;0.0;4;2021-03-11;30;20;10;10;10;10;10;10;20;20;30;20;0
architekt wnętrz chojnice;20;1.67;3;2021-03-11;70;20;20;20;10;10;20;10;10;10;10;10;0
chojnice fc;20;0.0;2;2021-03-11;10;10;20;50;30;10;10;20;10;20;10;10;0
dywany chojnice;20;0.64;2;2021-03-11;30;30;40;30;20;20;20;30;30;20;20;30;0
msze święte chojnice bazylika;20;0.0;4;2021-03-11;20;30;30;10;30;20;10;30;20;20;20;40;0
kingsajz chojnice;20;0.0;2;2021-03-11;30;50;20;30;10;30;10;10;10;20;20;20;0
szpital chojnice rejestracja usg;20;0.0;4;2021-03-11;20;10;20;10;10;20;10;10;20;20;10;20;0
kardiolog chojnice szpital;20;0.0;3;2021-03-11;20;10;10;30;30;10;10;10;10;10;30;10;0
szpital chojnice oddział okulistyczny;20;0.0;4;2021-03-11;20;10;30;20;40;20;10;20;10;10;20;20;0
orsmed chojnice ortopeda;20;0.0;3;2021-03-11;10;10;10;20;20;10;30;10;30;20;20;10;0
polcom chojnice praca;20;0.52;3;2021-03-11;30;50;30;10;20;20;20;10;10;10;20;10;0
solmed chojnice cennik;20;0.0;3;2021-03-11;30;40;30;40;20;10;20;20;20;20;10;10;0
lekarz sportowy chojnice;20;0.0;3;2021-03-11;10;30;30;30;20;30;30;30;40;20;10;10;0
ogloszenia 24 chojnice;20;0.0;3;2021-06-22;20;20;20;10;20;20;10;10;10;10;50;10;0
spowiedz wielkanocna chojnice;20;0.0;3;2024-08-03;0;10;210;10;0;0;0;0;0;0;10;10;0
spowiedź święta chojnice;20;0.0;3;2021-03-11;10;10;70;10;10;10;10;10;10;10;10;70;0
orange chojnice kaufland;20;0.0;3;2021-03-11;20;10;10;20;10;10;10;10;10;20;30;10;0
salus chojnice kontakt;20;0.0;3;2021-03-11;20;20;20;10;20;10;20;20;10;30;20;20;0
kwiaciarnia chojnice godziny otwarcia;20;0.0;4;2021-03-11;30;10;10;10;40;20;20;20;10;30;10;10;0
cukiernia zakryś chojnice;20;0.0;3;2021-03-11;20;20;10;20;30;10;10;20;20;30;10;10;0
gops chojnice praca;20;0.0;3;2021-03-11;50;30;20;50;10;10;30;10;20;10;20;20;0
noc muzeów chojnice;20;0.0;3;2021-03-11;10;0;10;10;210;10;0;10;0;0;0;0;0
kurs funta chojnice;20;0.0;3;2021-03-11;10;50;50;10;10;10;10;20;10;10;10;20;0
przytulisko chojnice psy do adopcji;20;0.0;5;2021-03-11;10;40;30;30;70;40;10;10;10;10;10;0;0
restauracja romantica chojnice;20;0.0;3;2021-03-11;20;10;10;20;30;30;20;30;20;10;20;10;0
lidl chojnice gdańska;20;0.0;3;2021-03-11;20;10;20;20;20;20;40;30;20;30;20;20;0
serwis electrolux chojnice;20;0.0;3;2021-03-11;10;20;20;10;30;20;10;20;30;20;10;10;0
k&m chojnice;20;0.0;2;2021-03-11;20;20;20;20;20;10;20;10;20;10;10;20;0
techmat chojnice;20;0.0;2;2021-03-11;20;20;10;20;30;10;20;30;20;10;10;10;0
gabinet masażu chojnice;20;0.0;3;2021-03-11;30;40;30;10;20;30;10;10;10;10;10;20;0
polipol chojnice nip;20;0.0;3;2021-03-11;10;30;30;10;20;20;10;30;30;20;30;20;0
um chojnice przetargi;20;0.0;3;2021-03-11;20;30;10;30;20;10;10;10;20;10;20;20;0
sprzątanie chojnice;20;0.78;2;2021-03-11;20;40;30;20;30;40;40;10;30;20;10;10;0
szkoła dla dorosłych chojnice;20;0.88;4;2021-03-11;30;30;20;30;10;20;30;40;40;30;10;10;0
komis samochodowy chojnice bytowska;20;0.0;4;2021-03-11;20;10;20;30;20;10;20;10;10;20;20;20;0
kriolipoliza chojnice;20;0.0;2;2021-03-11;30;20;20;30;20;10;20;30;10;20;10;20;0
laboratorium chojnice cennik;20;0.0;3;2021-03-11;30;20;20;10;10;10;20;10;10;10;20;20;0
sala bankietowa gastom chojnice;20;0.0;4;2021-03-11;50;10;10;20;10;10;10;20;20;20;10;10;0
t mobile chojnice carrefour godziny otwarcia;20;0.0;6;2021-03-11;10;20;30;20;20;20;20;20;20;20;20;10;0
pokoje chojnice;20;0.45;2;2021-03-11;40;10;10;30;40;30;30;20;10;30;20;20;1;chojnice pokoje
play chojnice brama pomorza;20;0.0;4;2021-03-11;20;20;20;20;20;20;20;20;10;10;30;10;0
bagietka chojnice właściciel;20;0.0;3;2021-03-11;10;30;20;30;30;40;10;20;20;20;10;10;0
korepetycje chojnice;20;1.34;2;2021-03-11;30;50;10;10;20;10;10;30;30;20;20;20;0
apteka chojnice drzymały;20;0.0;3;2021-03-11;30;20;20;20;20;20;10;10;20;20;20;20;0
parafia chojnice bazylika;20;0.0;3;2021-03-11;30;20;30;20;20;20;20;50;30;20;20;30;0
sklep jeździecki chojnice;20;0.0;3;2021-03-11;10;20;20;10;30;10;20;20;20;10;10;30;0
karman auto chojnice;20;0.0;3;2021-04-20;10;10;20;20;20;10;20;30;20;10;10;20;0
big bar chojnice menu;20;0.0;4;2021-03-11;20;40;40;30;20;20;30;20;10;20;10;10;0
auto handel chojnice bytowska;20;0.0;4;2021-03-11;20;40;20;30;20;10;10;20;10;10;10;20;0
środowiskowy dom samopomocy chojnice;20;0.0;4;2021-03-11;20;10;10;10;20;10;10;10;20;20;30;20;0
tomasz paluch chojnice;20;0.0;3;2021-03-11;20;20;30;20;20;10;20;10;20;30;30;10;0
pup chojnice dofinansowanie;20;0.0;3;2021-03-11;20;40;30;20;10;10;10;20;30;20;20;10;0
technikum mundurowe chojnice kierunki;20;0.0;4;2021-03-11;20;30;10;20;10;20;20;20;10;10;20;10;0
mobilna kosmetyczka chojnice;20;0.0;3;2021-03-11;10;10;10;50;30;30;20;20;10;10;10;10;0
styropian chojnice;20;1.47;2;2021-03-11;10;10;10;40;30;20;20;20;10;20;10;10;0
kaszubowska dentysta chojnice;20;0.0;3;2021-03-11;20;30;10;10;10;10;20;10;10;10;20;30;0
enea chojnice adres;20;0.0;3;2021-03-11;30;20;20;20;10;10;20;10;20;20;10;10;0
myjnia bezdotykowa chojnice;20;0.0;3;2021-03-11;10;20;20;30;40;10;30;20;30;20;10;20;0
świat alkoholi chojnice;20;0.0;3;2021-04-20;10;20;30;20;30;30;20;30;10;20;10;40;0
strzelecka chojnice galeria;20;0.0;3;2025-03-18;10;20;0;0;0;0;0;50;50;20;30;30;0
bonna chojnice;20;0.0;2;2025-05-06;30;10;10;20;20;50;20;20;10;10;10;10;0
pks chojnice telefon;20;0.0;3;2021-03-11;40;50;20;50;50;50;30;30;50;10;20;30;0
auta na sprzedaż chojnice;20;0.24;4;2021-03-11;10;40;10;10;10;10;10;10;10;10;20;10;2;auta na sprzedaz chojnice
chojnice auta na sprzedaz
chojnice bydgoszcz odległość;20;0.0;3;2021-06-22;20;20;20;20;10;20;20;30;10;20;20;20;1;bydgoszcz chojnice odległość
gostomczyk chojnice;20;0.0;2;2021-03-11;30;20;20;10;30;20;10;20;30;30;30;10;0
złomowanie aut chojnice;20;2.87;3;2021-03-11;40;10;20;10;30;20;10;20;20;20;30;30;0
noclegi pod wieżą chojnice;20;2.64;4;2021-03-11;30;30;20;20;40;30;30;20;20;20;10;10;0
pako sklep zoologiczny chojnice;20;0.0;4;2025-04-29;40;30;10;20;10;20;10;40;40;10;10;20;0
daria ze śląska chojnice;20;0.33;4;2025-07-11;0;140;30;40;10;10;10;10;0;0;0;20;0
bank millennium chojnice kontakt;20;0.0;4;2025-03-28;20;20;30;20;20;20;20;20;30;10;20;30;0
pomerania chojnice opinie;20;0.0;3;2025-03-25;20;20;20;10;10;20;20;20;40;10;10;10;0
apartamenty pogodne chojnice;20;0.0;3;2025-04-16;30;30;10;20;10;20;10;20;30;40;30;20;0
kurs spawacza chojnice;20;0.0;3;2021-03-11;30;20;30;20;10;10;20;50;40;10;10;20;0
makijaż permanentny brwi chojnice;20;0.0;4;2021-03-11;10;20;30;20;10;10;20;30;30;20;20;10;0
kościół matki boskiej fatimskiej chojnice;20;0.0;5;2021-03-11;20;10;20;30;10;20;20;30;10;20;10;20;0
fit medica dietetyka chojnice opinie;20;0.0;5;2021-03-11;40;50;50;30;40;10;10;40;20;30;30;40;0
tłumacz przysięgły języka niemieckiego chojnice;20;0.0;5;2021-03-11;40;10;30;20;30;30;50;20;10;20;10;20;0
sklep zych chojnice;20;0.0;3;2021-03-11;10;10;10;20;10;20;10;20;10;10;10;10;0
profi credit chojnice;20;3.41;3;2021-03-11;10;10;20;10;30;30;10;10;10;10;10;10;0
mops chojnice zasiłek pielęgnacyjny;20;0.0;4;2021-03-11;50;30;40;50;20;10;20;10;20;30;10;20;0
sklep nocny chojnice;20;0.0;3;2021-03-11;10;30;20;30;20;30;40;30;20;10;10;20;0
oczyszczanie twarzy chojnice;20;0.0;3;2021-03-11;20;20;10;20;10;10;30;20;20;10;20;10;0
skup runa leśnego chojnice;20;0.0;4;2021-03-11;10;10;0;10;0;10;40;140;20;140;10;0;0
czarnoziem chojnice;20;0.0;2;2021-03-11;10;10;20;50;30;20;20;20;20;10;10;10;0
pkp kościerzyna chojnice;20;0.0;3;2021-06-22;20;10;20;20;10;40;40;30;20;10;20;10;1;pkp chojnice koscierzyna
kwatery pracownicze chojnice;20;0.87;3;2021-03-11;10;10;10;10;10;10;40;10;20;20;40;10;0
radca prawny chojnice cennik;20;1.04;4;2021-03-11;40;30;30;50;70;30;40;50;30;30;20;20;0
pogotowie weterynaryjne chojnice;20;0.0;3;2021-03-11;20;30;10;20;20;20;20;40;40;10;20;20;0
drukarnia chojnice lichnowska;20;0.0;3;2021-03-11;20;10;10;20;20;20;20;20;20;20;20;30;0
wywóz śmieci gmina chojnice;20;0.0;4;2021-06-22;40;20;20;20;20;10;20;20;20;20;20;30;1;gmina chojnice wywóz śmieci
gops chojnice kontakt;20;0.0;3;2021-03-11;10;10;10;10;10;10;10;10;10;10;40;20;0
apartamenty modrzewiowe tarasy chojnice;20;0.0;4;2025-04-16;30;20;30;0;0;0;70;50;50;20;20;20;0
ebalia chojnice;20;1.34;2;2025-05-19;20;20;10;20;10;10;20;30;50;10;10;10;0
u braci chojnice menu;20;0.0;4;2025-10-24;30;30;30;10;20;10;20;10;40;30;40;40;0
osada swory chojnice;20;0.49;3;2025-10-13;10;10;10;0;10;10;70;40;110;30;10;10;0
dni chojnic 2023;20;0.0;3;2025-05-14;10;10;10;10;20;140;20;10;0;10;10;10;0
ogloszenia matrymonialne chojnice;20;1.15;3;2025-03-04;30;30;20;20;20;20;10;20;20;20;20;40;0
motobudrex chojnice;20;0.0;2;2025-09-18;20;10;10;10;10;10;10;10;20;20;50;10;0
wywóz gabarytów chojnice 2025;20;0.0;4;2025-09-17;0;0;110;30;20;10;20;50;0;0;0;0;0
wywóz odpadów wielkogabarytowych chojnice 2024;20;0.0;5;2025-09-17;10;10;30;10;10;10;10;10;140;30;20;20;0
tikkurila chojnice;20;0.78;2;2025-07-03;20;10;10;30;20;40;30;40;30;20;20;20;0
therapeutica chojnice neurolog;20;0.0;3;2026-02-09;20;20;20;10;10;20;20;20;20;40;30;20;0
bytowska 5 chojnice;20;0.0;3;2025-05-30;40;30;30;20;0;0;0;30;20;30;30;20;0
dama rolety chojnice;20;1.83;3;2021-03-11;10;20;20;30;20;20;20;10;10;10;20;10;0
hotel piast chojnice;20;0.0;3;2021-06-22;90;40;50;40;30;20;50;50;40;20;40;50;3;chojnice hotel piast
hotel piast w chojnicach
hotel chojnice piast
menu smakosz chojnice;20;0.0;3;2025-10-24;10;20;30;10;20;10;10;30;40;20;20;20;0
restauracja słoneczna chojnice zdjęcia;20;0.0;4;2025-10-24;40;70;20;10;10;10;10;10;20;0;0;0;0
dpd paczkomat chojnice;20;0.0;3;2025-11-14;10;20;20;20;20;20;20;10;30;40;30;40;0
auto komis chojnice człuchowska 60;20;0.0;5;2025-10-13;10;10;10;40;30;20;20;10;10;10;10;20;0
autohandel laguna chojnice;20;0.0;3;2025-10-13;40;20;20;10;10;10;10;10;40;30;20;20;0
sushi burger chojnice;20;0.77;3;2025-11-18;0;0;30;10;30;20;40;30;20;30;0;0;0
zabawki chojnice;20;0.77;2;2026-02-19;10;10;10;50;10;10;10;10;20;10;10;30;0
mawiko chojnice opinie;20;0.0;3;2021-03-11;30;30;30;30;40;40;20;10;10;10;10;10;0
agencja reklamowa chojnice;20;4.02;3;2021-03-11;20;20;10;20;10;10;10;20;20;10;20;30;1;agencje reklamowe chojnice
pizzeria wenecka chojnice menu;20;0.0;4;2021-03-11;30;20;20;30;30;20;20;10;30;40;10;20;0
portale chojnice;20;0.0;2;2022-10-13;40;20;20;10;10;20;30;30;40;20;30;10;0
notariusz chojnice cennik;20;0.0;3;2021-03-11;20;10;20;20;30;20;20;10;20;20;20;20;0
markety chojnice;20;0.0;2;2021-03-11;30;10;20;30;10;10;10;20;20;10;20;30;0
baśniowa kraina chojnice;20;0.0;3;2021-03-11;10;20;10;20;30;20;20;20;20;40;10;10;0
kino chojnice seanse;20;0.0;3;2021-03-11;10;10;10;70;30;20;20;10;20;20;10;10;0
kaparis chojnice;20;0.0;2;2021-03-11;30;20;40;20;20;20;30;10;10;20;20;20;0
praca w ochronie chojnice;20;0.12;4;2021-06-22;20;10;10;20;10;20;70;50;20;20;10;20;1;praca ochrona chojnice
gus chojnice;20;0.0;2;2021-03-11;20;10;10;20;30;20;20;10;20;20;30;10;0
dyżury aptek chojnice;20;0.0;3;2021-06-22;30;40;20;20;10;20;20;30;20;10;10;20;2;chojnice dyżury aptek
apteki chojnice dyżury
daro meble chojnice;20;0.0;3;2021-03-11;30;20;20;30;40;20;20;20;10;10;10;20;0
muzeum historyczno etnograficzne w chojnicach;20;0.0;5;2021-06-22;20;20;10;10;10;20;20;10;10;10;20;20;1;muzeum historyczno etnograficzne chojnice
firma ginter chojnice;20;0.0;3;2021-03-11;10;10;10;20;20;30;20;10;20;10;40;30;0
naprawa motocykli chojnice;20;0.0;3;2021-03-11;30;20;30;30;20;10;20;10;20;10;20;20;0
ssw chojnice;20;0.0;2;2021-03-11;30;30;20;20;20;20;10;20;10;20;30;10;0
radio weekend chojnice aktualności;20;0.0;4;2021-03-11;20;10;20;20;20;10;20;10;20;20;20;20;0
chojnice ustka;20;0.0;2;2021-03-11;20;50;50;50;10;10;10;10;20;10;20;10;0
złotów chojnice;20;0.0;2;2021-03-11;20;10;10;10;10;10;20;20;10;20;30;20;0
nauka tańca chojnice;20;0.0;3;2021-03-11;20;10;20;10;30;30;30;20;30;30;10;20;0
konstrukcje stalowe chojnice;20;7.52;3;2021-03-11;40;10;10;10;10;20;20;10;10;20;20;10;0
chojnice com ogłoszenia;20;0.0;3;2021-03-11;30;20;10;20;10;10;20;10;20;10;20;10;0
rolbud chojnice;20;0.0;2;2021-03-11;30;20;10;20;20;10;10;10;10;10;20;10;0
kanapy chojnice;20;0.0;2;2021-03-11;10;10;10;20;10;30;30;20;10;10;30;10;0
bar mleczny smakosz chojnice menu;20;0.0;5;2021-03-11;10;10;10;20;10;20;10;10;10;20;30;20;0
opony używane chojnice;20;0.0;3;2021-03-11;20;10;20;10;10;10;20;20;10;20;30;20;0
alpex chojnice;20;0.0;2;2021-03-11;20;20;20;10;10;30;20;10;20;30;30;20;0
żarol chojnice;20;0.0;2;2021-03-11;20;20;30;20;20;10;10;10;10;10;20;20;0
zakład fryzjerski chojnice;20;0.0;3;2021-03-11;10;10;20;30;20;20;20;30;20;20;30;30;1;zakłady fryzjerskie chojnice
stolarnia chojnice;20;0.0;2;2021-03-11;20;10;20;20;20;10;10;20;10;20;30;20;0
okulista chojnice towarowa;20;0.0;3;2021-03-11;20;20;30;10;10;20;10;10;10;10;20;20;0
wajlonis chojnice;20;0.0;2;2021-03-11;20;20;10;20;10;30;10;20;30;30;30;30;0
kominki chojnice ul gdańska;20;0.0;4;2021-03-11;10;10;10;20;30;30;30;20;40;20;10;10;0
mzk chojnice linia nr 7;20;0.0;5;2021-03-11;20;10;20;20;20;10;20;20;50;20;30;20;0
usługi transportowe chojnice;20;0.6;3;2021-03-11;20;30;10;20;20;20;10;20;20;20;50;30;0
sprzedam samochód chojnice;20;0.0;3;2021-03-11;10;10;40;10;20;10;10;20;20;40;10;10;1;chojnice sprzedam samochod
alicja jubiler chojnice;20;0.0;3;2025-08-27;20;10;20;10;10;10;10;20;10;10;20;40;0
cmentarz ofiar zbrodni hitlerowskich w chojnicach;20;0.0;6;2025-08-30;10;10;10;0;0;10;10;50;110;10;10;10;0
chojnice ubezpieczenia;20;4.32;2;2025-08-30;10;10;40;70;30;10;10;20;10;10;10;20;0
szpital chojnice otolaryngologia;20;0.0;3;2026-02-02;30;30;20;10;20;20;20;20;10;10;10;10;0
lodowisko boisko chojnice zdjęcia;20;0.0;4;2026-01-14;50;30;10;10;0;0;10;0;0;0;10;90;0
pogoń szczecin chojniczanka chojnice mecze;20;0.0;5;2025-10-21;0;0;0;0;0;50;110;20;10;0;0;0;0
projektowanie wnętrz chojnice;20;1.92;3;2021-03-11;20;20;10;10;0;10;10;10;10;10;10;10;0
pcpr chojnice turnusy rehabilitacyjne;20;0.0;4;2025-12-17;50;30;20;20;10;10;10;20;10;10;10;20;0
sushi bar chojnice;20;2.11;3;2025-11-18;20;20;10;10;20;10;20;20;20;20;10;20;0
szyby chojnice;20;0.0;2;2021-03-11;30;20;20;20;20;20;30;20;10;20;10;20;0
przedszkola w chojnicach;20;0.0;3;2026-03-02;50;10;20;10;10;30;10;20;10;30;40;50;0
zs 2 chojnice;20;0.0;3;2026-05-07;30;30;40;10;30;30;10;10;10;10;10;20;0
inpost chojnice kontakt;20;0.0;3;2021-03-11;20;20;10;10;10;20;30;10;10;10;30;30;0
bractwo kurkowe chojnice;20;0.0;3;2021-03-10;10;40;20;10;30;20;50;10;20;10;20;10;0
ginter chojnice praca;20;0.0;3;2021-03-10;20;20;10;20;20;10;20;20;30;30;20;30;0
fabryka mebli chojnice;20;0.0;3;2021-03-10;20;20;10;10;10;20;30;10;30;10;20;10;0
samodzielna publiczna przychodnia wiejska gminy chojnice;20;0.0;6;2021-03-11;20;20;30;20;20;20;30;10;10;20;20;20;0
takko chojnice godziny otwarcia;20;0.0;4;2021-03-11;40;30;20;20;10;10;10;10;10;10;10;10;0
sklep turystyczny chojnice;20;0.0;3;2021-03-10;30;10;40;20;10;10;10;10;10;10;10;10;0
carrera chojnice;20;0.0;2;2021-03-10;40;40;20;20;20;20;10;10;10;20;30;10;0
gazy techniczne chojnice;20;0.0;3;2021-03-10;20;20;30;20;20;20;20;20;20;30;30;30;0
darmowe porady prawne chojnice;20;0.0;4;2021-03-11;40;40;30;20;30;30;10;10;20;20;10;20;0
zzo chojnice;20;0.0;2;2021-03-11;10;20;10;10;10;10;10;30;10;20;20;20;0
sklep smyk chojnice;20;0.0;3;2021-03-11;20;10;10;10;10;10;20;40;20;10;10;20;1;smyk sklep chojnice
przedłużanie rzęs chojnice;20;0.0;3;2021-03-11;20;20;30;30;10;20;10;10;10;10;20;20;1;przedluzanie rzes chojnice
wypożyczalnia lawet chojnice;20;1.82;3;2021-03-11;10;30;20;30;20;10;10;20;10;20;20;20;0
przedszkole skrzaty chojnice;20;0.0;3;2021-03-11;30;10;10;20;30;10;10;10;10;20;20;10;1;przedszkole skrzaty w chojnicach
meblar chojnice;20;0.0;2;2021-03-11;20;20;10;20;20;20;10;10;10;20;20;10;0
kafelki chojnice;20;0.71;2;2021-03-11;30;20;20;20;20;10;10;10;20;20;40;20;0
kupno mieszkania chojnice;20;0.17;3;2021-06-22;10;10;10;10;20;20;40;30;20;20;30;30;1;mieszkania chojnice kupno
salon tatuażu chojnice;20;0.0;3;2021-03-11;20;10;20;30;10;10;10;20;10;0;10;30;0
korty tenisowe chojnice;20;0.0;3;2021-03-11;30;30;50;40;20;10;10;10;10;10;10;20;0
usa cars chojnice;20;0.59;3;2021-03-11;10;10;10;20;10;10;10;20;20;40;30;50;0
spawanie plastiku chojnice;20;0.0;3;2021-04-21;50;20;30;30;10;20;10;20;10;30;20;10;0
portal chojnice;20;0.0;2;2021-03-10;40;20;20;10;10;20;30;30;40;20;30;10;0
salon plus chojnice;20;0.0;3;2021-03-10;30;30;30;10;30;10;20;10;10;10;30;20;0
mecz chojniczanka chojnice dzisiaj na żywo;20;0.0;6;2025-10-21;0;10;20;10;30;30;10;50;20;50;20;0;0
odzież robocza chojnice;20;0.0;3;2021-03-11;30;40;30;20;20;30;10;10;20;30;30;20;0
opiekun medyczny chojnice;20;1.01;3;2021-03-11;30;30;10;20;10;20;30;20;10;30;20;10;0
gabinet kosmetyczny chojnice;20;0.0;3;2021-03-10;20;20;20;20;10;20;10;30;20;10;50;20;1;gabinety kosmetyczne chojnice
wirnik chojnice serwis;20;0.0;3;2021-03-10;30;30;30;20;10;20;20;10;30;20;30;50;0
okna używane chojnice;20;0.0;3;2021-03-10;30;30;40;40;20;10;10;10;10;20;20;10;0
nasz nowy dom chojnice;20;0.0;4;2026-05-22;20;10;10;10;20;20;30;20;20;10;40;30;0
carry chojnice;20;0.0;2;2021-03-10;10;10;50;30;10;10;10;10;10;10;20;10;0
praca spawacz chojnice;20;0.0;3;2021-03-10;10;10;10;10;20;20;20;20;20;20;20;20;0
meble chojnice ul wysoka;20;0.0;4;2021-03-10;20;30;20;30;40;20;20;20;30;20;20;20;0
reklama chojnice;20;0.0;2;2021-03-10;10;10;30;10;10;10;20;20;30;20;10;30;0
brama pomorza chojnice godziny otwarcia;20;0.0;5;2021-03-10;30;30;20;30;10;20;10;40;30;10;20;20;0
szpital chojnice rezonans;20;0.0;3;2021-03-11;30;30;50;20;20;30;10;20;10;10;20;20;1;chojnice szpital rezonans
tomex chojnice;20;0.0;2;2021-03-11;20;20;20;20;30;10;10;10;20;30;20;20;0
naprawa laptopów chojnice;20;0.0;3;2021-03-11;20;10;10;20;20;30;30;50;20;50;10;10;0
hurtownia kosmetyczna chojnice;20;0.0;3;2021-03-11;30;10;30;40;20;10;10;20;10;10;10;10;0
pasibrzuch chojnice menu;20;0.0;3;2021-03-11;20;20;20;20;20;10;20;20;20;20;10;20;0
itd chojnice;20;0.0;2;2021-03-11;20;10;20;20;20;10;10;20;10;20;30;20;0
galiński chojnice;20;0.0;2;2021-03-11;20;30;40;20;30;20;10;20;30;20;20;20;0
weterynarz chojnice dworcowa;20;0.0;3;2021-03-11;20;10;20;30;20;10;30;10;20;20;20;10;0
gmina chojnice śmieci;20;0.0;3;2021-03-11;10;10;10;20;10;10;20;90;40;30;20;10;0
wynajem wózków widłowych chojnice;20;0.0;4;2023-12-29;10;10;10;0;10;30;10;30;40;50;50;40;0
agencja pracy chojnice;20;1.51;3;2021-03-10;10;10;10;20;10;10;10;20;10;20;20;50;0
pkp szczecinek chojnice;20;0.0;3;2021-03-11;20;30;10;20;20;20;10;20;10;10;10;10;0
skup grzybów chojnice;20;0.0;3;2021-03-11;10;50;50;70;50;10;10;10;10;0;10;0;0
allianz chojnice;20;0.0;2;2021-03-10;10;20;20;10;30;10;20;10;30;10;20;10;0
lok chojnice;20;0.0;2;2021-03-10;20;20;20;20;20;20;30;30;20;10;30;10;0
ekogroszek chojnice cena;20;0.0;3;2026-06-25;20;30;30;10;50;30;20;10;30;30;10;20;0
skład opału chojnice towarowa;20;0.0;4;2026-06-25;20;40;20;10;10;20;10;10;30;20;20;30;0
sklep obi chojnice;20;1.26;3;2021-03-11;30;30;10;10;10;20;20;10;20;20;20;20;1;obi chojnice sklep
enea chojnice wnioski;20;0.0;3;2021-03-11;30;30;30;30;20;10;10;10;20;20;10;20;0
urząd statystyczny chojnice;20;0.0;3;2021-03-11;10;30;10;10;10;10;20;20;30;20;10;10;0
schronisko dla psów chojnice;20;0.0;4;2021-03-11;10;30;10;20;10;10;30;20;30;10;30;20;3;schronisko chojnice psy
chojnice schronisko dla psów
schronisko dla psow chojnice
krojanty chojnice;20;0.0;2;2021-06-22;10;20;30;40;40;10;20;20;20;10;20;10;2;krojanty koło chojnic
krojanty k chojnic
zsp 3 chojnice;20;0.0;3;2021-03-11;20;10;10;10;20;20;40;20;40;30;20;20;0
centrum chińskie chojnice;20;0.0;3;2021-03-11;30;30;20;10;10;20;20;10;20;20;10;10;0
stocznia chojnice;20;0.0;2;2021-03-11;20;20;30;10;20;20;10;10;20;10;10;20;0
szkoła wojskowa chojnice;20;0.0;3;2021-03-11;20;20;20;10;20;20;10;20;30;10;30;10;0
komis telefonów chojnice;20;0.0;3;2021-03-11;30;20;20;10;20;20;20;30;20;30;20;10;0
kolektory słoneczne chojnice;20;0.0;3;2021-03-11;10;0;10;0;0;0;10;30;50;70;20;10;0
powiat chojnice mapa;20;0.0;3;2021-06-22;30;20;20;20;20;20;10;10;20;10;10;10;1;mapa powiatu chojnice
mzk chojnice 8;20;0.0;3;2021-03-11;10;20;20;10;10;20;20;10;40;20;20;10;0
informacja pkp chojnice;20;0.0;3;2021-06-22;20;30;10;20;10;10;10;30;20;10;10;20;2;pkp chojnice informacja
pkp informacja chojnice
pogoda na weekend chojnice;20;0.0;4;2021-03-11;50;50;30;30;10;10;10;10;10;10;20;30;0
zdun chojnice;20;0.0;2;2021-03-11;10;10;10;30;30;20;10;20;30;20;10;10;0
abra chojnice godziny otwarcia;20;0.0;4;2021-03-11;30;30;20;10;20;20;30;20;10;10;20;10;0
stacja meteorologiczna chojnice;20;0.0;3;2021-03-11;10;20;10;10;10;20;10;40;20;10;20;10;0
baptyści chojnice;20;0.0;2;2021-03-11;20;10;20;10;10;20;10;20;10;10;30;10;0
wydział ksiąg wieczystych chojnice;20;0.99;4;2021-03-11;20;30;30;20;20;10;20;20;10;20;10;20;0
akcesoria meblowe chojnice;20;0.0;3;2021-03-11;20;20;20;40;20;10;30;30;30;20;10;20;0
paribas chojnice;20;0.0;2;2021-03-11;30;10;30;20;20;10;30;10;10;20;20;10;0
osiedle słoneczne chojnice;20;0.0;3;2021-03-11;10;20;20;10;20;20;10;20;20;30;20;10;0
kowalski chojnice;20;0.0;2;2021-03-11;20;20;20;20;20;20;10;20;30;10;20;10;0
ciepłownia chojnice;20;0.0;2;2021-03-11;10;20;10;20;10;20;10;10;20;10;10;10;0
producent łodzi chojnice;20;5.9;3;2021-03-11;30;40;40;30;20;10;20;10;20;20;10;10;1;łodzie chojnice producent
pks chojnice stacja paliw;20;0.0;4;2021-03-11;10;20;20;10;10;10;10;10;20;70;20;10;0
wentylacja chojnice;20;4.05;2;2021-03-11;10;20;30;30;40;50;20;30;20;10;10;10;0
pko chojnice kontakt;20;0.0;3;2021-03-11;20;20;30;10;20;40;20;20;20;30;20;20;0
plandeki chojnice;20;0.0;2;2021-03-11;30;30;30;30;40;20;10;20;10;20;20;20;0
chojnice aktualności;20;0.0;2;2021-03-11;30;30;20;30;20;20;20;20;30;30;20;20;1;aktualności chojnice
tomsad chojnice;20;0.0;2;2021-03-11;20;40;20;20;20;10;20;20;20;20;20;20;0
zremb chojnice sa;20;0.0;3;2021-03-11;10;10;10;30;20;10;10;20;20;20;10;10;0
seko sa chojnice;20;0.0;3;2021-03-11;20;10;10;10;10;20;20;10;10;30;30;20;0
polipol chojnice praca;20;0.0;3;2021-03-11;10;10;10;10;30;20;20;30;30;30;10;20;0
salon fryzjerski iwona chojnice;20;0.0;4;2021-03-11;10;20;20;10;10;10;20;20;20;20;10;20;0
www bazylika mniejsza chojnice pl;20;0.0;5;2021-03-10;30;20;20;30;10;10;30;10;10;10;10;0;0
chojnice parking strzeżony;20;0.0;3;2026-08-03;10;10;10;10;20;30;50;50;50;40;10;10;0
caritas chojnice;20;0.0;2;2021-03-10;10;30;20;30;70;20;20;30;20;20;10;10;0
mieszkania urbaniak chojnice;20;0.13;3;2021-06-22;20;30;20;20;10;20;20;30;30;10;20;10;2;mieszkania chojnice urbaniak
urbaniak chojnice mieszkania
chojnice wypożyczalnia sprzętu budowlanego;20;1.15;4;2022-07-10;10;10;10;20;30;20;50;10;20;10;10;10;0
apteka chojnice czynna dzisiaj;20;0.0;4;2026-08-14;0;0;0;0;0;20;10;10;30;70;20;40;0
pralnia chemiczna chojnice kilińskiego;20;0.0;4;2026-08-20;10;30;20;30;30;20;10;20;30;30;30;20;0
catering świąteczny chojnice;20;0.0;3;2021-04-15;10;10;10;10;70;110;10;0;10;10;10;10;0
jazda konna chojnice;20;0.0;3;2021-03-10;40;20;10;30;10;20;20;10;30;30;20;30;0
chojnice ul 31 stycznia;20;0.0;4;2021-03-11;20;40;20;30;20;20;20;30;20;20;30;20;0
piasek do piaskownicy chojnice;10;0.0;3;2021-06-26;10;10;10;10;10;0
szkoły zawodowe chojnice;10;0.0;3;2021-07-20;10;10;10;10;10;10;10;10;10;10;10;10;0
powiatowy urząd pracy chojnice oferty pracy;10;0.0;6;2021-07-12;10;10;10;10;10;10;10;10;10;10;10;10;0
dam pracę chojnice;10;4.79;3;2021-07-12;30;20;10;20;10;10;10;20;10;10;20;10;0
kłodawa gmina chojnice;10;0.0;3;2021-07-20;10;10;10;10;20;10;10;10;10;10;10;0
neurochirurg prywatnie chojnice;10;0.0;3;2021-07-06;0;0;40;50;40;0;0;0;0;0;0;0;0
praca cad chojnice;10;0.0;3;2021-07-05;10;10;20;20;10;10;10;10;0;0;0;10;0
praca chojnice dla młodzieży;10;0.16;4;2021-07-05;10;10;10;10;10;0;10;0;10;10;10;10;0
relax chojnice praca;10;0.0;3;2021-07-05;10;30;20;10;10;0;10;20;30;10;10;10;0
praca dla niepełnosprawnych chojnice;10;0.14;3;2021-07-05;40;10;10;20;20;40;10;10;10;10;10;10;0
praca w biurze chojnice;10;0.03;3;2021-07-05;10;10;10;50;20;20;20;10;10;10;10;0
chojnice praca nauczyciel;10;0.0;3;2021-07-05;10;10;10;10;10;0;0;20;10;10;10;10;0
skutery pawłowo koło chojnic;10;0.0;3;2021-07-07;10;10;10;10;10;10;10;10;0
praca na czarno chojnice;10;0.5;3;2021-07-05;10;10;10;10;0;10;10;10;10;30;30;20;0
sympatia pl chojnice;10;0.0;2;2021-07-05;10;10;10;10;10;10;10;10;10;10;0;10;0
meble uzywane chojnice;10;0.0;3;2021-07-07;10;10;20;10;50;10;10;20;10;10;10;10;0
hotel koło chojnic;10;0.0;3;2021-07-07;10;10;10;10;10;0;0;10;10;10;10;0;0
basen chojnice telefon;10;0.0;3;2021-07-08;10;10;10;10;10;10;10;10;10;10;10;10;0
rzeczoznawca budowlany chojnice;10;34.17;3;2021-07-08;10;10;10;10;10;10;10;20;50;10;10;20;0
wypożyczalnia garniturów chojnice;10;0.0;3;2021-07-07;10;10;10;10;10;10;10;10;10;10;10;0;0
tanie garaże blaszane chojnice;10;0.0;4;2021-07-07;0;0;10;10;10;0;10;0;10;10;10;0;0
pms chojnice kontakt;10;0.0;3;2021-06-11;10;10;10;0;10;10;10;20;20;20;10;10;0
domki do wynajęcia chojnice i okolice;10;0.33;6;2021-06-11;10;10;10;30;30;0;0;20;10;10;10;10;0
restauracja chińska chojnice ul człuchowska;10;0.0;5;2021-06-11;10;10;10;10;10;10;10;10;10;10;10;10;0
restauracja aha chojnice menu;10;0.0;4;2021-06-11;10;10;10;10;0
rtv euro agd chojnice godz otwarcia;10;0.0;5;2021-06-23;10;10;10;10;10;10;20;10;10;20;30;10;0
sklep rtv agd chojnice;10;0.0;4;2021-06-23;20;10;10;10;10;10;10;10;10;10;10;10;0
agd euro rtv chojnice;10;0.0;4;2021-06-23;10;10;10;10;10;20;10;10;20;10;20;10;0
chojnice rtv agd;10;0.0;3;2021-06-23;10;10;10;10;0;0;0;20;10;10;10;10;0
pleksi chojnice;10;0.0;2;2021-06-23;10;10;10;10;10;10;10;10;10;20;10;10;0
rtv agd chojnice strzelecka;10;0.0;4;2021-06-23;10;10;10;10;10;10;10;10;10;10;10;10;0
sklep 50 style chojnice;10;0.0;4;2021-06-24;10;10;10;10;10;0;30;10;10;10;10;10;0
zbiornik retencyjny chojnice;10;0.0;3;2021-07-02;10;10;0;10;10;20;10;10;10;10;10;10;0
ironbud wypożyczalnia sprzętu budowlanego i ogrodniczego chojnice;10;0.0;6;2021-06-24;10;0
wazonik chojnice;10;0.0;2;2021-06-23;10;10;10;10;10;10;10;10;10;10;10;10;0
kasa fiskalna chojnice;10;3.03;3;2021-06-23;10;20;20;10;10;10;10;0;10;20;10;10;0
gks katowice chojnice;10;0.0;3;2021-06-24;0;0;0;10;20;0;0;0;0;0;0;70;0
zremb chojnice nip;10;0.0;3;2021-06-23;20;10;10;10;10;10;10;10;10;20;10;20;0
stacja meteo chojnice;10;0.0;3;2021-06-23;10;10;10;10;10;20;10;10;10;10;10;10;0
decor style chojnice;10;0.0;3;2021-06-28;10;20;20;10;10;10;10;10;20;20;30;20;0
dom chojnice otodom;10;0.0;3;2021-07-20;10;10;10;10;10;10;10;10;0;10;0;10;0
badania psychologiczne chojnice;10;0.0;3;2021-07-20;10;10;10;10;10;10;10;10;10;10;10;10;0
wydział komunikacji chojnice wymiana dowodu rejestracyjnego;10;0.0;6;2021-05-26;10;10;10;0
zakład pracy chronionej chojnice;10;0.0;4;2021-05-26;20;10;10;20;10;10;10;10;10;10;10;10;0
ceny paliw bp chojnice;10;0.0;4;2021-05-26;10;10;10;10;10;10;10;10;0;10;10;10;0
hestia chojnice;10;0.0;2;2021-05-26;10;10;10;10;10;10;10;10;10;10;10;10;0
karta dużej rodziny 2019 chojnice;10;0.0;5;2021-07-22;0;0;10;0;0;0;10;10;10;10;10;10;0
salon iwona chojnice;10;0.0;3;2021-07-21;10;0;10;10;10;10;10;10;10;10;10;10;0
opieka paliatywna chojnice;10;0.0;3;2021-07-21;10;10;10;10;20;10;10;10;10;10;10;10;0
płot lamelowy chojnice;10;0.0;3;2021-07-21;10;10;10;10;10;10;10;10;10;10;10;0;0
honda jazz chojnice;10;0.0;3;2021-07-20;10;10;10;10;10;10;10;10;10;0;10;10;0
sklep wędkarski chojnice 31 stycznia;10;0.0;5;2021-06-14;10;10;10;10;10;10;20;10;10;20;10;10;0
chojnice noclegi pod wieżą;10;0.0;4;2021-06-15;10;10;10;10;10;10;10;10;10;10;10;10;0
chojnice noclegi pracownicze;10;0.0;3;2021-06-15;10;10;10;10;10;10;20;10;10;10;10;0
noclegi chojnice olx;10;0.0;3;2021-06-15;10;10;10;10;10;20;10;10;10;10;10;10;0
noclegi chojnice booking;10;0.0;3;2021-06-15;10;10;10;10;10;10;10;0
księgarnia świat książki chojnice;10;0.0;4;2021-06-14;10;10;10;10;10;10;10;10;20;10;10;10;0
sklep euro agd chojnice;10;2.16;4;2021-06-08;20;10;20;10;0;0;0;0;0;0;0;0;0
nadruki na koszulkach chojnice;10;1.6;3;2021-06-09;10;10;20;10;10;10;10;10;10;10;10;30;0
godziny otwarcia biedronka chojnice;10;0.0;4;2021-06-08;10;10;10;10;40;10;10;10;10;10;20;20;0
gastroskopia chojnice prywatnie cena;10;0.0;4;2021-06-02;10;0;10;10;10;10;10;30;10;10;10;10;0
awaria prądu chojnice;10;0.0;3;2021-06-07;10;10;10;10;10;10;30;20;10;10;10;20;0
urząd miasta chojnice podatek od nieruchomości;10;0.0;5;2021-06-02;20;40;10;10;10;10;10;10;10;10;20;10;0
sobol chojnice;10;0.0;2;2021-06-12;10;10;10;30;20;10;10;10;10;20;10;10;0
sklep ccc chojnice godziny otwarcia;10;0.0;5;2021-06-12;10;10;0;10;10;10;10;10;10;10;10;10;0
chojnice restauracja polka;10;0.0;3;2021-06-12;10;10;0;10;10;10;10;10;20;10;10;10;0
chojnice restauracja gruzińska;10;0.0;3;2021-06-12;20;20;10;10;20;10;10;10;10;20;10;10;0
restauracja polka chojnice catering;10;0.0;4;2021-06-12;10;10;10;10;10;10;20;10;0
anell salon mody ślubnej chojnice;10;0.0;5;2021-06-12;0;0;10;0;0;0;10;10;10;10;10;10;0
szpital chojnice administracja;10;0.0;3;2021-05-25;10;10;10;10;10;10;10;10;10;10;10;0
alergolog chojnice szpital;10;0.0;3;2021-05-25;10;10;10;10;10;10;10;10;10;10;20;10;0
szpital chojnice dyrektor;10;0.0;3;2021-05-25;10;10;10;10;10;10;10;10;10;10;10;10;0
szpital chojnice ortopeda;10;0.0;3;2021-05-25;10;10;10;10;10;10;10;10;10;10;10;10;0
ubezpieczenia człuchowska chojnice;10;0.0;3;2021-05-26;10;10;20;10;10;20;10;10;20;10;10;10;0
ilona kuliszewska ubezpieczenia chojnice;10;0.0;4;2021-05-26;0;0;0;0;10;10;10;10;0;10;10;10;0
ubezpieczenia chojnice czluchowska;10;0.0;3;2021-05-26;10;10;10;10;10;10;10;10;10;10;10;0
urząd skarbowy chojnice wnioski;10;0.0;4;2021-05-25;0;0;10;10;10;0;0;10;10;10;10;10;0
hale namiotowe chojnice;10;0.0;3;2021-05-25;10;0;10;10;0;0;10;0;10;10;10;0;0
pup chojnice staż;10;0.0;3;2021-07-23;20;10;20;10;10;10;10;10;10;10;10;10;0
word chojnice praca;10;0.0;3;2021-09-02;10;10;0
media markt chojnice godziny otwarcia;10;0.0;5;2021-09-02;10;10;10;10;10;20;10;10;10;10;10;10;0
olx telefony chojnice;10;0.0;3;2021-07-24;10;10;10;10;10;10;10;10;10;20;10;30;0
kaufland chojnice telefon;10;0.0;3;2021-07-24;10;10;10;10;10;10;10;10;10;10;0
koncert kolęd chojnice;10;0.0;3;2021-07-24;10;0;0;0;0;0;0;0;0;0;0;10;0
licytacje chojnice;10;0.0;2;2021-07-26;10;10;10;10;10;10;10;10;10;10;10;0;0
rozkład jazdy pks chojnice poznan;10;0.0;5;2021-07-01;10;10;10;10;10;10;10;0
busy chojnice niemcy;10;1.45;3;2021-07-01;10;10;10;10;30;20;10;10;10;10;10;10;0
bus sępólno chojnice;10;0.0;3;2021-07-01;10;10;10;10;10;10;10;10;0;0;0;10;0
autobus chojnice warszawa;10;0.0;3;2021-07-01;10;10;10;10;10;10;10;20;10;10;10;10;0
autobus do chojnic;10;0.0;3;2021-07-01;10;10;10;10;10;0;0;10;10;10;10;10;0
autobus chojnice gdańsk;10;0.0;3;2021-07-01;10;10;10;20;10;10;10;20;10;10;10;10;0
autobus chojnice zakopane;10;0.0;3;2021-07-01;10;10;10;10;20;10;10;10;10;10;10;0;0
pks chojnice kamien krajenski;10;0.0;4;2021-07-01;10;10;10;10;10;10;10;10;10;10;10;10;0
zielke bus chojnice;10;0.0;3;2021-07-01;0;10;0;0;0;0;10;0;0;0;0;0;0
obi ogród chojnice;10;0.0;3;2021-07-24;10;0;10;20;10;10;10;10;10;10;0;10;0
numer taxi chojnice;10;0.0;3;2022-02-08;10;10;10;10;10;10;10;10;10;10;10;10;0
urząd celny w chojnicach;10;0.0;3;2022-02-08;10;10;10;10;10;10;10;10;10;10;10;10;0
katolicki cmentarz komunalny chojnice;10;0.0;4;2022-02-08;10;0;10;0;10;10;10;10;0;0;10;0;0
grille ogrodowe chojnice;10;0.0;3;2022-02-08;10;10;10;10;0;0;0;0;0;0;0;0;0
szkolenia kosmetyczne chojnice;10;0.0;3;2022-02-08;10;10;10;10;10;10;10;10;10;0
chwilówka chojnice;10;6.94;2;2021-09-02;10;10;10;10;10;20;20;10;10;10;10;10;0
rowery chojnice olx;10;0.0;3;2021-09-02;10;10;10;50;20;10;20;20;10;10;10;10;0
leczenie hemoroidów chojnice;10;0.0;3;2021-09-02;10;10;10;10;10;10;10;10;10;0
komornik chojnice strzelecka;10;0.0;3;2021-09-24;0;10;10;10;0;0;10;0;0;0;10;0;0
kalendarz imprez chojnice 2019;10;0.0;4;2021-09-23;10;0;0;0;0;0;10;0;0;0;0;0;0
sklepy wędkarskie chojnice;10;0.0;3;2022-02-08;10;10;10;10;20;10;20;20;10;10;10;10;0
organizacja urodzin dziecka chojnice;10;0.0;4;2022-02-08;0;0;0;0;0;0;0;0;10;0;0;0;0
zbieranie truskawek chojnice;10;0.0;3;2022-02-08;10;10;10;10;0;30;10;10;0;0;0;0;0
chojnice drutex bytovia;10;0.0;3;2022-02-08;0;0;0;0;0;0;10;0;0;0;0;0;0
therapeutica chojnice stomatolog;10;0.0;3;2022-02-08;10;10;10;10;10;20;20;20;10;20;20;10;0
biuro nieruchomości chojnice zagozda;10;0.0;4;2022-02-08;10;0
rozkład jazdy pkp gdańsk główny chojnice;10;0.0;6;2022-02-08;10;10;10;10;10;10;10;10;30;10;10;10;0
urząd skarbowy chojnice numer konta;10;0.0;5;2022-02-08;10;10;10;10;10;10;10;10;10;10;10;10;0
taxi chojnice 7 osobowe;10;0.0;3;2022-02-08;10;10;10;10;10;10;0
trasa gdańsk chojnice;10;0.0;3;2022-08-01;10;10;20;10;20;20;10;10;10;10;20;10;0
bank paribas chojnice;10;0.0;3;2022-08-01;20;10;10;10;10;10;10;10;10;10;10;10;0
pasmanteria pasja chojnice;10;0.0;3;2022-03-21;20;10;10;10;10;10;10;10;10;10;10;10;0
gastroskopia prywatnie chojnice;10;0.0;3;2022-03-21;50;0;0;0;0;0;0;0;0;0;0;0;0
basen chojnice nauka pływania;10;0.0;4;2022-02-08;20;10;10;10;10;20;10;10;20;20;10;10;0
pożyczki gotówkowe chojnice;10;0.0;3;2022-02-08;0;0;10;0;0;10;0;0;0;0;0;10;0
chojnice sopot pkp;10;0.0;3;2022-02-10;10;10;10;10;10;30;50;20;10;10;10;0;0
gdansk chojnice bus;10;0.0;3;2022-02-10;10;10;0;0;10;10;10;10;0;0;0;10;0
pociąg z gdańska do chojnic;10;0.0;3;2022-02-10;10;10;10;10;10;10;10;30;10;10;10;10;0
chojnice starogard gdanski trasa;10;0.0;4;2022-02-10;0;10;0;0;10;0;10;0;10;10;0;10;0
wirnik chojnice gdańska godziny otwarcia;10;0.0;5;2022-02-10;10;10;10;10;10;10;0;10;10;10;10;0;0
sklep sportowy w chojnicach;10;0.0;3;2022-02-22;10;10;10;10;10;10;10;10;10;10;0;10;0
wesele chojnice klub;10;0.0;3;2022-02-21;30;20;10;10;10;10;10;10;10;10;10;10;0
chojnice wesele dyskoteka;10;0.0;3;2022-02-21;10;10;10;10;10;10;10;0
bnp paribas chojnice kontakt;10;0.0;4;2022-08-01;10;10;10;10;10;0;10;10;10;10;10;10;0
badania sanepidowskie chojnice;10;0.0;3;2022-03-21;10;10;10;10;20;10;20;20;20;10;10;0;0
restauracja chojnice gessler;10;0.0;3;2022-03-21;10;10;10;10;10;10;10;10;10;10;10;0
restauracja chojnice sukiennice;10;0.0;3;2022-03-21;10;10;10;10;10;10;10;10;20;10;10;10;0
restauracje chojnice okolice;10;0.0;3;2022-03-21;10;10;0;0;10;10;10;10;20;10;10;10;0
kret bruk chojnice;10;0.0;3;2022-08-01;10;10;10;20;10;10;10;10;10;20;10;10;0
kfc chojnice godziny otwarcia;10;0.0;4;2022-03-21;20;10;10;10;10;20;10;10;10;20;10;10;0
wulkanizacja tir chojnice;10;0.0;3;2022-02-23;20;20;10;10;20;10;10;10;10;10;20;10;0
wiercenie studni chojnice;10;0.0;3;2022-03-21;10;10;10;70;10;10;10;10;10;20;0;10;0
mrówka gazetka chojnice;10;0.0;3;2022-03-21;0;0;10;10;10;0;10;10;10;0;10;10;0
szkoła muzyczna w chojnicach;10;0.0;3;2022-03-21;10;10;10;10;20;30;10;20;20;10;10;20;0
este laser chojnice;10;0.0;3;2022-02-08;10;10;10;10;10;10;10;10;10;10;10;10;0
wydarzenia chojnice 2021;10;0.0;3;2022-02-08;0;0;0;0;0;0;0;0;20;10;10;10;0
solmed chojnice medycyna estetyczna;10;0.0;4;2022-02-08;10;10;10;10;10;10;10;10;10;10;0
nagrobki chojnice ceny;10;0.0;3;2022-02-08;10;10;10;20;20;0;10;10;10;10;0;10;0
urzad pracy chojnice tel;10;0.0;3;2022-02-08;10;10;10;20;10;10;20;20;10;20;20;10;0
sklep medyczny w chojnicach;10;0.0;3;2022-02-17;10;10;10;20;10;10;20;10;20;10;10;20;0
eurostandard chojnice kafelki;10;0.0;3;2022-02-18;10;10;10;10;10;10;10;10;0;10;10;10;0
chojnice człuchów autobus;10;0.0;3;2022-02-17;10;0;0;0;0;0;0;30;10;30;20;20;0
chojnice tuchola trasa;10;0.0;3;2022-02-17;10;10;10;10;10;10;10;20;10;10;10;10;0
tuchola chojnice trasa;10;0.0;3;2022-02-17;10;10;20;20;10;10;20;30;10;10;10;10;0
stemple budowlane chojnice;10;0.0;3;2022-02-08;10;10;10;10;10;10;10;10;10;0
warkoczyki syntetyczne chojnice;10;0.0;3;2022-02-08;10;10;10;10;10;40;20;20;10;10;0
działki miejskie chojnice;10;0.0;3;2022-02-08;10;10;10;10;10;10;10;10;10;10;0
chojnice instalacje gazowe;10;0.0;3;2022-02-08;10;10;10;10;10;10;10;10;10;10;10;10;0
hotel polonia chojnice numer telefonu;10;0.0;5;2022-02-08;10;10;10;10;10;10;10;10;10;0
praca seko chojnice;10;0.4;3;2022-02-08;10;10;10;10;10;10;10;10;20;10;10;10;0
dietetyk sportowy chojnice;10;0.0;3;2022-02-08;0;0;0;0;0;10;0;10;10;10;10;10;0
człuchów chojnice kobryń;10;0.0;3;2022-02-17;10;10;10;10;10;10;10;20;10;10;10;10;0
człuchów chojnice autobus;10;0.0;3;2022-02-17;10;10;10;10;10;10;20;10;10;10;20;10;0
człuchów chojnice pks;10;0.0;3;2022-02-17;10;10;10;10;10;10;10;10;10;20;10;10;0
ośrodek leczenia uzależnień w chojnicach;10;0.0;4;2022-02-08;10;10;10;10;0
zakład kamieniarski chojnice cennik;10;0.0;4;2022-02-08;10;10;10;10;10;10;0;0;10;10;10;10;0
neonail chojnice;10;0.0;2;2022-04-04;10;10;10;10;10;10;10;10;10;10;10;10;0
bazylia pizzeria chojnice;10;0.0;3;2022-04-05;10;10;10;10;10;10;10;10;10;10;10;10;0
gruzińskie jedzenie chojnice;10;0.0;3;2022-04-13;10;10;10;10;10;10;10;10;10;10;0
kuchnia gruzińska chojnice;10;0.0;3;2022-04-13;30;20;10;0;0;0;0;0;30;20;30;20;0
profilaktyka 40 plus chojnice;10;0.0;4;2022-04-21;10;10;10;0;0;0;0;0;0;50;20;10;0
rezonans chojnice cennik;10;0.0;3;2022-04-14;10;10;10;10;0;10;10;10;10;30;10;10;0
prywatny dom opieki chojnice;10;0.0;4;2022-04-06;10;10;0;0;0;0;10;10;10;10;10;30;0
sklep muzyczny w chojnicach;10;0.0;3;2022-04-05;10;10;0;10;10;10;10;10;10;10;10;10;0
pizzeria bazylia chojnice menu;10;0.0;4;2022-04-05;10;10;10;10;10;10;10;10;10;10;10;0;0
wywóz gabarytów chojnice 2021;10;0.0;4;2022-04-03;10;10;0
bar sushi chojnice;10;0.0;3;2022-04-01;10;10;10;10;10;10;10;10;10;20;10;10;0
szkola jezykowa chojnice;10;3.2;3;2022-03-30;10;10;10;10;10;0;10;10;30;10;10;10;0
fotka pl chojnice;10;0.0;2;2022-03-29;10;10;40;10;10;10;10;10;10;10;0;10;0
art bud chojnice;10;0.0;3;2022-03-29;10;10;10;10;10;10;10;10;10;10;10;10;0
rebel chojnice;10;0.0;2;2022-04-18;20;10;10;30;10;10;20;10;10;10;10;20;0
blu salon łazienek chojnice;10;0.0;4;2022-04-22;10;10;10;10;10;10;10;0;10;10;10;10;0
terapia grupowa chojnice;10;0.0;3;2022-03-28;10;10;10;10;10;10;10;0
basen chojnice atrakcje;10;0.0;3;2022-03-25;10;10;10;10;0
klimacool chojnice;10;0.0;2;2022-03-29;10;0;10;10;10;10;10;10;10;0;0;10;0
biuro nieruchomości w chojnicach;10;0.0;3;2022-03-28;10;10;10;10;10;10;10;10;10;10;10;10;0
doradztwo zawodowe chojnice;10;0.0;3;2022-03-29;10;20;20;10;20;10;0;10;10;10;10;10;0
mpt taxi chojnice;10;0.0;3;2023-05-12;20;10;10;10;10;10;10;10;10;10;20;20;0
park dinozaurów chojnice;10;0.0;3;2023-05-16;10;10;10;10;10;20;20;30;10;10;10;10;0
szkoły podstawowe w chojnicach;10;0.0;3;2023-04-21;10;20;10;10;10;10;10;10;10;10;10;10;0
pfron chojnice kontakt;10;0.0;3;2023-04-05;10;10;10;10;10;10;10;30;20;20;10;10;0
praca kaufland chojnice;10;0.0;3;2023-04-19;10;10;10;0;0;0;10;0;0;0;10;10;0
samotni chojnice;10;0.0;2;2022-02-08;10;10;20;10;10;10;10;10;0
andrzejki 2021 chojnice;10;0.0;3;2022-02-08;10;10;10;0
wypożyczalnia busów i samochodów cars club chojnice;10;0.0;6;2022-02-08;10;10;10;10;10;10;10;10;10;10;10;10;0
gościniec chojnice andrzejki;10;0.0;3;2022-02-08;0;0;0;0;0;0;0;0;0;10;0;0;0
biedronka karolewo chojnice;10;0.0;3;2023-05-20;10;10;10;20;10;10;10;10;10;10;10;10;0
książąt pomorskich 28 chojnice;10;0.0;4;2023-05-19;10;10;10;10;10;10;10;10;10;10;10;10;0
wywóz śmieci chojnice 2023;10;0.0;4;2023-05-19;0;50;30;10;0;0;0;0;0;0;0;0;0
ferie chojnice 2023;10;0.0;3;2023-05-18;170;10;10;0;0;0;0;0;0;0;10;20;0
liliana z chojnic;10;0.0;2;2023-05-19;0;0;0;0;0;10;0;0;0;0;0;0;0
tatuażysta chojnice;10;0.0;2;2022-06-20;20;10;20;30;30;20;10;10;10;10;10;10;0
wigry suwałki chojniczanka chojnice;10;0.0;4;2022-06-23;0;10;10;0;0;0;0;10;0;0;0;0;0
rekrutacja do liceum chojnice;10;0.0;3;2022-08-11;10;10;10;10;0
liceum andersa chojnice rekrutacja;10;0.0;4;2022-08-11;10;10;10;10;20;20;40;10;10;10;10;10;0
liceum medyczne chojnice;10;0.0;3;2022-08-11;20;10;10;20;10;10;10;10;10;20;10;10;0
chojnice historia miasta;10;0.0;3;2022-08-12;10;10;10;10;10;10;10;10;10;10;0;10;0
ogrzewanie chojnice;10;0.0;2;2022-08-23;10;10;10;10;0;10;10;10;0;10;20;10;0
poczta kwiatowa w chojnicach;10;1.17;3;2022-08-24;10;10;0;10;0;0;10;10;10;0;0;0;0
harmonogram wywozu śmieci chojnice 2021;10;0.0;5;2022-08-23;10;10;10;10;10;10;10;10;10;10;10;10;0
chojnice suknie ślubne;10;0.0;3;2022-08-29;10;10;30;0;10;10;10;10;10;10;0;10;0
nowa biedronka chojnice;10;0.0;3;2022-08-30;10;10;10;10;10;0
pizzeria włoska chojnice;10;0.0;3;2022-08-30;10;10;10;10;10;10;10;10;10;10;10;10;0
test pcr chojnice;10;0.0;3;2022-09-05;10;10;0;10;10;10;0;10;10;10;10;10;0
test pcr chojnice cena;10;0.0;4;2022-09-05;10;10;10;10;10;10;0;10;10;10;10;10;0
testy pcr chojnice;10;0.0;3;2022-09-05;10;10;0;10;10;10;0;10;10;10;10;10;0
dachówki chojnice;10;3.1;2;2022-09-07;20;10;10;10;10;20;20;30;20;20;10;10;0
grabowska laryngolog chojnice;10;0.0;3;2022-09-01;30;10;10;20;10;10;10;10;10;10;10;20;0
miasto między starogardem gdańskim a chojnicami;10;0.0;3;2022-09-02;10;0;0;10;10;10;10;10;10;10;10;10;0
t mobile chojnice brama pomorza;10;0.0;5;2022-09-08;20;10;10;10;10;10;10;10;10;10;10;10;0
koncerty w chojnicach;10;0.0;2;2022-08-17;10;10;10;10;10;40;10;20;10;10;10;10;0
otolaryngologia chojnice;10;0.0;2;2022-08-12;0;0;0;40;40;40;20;0;0;0;0;0;0
szpital chojnice rtg rejestracja;10;0.0;4;2022-08-10;10;10;10;10;10;10;10;20;20;20;20;10;0
kurs na koparke chojnice;10;0.0;3;2022-04-28;10;20;10;10;10;10;10;10;10;30;10;10;0
spółdzielnia socjalna chojnice;10;0.0;3;2022-05-24;20;10;10;10;10;20;10;20;10;10;10;10;0
wywóz śmieci wielkogabarytowych chojnice 2021;10;0.0;5;2022-05-29;10;10;10;10;0
wywóz śmieci chojnice 2020;10;0.0;4;2022-05-29;0;0;0;0;10;0;10;0;0;0;0;0;0
wywóz śmieci chojnice 2021;10;0.0;4;2022-05-29;10;10;0
hurtownia resler chojnice;10;0.0;3;2022-07-14;10;20;10;20;10;20;20;10;10;10;10;10;0
hurtownia merida chojnice;10;0.0;3;2022-07-14;10;10;10;10;10;10;10;10;10;0
hurtownia sofort chojnice;10;0.0;3;2022-07-14;10;10;10;10;20;10;10;10;10;10;10;10;0
hurtownia zabawek chojnice;10;0.0;3;2022-07-14;10;10;10;10;10;10;10;10;10;10;10;10;0
hurtownia mardam chojnice;10;0.0;3;2022-07-14;10;10;10;10;10;0;10;10;0;10;10;10;0
zus chojnice bon turystyczny;10;0.0;4;2022-06-19;10;10;10;10;10;0
kwiaciarnie w chojnicach;10;0.0;2;2022-04-27;10;10;10;10;20;10;10;10;10;10;40;10;0
urząd skarbowy chojnice tel;10;0.0;3;2022-05-22;10;20;20;30;20;10;10;10;10;10;10;10;0
santander bank polska chojnice;10;0.0;4;2022-06-23;10;10;10;20;10;10;30;10;10;20;10;10;0
gospodarka odpadami chojnice;10;0.0;3;2022-06-23;10;10;10;10;10;10;10;10;10;10;0;10;0
ferie zimowe chojnice;10;0.0;3;2022-07-26;20;20;0;10;0;0;0;0;0;0;10;10;0
autoszyby chojnice;10;0.0;2;2022-07-10;10;10;10;10;20;20;10;20;10;10;10;10;0
izmir chojnice gdanska;10;0.0;3;2022-08-01;10;10;10;10;20;20;10;10;10;10;0
sprzedam mieszkanie w chojnicach;10;0.12;3;2022-08-01;10;10;10;10;10;10;10;10;10;10;10;20;0
punkt szczepień chojnice;10;0.0;3;2022-08-01;10;10;10;10;0;10;0;50;40;30;30;10;0
dentysta janik chojnice;10;0.0;3;2022-07-10;20;20;10;10;10;10;20;20;20;20;20;10;0
blue chojnice;10;0.0;2;2022-07-10;10;10;10;10;10;10;10;20;20;10;10;10;0
wymiana butli gazowych chojnice;10;0.0;4;2022-03-31;0;10;10;10;10;10;20;10;10;10;10;10;0
chojnice szrot;10;0.0;2;2022-03-31;10;10;10;20;20;10;10;20;10;20;10;10;0
auto złom chojnice ul zakładowa;10;0.72;4;2022-03-31;10;10;10;20;10;20;10;20;10;10;10;10;0
master sport chojnice;10;0.0;3;2022-08-03;10;10;20;10;10;10;10;10;10;10;10;10;0
kampery chojnice;10;0.0;2;2022-08-29;10;0;10;20;10;10;10;10;10;10;10;10;0
kamper chojnice;10;0.35;2;2022-08-29;10;10;20;30;20;10;20;10;10;10;10;10;0
nowa biedronka w chojnicach;10;0.0;3;2022-08-30;10;10;10;0
marcin m chojnice domy szkieletowe;10;0.0;5;2022-08-18;0;10;10;10;0;10;10;0;0;20;10;0;0
red snake chojnice;10;0.0;3;2022-08-18;10;10;10;10;10;10;0
suez chojnice;10;0.0;2;2022-10-04;30;10;10;10;20;20;10;10;10;20;20;10;0
palety chojnice;10;0.0;2;2022-09-15;20;10;20;20;30;10;10;10;10;10;10;10;0
klimakterium 2 chojnice;10;0.0;2;2022-09-19;0;0;0;0;30;0;0;0;0;0;0;0;0
plan zagospodarowania przestrzennego miasto chojnice;10;0.0;4;2022-09-19;10;10;10;10;0;10;10;10;10;10;10;10;0
szkoła wyższa w chojnicach;10;0.0;3;2022-09-14;10;0;10;10;10;10;10;10;10;10;10;10;0
roby burger chojnice;10;0.0;3;2022-11-28;10;10;10;10;10;10;10;10;10;10;10;0;0
przystanek burger chojnice;10;0.0;3;2022-11-28;10;10;10;10;10;10;10;10;10;10;10;10;0
chojnice wiadomości policyjne;10;0.0;3;2022-10-13;10;10;10;10;20;10;30;20;20;10;10;20;0
mirosław krauze adwokat chojnice;10;0.0;4;2022-10-13;20;10;20;20;30;10;10;10;10;10;10;10;0
chojnice portal;10;0.0;2;2022-10-13;10;10;10;10;10;10;10;10;20;10;10;10;0
egzamin na prawo jazdy w chojnicach;10;0.0;4;2022-11-14;10;10;10;10;10;10;10;10;10;10;10;10;0
osrodek wypoczynkowy babilon kolo chojnic;10;0.0;5;2022-10-13;10;0;10;0;10;10;20;20;10;10;10;10;0
przemysław czarnecki chojnice;10;4.24;3;2022-10-13;0;0;0;0;0;50;30;40;30;0;0;0;0
adwokat cyganowicz chojnice opinie;10;0.0;4;2022-10-13;10;10;10;10;10;10;10;10;10;10;10;0
adwokat kozak chojnice opinie;10;0.0;4;2022-10-13;10;10;10;10;10;10;10;10;10;10;10;10;0
komornik sądowy w chojnicach;10;0.0;3;2022-10-19;10;10;10;10;10;10;10;10;10;10;10;10;0
aleksander mrówczyński chojnice;10;0.0;3;2022-10-16;10;10;10;0;10;0;10;10;10;10;10;10;0
pizzeria gdańska chojnice;10;0.0;3;2022-10-13;10;10;10;10;10;10;10;10;10;20;10;10;0
mr tasty burger chojnice;10;1.98;4;2022-11-28;0;0;0;0;0;0;0;30;30;30;0;0;0
testy antygenowe chojnice;10;0.0;3;2022-11-28;10;10;10;10;10;10;0
izmir burger chojnice menu;10;0.0;4;2022-11-28;10;10;10;10;10;10;20;10;10;10;10;10;0
chojnice randki;10;0.66;2;2022-11-21;20;10;10;10;10;10;10;20;10;20;10;20;0
chojnice dziewczyny;10;0.89;2;2022-11-21;20;10;10;10;20;10;10;10;10;40;10;20;0
medycyna pracy chojnice wegner;10;0.0;4;2022-11-22;10;10;10;10;10;10;10;20;10;10;10;10;0
burger king chojnice;10;0.0;3;2022-11-28;10;10;10;10;10;20;10;20;10;10;10;10;0
mrs tasty chojnice;10;1.4;3;2022-11-28;10;10;10;10;10;10;10;20;10;10;10;10;0
ferie chojnice 2022;10;0.0;3;2022-11-27;0;50;10;10;10;10;10;10;10;10;0;0;0
salon libra chojnice;10;0.0;3;2022-11-04;10;10;10;10;20;10;20;20;10;10;10;20;0
cukiernia maestro chojnice;10;0.0;3;2022-10-18;10;10;10;10;10;10;10;20;10;10;20;10;0
resler chojnice cukiernia;10;0.0;3;2022-10-18;10;10;10;10;10;10;10;10;10;10;10;0
dermatolog nfz chojnice;10;0.0;3;2022-09-30;0;0;0;30;50;10;30;10;0;0;0;0;0
podolog chojnice salus;10;0.0;3;2022-09-28;20;10;20;10;10;10;30;10;10;20;10;10;0
wniosek o dodatek węglowy chojnice;10;0.0;4;2022-09-23;0;0;0;0;0;0;0;70;0;0;0;0;0
inspiracja kwiaciarnia chojnice;10;0.0;3;2022-09-25;10;10;20;20;10;10;10;10;10;10;10;20;0
chojnice przyczepki samochodowe;10;0.0;3;2022-09-29;10;10;10;10;10;10;10;0;10;10;10;10;0
mieszkania do wynajęcia tanio chojnice;10;0.0;4;2022-10-03;10;90;20;10;20;10;10;10;0
hospicjum domowe chojnice kaczmarek;10;0.0;4;2023-01-02;10;10;10;10;10;10;10;10;10;10;20;10;0
chojnice remonty dróg;10;0.0;3;2022-12-12;10;10;10;10;10;10;10;10;10;10;10;0;0
chojniczanka chojnice olimpia elbląg;10;0.0;4;2023-01-12;10;0;10;10;10;0;10;0;0;0;10;0;0
radar burz chojnice;10;0.0;3;2023-01-11;0;0;0;0;0;0;0;90;10;10;0;0;0
jakość powietrza chojnice;10;0.0;3;2023-01-11;30;10;10;10;10;10;10;10;10;20;20;20;0
dentysta gdańska chojnice;10;0.0;3;2022-12-28;10;10;30;30;10;10;10;10;10;10;30;10;0
domy z marzeń chojnice;10;0.0;3;2022-12-25;20;10;10;20;10;20;10;10;10;10;10;10;0
wypożyczalnia budowlana chojnice;10;0.0;3;2023-01-09;10;10;10;0
słoneczne wzgórze chojnice;10;0.0;3;2022-12-19;10;10;10;10;20;10;20;20;10;10;10;10;0
rod słoneczne wzgórze chojnice;10;0.0;4;2022-12-19;10;10;10;10;10;0;10;10;10;10;20;10;0
mecikal chojnice;10;0.0;2;2023-05-20;10;10;10;10;10;10;10;10;0;10;10;10;0
lotyń koło chojnic;10;0.0;2;2023-05-20;10;10;10;10;10;10;10;10;10;10;10;10;0
geometra chojnice;10;0.0;2;2023-05-21;10;10;10;10;30;10;20;10;10;0;10;10;0
puszcza niepołomice chojniczanka chojnice;10;0.0;4;2023-05-21;0;10;0;0;10;0;0;30;0;0;0;0;0
żwirki i wigury 5 chojnice;10;0.0;3;2023-05-21;20;10;10;10;20;20;20;20;20;10;10;10;0
biblioteka miejska w chojnicach;10;0.0;3;2023-02-06;20;10;10;10;10;10;10;10;20;20;10;10;0
kino chojnice repertuar wrzesień;10;0.0;4;2023-02-03;10;10;40;10;0
centrum kultury chojnice kino repertuar;10;0.0;5;2023-02-03;10;0;10;10;10;10;10;10;10;10;10;10;0
kino kingsajz chojnice cennik;10;0.0;4;2023-02-03;10;10;10;10;10;20;10;10;10;10;0
kino chojnice repertuar sierpień;10;0.0;4;2023-02-03;10;90;10;10;10;10;0
after kino chojnice;10;0.0;3;2023-02-03;20;10;10;0
kino chojnice kogel mogel 3;10;0.0;4;2023-02-03;10;0;0;0;0;0;0;0;0;0;0;0;0
dom kultury chojnice kino repertuar;10;0.0;5;2023-02-03;10;10;10;0;10;0;0;0;10;10;10;0;0
kino chojnice repertuar październik;10;0.0;4;2023-02-03;10;10;10;10;10;10;20;90;20;10;0
nieżywięć koło chojnic;10;0.0;2;2023-02-21;10;10;10;10;10;10;10;10;10;10;10;10;0
lokalny zielarz chojnice;10;0.0;3;2023-02-25;10;10;10;10;10;10;10;10;10;10;10;10;0
łukasz korzeb chojnice;10;0.0;3;2023-02-21;10;10;10;20;20;10;10;10;10;10;10;10;0
fsc 6 chojnice;10;0.0;2;2023-01-13;0;0;0;0;0;0;0;0;0;0;140;10;0
zarząd dróg chojnice;10;0.0;3;2023-02-01;10;30;10;10;10;10;10;10;10;10;10;10;0
red devils chojnice futsal;10;0.0;4;2023-03-09;10;10;10;10;10;10;10;10;10;10;10;0
pracownia florystyczna inspiracja chojnice;10;0.0;4;2023-03-06;40;10;10;10;40;10;10;10;10;10;10;30;0
zakład oczyszczania miasta chojnice;10;0.0;4;2022-12-19;10;10;10;10;10;10;10;10;10;10;10;10;0
kręgielnia chojnice urodziny;10;0.0;3;2023-02-11;10;10;10;10;10;10;10;10;10;10;10;10;0
prawo jazdy w chojnicach;10;0.0;3;2022-11-16;10;10;10;10;10;10;10;10;10;10;10;10;0
prawo jazdy chojnice kołak;10;0.0;4;2022-11-16;10;10;10;10;10;10;10;10;10;10;10;0
wirnik chojnice naprawa;10;0.0;3;2023-01-27;10;10;10;10;10;20;10;10;10;10;0
pizzeria fabryka chojnice telefon;10;0.0;4;2023-01-25;10;10;10;10;10;10;10;10;0
pizza siodemka chojnice;10;0.0;3;2023-01-25;10;10;10;10;10;10;10;10;10;10;10;10;0
lublin chojnice bus;10;0.0;3;2022-12-05;10;10;10;10;10;10;10;10;10;0
chojnice ustka pks;10;0.0;3;2022-12-05;0;0;0;0;0;0;0;40;10;10;0;0;0
chojnice dietetyk;10;0.0;2;2022-12-02;10;10;10;10;20;10;20;20;20;10;10;0;0
solar tech chojnice;10;0.0;3;2023-01-05;10;10;10;10;10;10;10;10;10;10;10;10;0
chojnice spływ kajakowy;10;0.0;3;2023-01-03;0;10;20;10;10;0;10;20;10;10;0;10;0
chojnice pord prawo jazdy;10;0.0;4;2022-12-16;10;10;10;10;10;10;10;10;10;10;10;0
olx za darmo chojnice;10;0.0;3;2023-03-08;20;10;10;10;10;10;10;10;10;10;10;10;0
laptopy dla dzieci pgr chojnice;10;0.0;4;2023-02-13;40;0;0;0;0;0;0;0;0;0;0;50;0
kamery w chojnicach;10;0.0;2;2023-04-04;10;10;10;10;10;10;10;10;10;10;10;10;0
kamery obwodnica chojnic;10;0.0;3;2023-04-04;10;10;10;10;10;10;10;10;10;10;10;0
hotel polka chojnice opinie;10;0.0;4;2023-04-03;20;10;10;10;10;10;10;10;0;10;10;10;0
msza online chojnice;10;0.0;3;2023-04-05;10;10;10;10;10;10;10;10;10;20;20;10;0
siłownia chojnice cennik;10;0.0;3;2023-04-13;0;20;20;10;10;0;0;0;0;20;20;0;0
semilac chojnice;10;0.0;2;2023-04-03;10;10;10;10;10;10;10;10;10;10;10;10;0
wałcz chojnice odleglosc;10;0.0;3;2023-05-20;20;10;20;20;20;20;20;10;10;10;10;10;0
kino kingsajz w chojnicach;10;0.0;3;2023-05-20;10;10;10;0;10;0;10;10;10;10;10;10;0
lotyń chojnice;10;0.0;2;2023-05-20;10;10;10;10;10;10;10;10;10;10;10;10;0
skra częstochowa chojniczanka chojnice;10;0.0;4;2023-05-21;0;0;0;0;0;0;30;0;0;0;0;0;0
rycerze kolumba chojnice;10;0.0;3;2023-05-21;20;20;10;10;10;10;10;10;10;20;10;30;0
biuro paszportowe chojnice rejestracja online;10;0.0;5;2023-04-24;40;30;0
proletaryat chojnice;10;0.0;2;2023-05-20;90;10;0
kursy urząd pracy chojnice;10;0.0;4;2023-06-12;50;10;10;10;0;0;10;10;0;0;20;20;0
kojec dla psa chojnice;10;0.0;3;2023-06-07;10;10;10;10;10;10;10;10;10;10;10;10;0
straż pożarna chojnice praca;10;0.0;4;2023-06-19;10;10;10;10;10;10;10;10;10;10;0
chojnice gokarty cennik;10;0.0;3;2023-06-15;10;10;10;10;10;10;20;10;10;10;10;0;0
sor chojnice kontakt;10;0.0;3;2023-06-06;10;10;10;10;10;10;10;10;10;20;10;20;0
nieodpłatna pomoc prawna chojnice;10;0.0;4;2023-06-21;10;10;10;10;10;10;0;10;10;10;10;10;0
elektrośmieci chojnice;10;0.0;2;2023-06-05;10;10;10;10;10;10;10;10;10;20;10;10;0
hybryd spółdzielnia rolników chojnice;10;0.0;4;2023-05-29;0;10;10;10;10;10;10;10;10;10;0;10;0
marimar chojnice godziny otwarcia;10;0.0;4;2023-05-21;10;10;10;10;10;10;20;10;10;10;10;20;0
ziemiński chojnice;10;0.0;2;2023-05-21;10;10;10;10;10;10;10;10;10;10;10;10;0
marimar chojnice sklep;10;0.0;3;2023-05-21;10;10;10;10;0;10;10;0;10;10;10;10;0
leszek bonna chojnice;10;0.0;3;2023-05-21;10;10;10;10;0;10;10;10;10;10;20;10;0
piotr konieczny chojnice;10;0.0;3;2023-05-21;10;10;10;10;10;0;0;0;0;10;0;10;0
szkoła specjalna w chojnicach;10;0.0;3;2023-05-29;10;10;10;10;10;10;10;10;10;10;10;10;0
salon villaro moda męska chojnice;10;0.0;5;2023-05-29;10;10;10;10;10;0;0;0;0;10;10;10;0
brw chojnice bytowska;10;0.0;3;2023-06-29;10;0;10;10;0;10;10;10;10;10;10;10;0
schronisko chojnice koty;10;0.0;3;2023-06-24;10;10;10;10;10;10;10;10;10;20;10;10;0
zgm chojnice lokale do wynajęcia;10;0.0;4;2024-01-08;20;20;10;10;10;10;10;10;10;10;10;10;0
szpital chojnice poradnia otolaryngologiczna;10;0.0;4;2024-01-10;30;20;0
skra czestochowa vs mks chojniczanka chojnice;10;0.0;6;2024-02-08;10;10;0;0;0;0;0;0;0;0;0;0;0
chojniczanka chojnice skra czestochowa;10;0.0;4;2024-02-08;0;10;0;0;0;0;0;0;20;0;0;0;0
adriańczyk chojnice;10;0.0;2;2024-02-04;20;10;10;20;20;10;20;30;10;20;10;10;0
wywóz śmieci gmina chojnice 2023;10;0.0;5;2024-01-18;0;0;0;0;0;0;0;0;40;20;50;50;0
ratownik medyczny chojnice;10;0.0;3;2023-11-28;10;10;10;10;10;10;10;20;10;10;10;10;0
vinted chojnice;10;0.0;2;2023-12-04;10;10;20;10;10;10;10;10;10;10;10;10;0
auto-handel galinski chojnice;10;0.0;4;2023-11-06;10;10;10;10;10;10;10;10;10;10;10;20;0
lks lodz ii mks chojniczanka chojnice;10;0.0;5;2023-11-03;0;0;0;0;0;0;0;0;10;0;0;0;0
kiedy otwarcie aldi w chojnicach;10;0.0;3;2023-12-09;0;0;0;0;0;0;0;0;0;110;0;0;0
aldi chojnice praca;10;0.26;3;2023-12-09;0;0;0;0;0;0;0;0;40;70;0;0;0
chojnice opony;10;0.0;2;2023-12-09;10;10;0;20;10;70;10;10;10;20;20;10;0
jeziora w okolicy chojnic;10;0.0;3;2023-12-03;10;0;10;10;10;20;30;40;10;10;0;0;0
usługi remontowe chojnice;10;0.21;3;2023-10-31;20;10;20;20;10;10;10;10;20;10;10;10;0
domki letniskowe okolice chojnic;10;0.0;4;2023-12-09;10;0;0;10;10;30;30;20;0;0;0;0;0
łódź wędkarska chojnice;10;0.0;3;2024-01-11;10;10;10;10;10;20;10;10;10;10;10;10;0
mechanik chojnice kościerska;10;0.0;3;2024-02-26;10;10;10;20;10;10;10;10;10;10;10;10;0
garaz do wynajecia chojnice;10;0.0;3;2024-02-26;20;10;20;10;10;10;10;10;10;10;10;10;0
stal rzeszów chojniczanka chojnice;10;0.0;4;2023-07-24;10;10;70;0;0;0;10;30;10;10;0;10;0
chojniczanka chojnice stal rzeszów;10;0.0;4;2023-07-24;0;10;10;0;10;10;10;90;10;10;10;0;0
drogeria hebe chojnice;10;0.0;3;2023-08-08;10;10;20;10;10;10;10;10;10;10;10;10;0
kamieniarstwo kamińska chojnice;10;0.0;3;2023-08-10;10;10;10;10;10;10;10;10;10;10;10;10;0
rozkład jazdy pkp gdańsk główny-chojnice;10;0.0;6;2023-08-10;10;10;10;10;10;30;20;20;10;10;10;10;0
deska tarasowa chojnice;10;1.5;3;2023-09-03;10;10;10;10;50;10;20;20;10;10;10;0;0
sklep martes chojnice;10;0.0;3;2023-08-30;10;20;10;10;20;10;10;10;10;10;10;20;0
hulajnogi elektryczne chojnice aplikacja;10;0.0;4;2023-08-16;10;10;10;20;10;10;20;20;10;10;10;10;0
zakład kamieniarski kamińska chojnice;10;0.0;4;2023-08-10;10;10;10;10;10;10;10;10;10;10;10;0;0
nieruchomosci chojnice pl;10;0.0;2;2023-08-09;10;0;10;10;10;10;10;10;10;0;0;0;0
sklep ogrodniczy chojnice angowicka;10;0.0;4;2023-08-10;10;10;10;20;30;10;10;10;10;10;0;0;0
sklep ogrodniczy chojnice ul parkowa;10;0.0;4;2023-08-10;10;10;10;20;20;10;10;10;10;10;10;0;0
sklep ogrodniczy święcicki chojnice;10;0.0;4;2023-08-10;10;10;20;30;20;20;10;10;10;10;10;10;0
stomatolog protetyk chojnice;10;0.0;3;2023-09-07;10;10;10;10;10;10;10;10;0;10;10;10;0
łodzie crescent chojnice;10;0.0;3;2023-09-12;10;0;0;10;0;10;10;10;10;0;10;10;0
zakład pogrzebowy chojnice porożyński;10;0.0;4;2023-09-01;10;10;20;10;10;30;10;10;10;10;10;20;0
zakład pogrzebowy tadeusz porożyński chojnice;10;0.0;5;2023-09-01;10;10;20;10;10;10;10;10;10;10;10;10;0
dziewczyny na telefon chojnice;10;0.0;3;2023-08-04;10;10;10;10;20;10;10;10;10;10;10;10;0
chojnice zks stal rzeszow;10;0.0;4;2023-07-24;0;0;0;0;0;10;0;10;0;0;0;0;0
technikum nr 3 chojnice profile;10;0.0;3;2023-07-24;10;20;20;20;20;10;10;10;10;20;10;10;0
technikum nr 1 chojnice profile;10;0.0;3;2023-07-24;10;10;10;10;20;20;10;10;20;20;20;10;0
jazdy doszkalające chojnice;10;0.0;3;2023-06-29;30;10;10;30;10;10;10;10;10;10;10;0
alior bank chojnice kontakt;10;0.0;4;2023-07-12;20;10;10;10;20;20;10;20;10;10;10;10;0
alior bank chojnice plac piastowski;10;0.0;5;2023-07-12;10;10;10;10;10;0;10;10;10;10;10;10;0
alior bank chojnice zdjęcia;10;0.0;4;2023-07-12;0;0;0;0;0;110;0;0;0;0;0;0;0
modra 4 chojnice;10;0.0;2;2023-07-30;10;10;10;10;10;20;10;10;10;10;10;10;0
sklep dino chojnice;10;0.0;3;2023-07-04;10;10;10;10;10;10;10;10;10;10;10;10;0
mcdrive chojnice;10;0.0;2;2023-06-25;10;10;10;10;10;10;30;10;10;20;10;20;0
chojnice stal rzeszow;10;0.0;3;2023-07-24;0;10;10;10;10;0;0;70;0;0;10;0;0
pogoda chojnice wiatr;10;0.0;3;2023-09-17;10;20;10;10;10;20;10;10;10;10;10;10;0
przytulisko w chojnicach;10;0.0;2;2023-10-26;10;10;10;20;10;10;10;10;10;10;10;10;0
studio tatuazy chojnice;10;0.0;3;2023-09-27;10;10;10;10;20;10;30;20;10;10;10;10;0
budowa domu chojnice;10;0.34;3;2023-09-28;10;10;10;10;10;10;10;10;10;10;10;10;0
wynajem kawalerka chojnice;10;0.0;3;2023-08-28;20;10;20;10;10;20;10;20;10;20;10;20;0
poczta chojnice blaszak;10;0.0;3;2023-08-24;10;0;10;10;10;10;10;0;0;10;10;0;0
sklep tedi chojnice;10;0.0;3;2023-08-23;10;10;20;10;10;10;10;10;10;10;10;20;0
poznań chojnice pks;10;0.0;3;2023-11-17;20;10;10;10;20;20;10;20;20;10;10;10;0
miód chojnice;10;0.0;2;2023-11-18;10;10;10;10;10;10;20;10;10;10;10;10;0
hurtownia hydraulik chojnice przemysłowa;10;0.0;4;2023-11-03;0;0;0;40;40;20;10;20;10;0;0;0;0
sopocka akademia nauk stosowanych filia w chojnicach;10;0.0;6;2023-11-03;0;0;0;0;0;0;50;20;0;0;0;0;0
wyższa szkoła sopocka chojnice;10;0.0;4;2023-11-03;10;10;10;10;10;10;10;10;10;10;10;10;0
wyższa szkoła w chojnicach;10;0.0;3;2023-11-03;10;10;10;10;10;10;10;10;10;10;10;10;0
festyn ekologiczny chojnice;10;0.0;3;2023-12-18;0;0;10;10;20;70;10;0;10;0;0;0;0
dekoracje ślubne chojnice;10;0.0;3;2023-12-31;10;10;10;10;10;10;0
agro ursus chojnice godziny otwarcia;10;0.0;5;2023-12-27;20;20;40;30;10;10;10;10;10;10;10;10;0
agro ursus chojnice kontakt;10;0.0;4;2023-12-27;10;10;10;10;10;20;10;10;10;10;10;10;0
drewno konstrukcyjne chojnice;10;0.2;3;2024-04-22;20;10;10;20;40;20;10;10;30;10;10;10;0
basen chojnice bon turystyczny;10;0.0;4;2024-04-16;0;0;10;0;0;0;0;0;0;0;0;0;0
obi chojnice kontakt telefoniczny;10;0.0;4;2024-05-09;10;10;10;10;0;0;0;0;30;10;10;10;0
lux-dent chojnice opinie;10;0.0;4;2024-04-05;10;10;20;20;20;10;10;10;10;10;20;10;0
wynajem przyczep chojnice;10;0.19;3;2024-03-21;10;10;10;10;20;10;10;20;20;20;10;10;0
skład materiałów budowlanych psb duet ii w chojnicach;10;0.0;6;2024-04-15;0;0;0;10;0;0;0;0;0;0;0;10;0
ginekolog chojnice sobota;10;0.0;3;2024-03-07;10;10;10;10;10;10;10;10;10;10;0
lendi chojnice;10;0.0;2;2024-04-23;0;30;30;0;0;0;0;0;0;0;0;0;0
chojnice mieszkania na sprzedaż aktualne;10;0.0;4;2024-05-16;10;10;10;10;10;10;10;10;10;0
architektura ogrodowa chojnice;10;0.0;3;2024-05-16;10;10;10;10;10;10;0
sprzedaż mieszkania chojnice ul nad dworcem;10;0.0;4;2024-05-16;10;10;10;10;10;10;10;10;10;10;10;0
market papierniczy junior chojnice;10;0.0;4;2024-07-04;10;10;10;10;10;10;10;30;10;10;30;20;0
chojnice hel trasa;10;0.0;3;2024-07-04;10;10;10;10;30;20;30;20;10;10;10;10;0
hel chojnice;10;0.0;2;2024-07-04;10;10;10;10;10;20;40;40;10;10;10;10;0
sklep zoologiczny chojnice blaszak;10;0.0;4;2024-06-05;20;10;10;20;10;10;10;10;20;20;10;10;0
kebab bafra chojnice;10;3.82;3;2024-01-19;0;0;0;0;0;0;0;0;0;0;20;20;0
nowy kebab chojnice;10;0.0;3;2024-01-19;10;10;10;10;30;20;10;10;30;10;20;30;0
ginekolog chojnice peno;10;0.0;3;2024-01-15;10;10;10;10;20;10;10;10;10;10;10;10;0
ginekolog chojnice chlebowicz godziny otwarcia;10;0.0;5;2024-01-15;10;10;10;20;10;10;10;10;10;10;0
nowaczyk ginekolog chojnice opinię;10;0.0;4;2024-01-15;0;0;0;0;0;10;10;10;20;10;50;50;0
sor chojnice telefon;10;0.0;3;2024-01-15;10;10;10;10;10;20;10;10;10;10;10;10;0
komfort chojnice kontakt;10;0.23;3;2024-01-16;10;10;10;20;10;10;10;10;10;10;10;0
zamienie mieszkanie chojnice;10;0.0;3;2024-01-16;10;10;10;10;10;0
domy na sprzedaż chojnice nieruchomości online;10;0.0;5;2024-01-16;10;10;10;10;10;10;10;10;0
mapa okolic chojnic;10;0.0;3;2024-01-09;10;10;10;10;10;10;10;10;10;0;10;10;0
lody willisch chojnice;10;0.0;3;2024-01-26;10;10;10;20;30;20;20;20;10;10;0;0;0
kwiaciarnia swietopelka chojnice;10;0.0;3;2024-01-29;10;10;10;10;10;10;10;10;10;10;10;0
kwiaciarnia carrefour chojnice;10;0.0;3;2024-01-29;10;10;10;20;20;10;10;20;10;20;10;10;0
kwiaciarnia chojnice świętopełka;10;0.0;3;2024-01-29;10;10;10;10;10;10;10;10;20;10;20;10;0
kwiaciarnia chojnice strzelecka godziny otwarcia;10;0.0;5;2024-01-29;10;10;10;10;10;10;10;10;10;10;10;10;0
kwiaciarnia chojnice obrońców;10;0.0;3;2024-01-29;10;10;10;0;10;10;10;0;0;10;10;0;0
cukrem i solą chojnice;10;0.0;3;2024-01-26;90;70;0
autobus katowice chojnice;10;0.04;3;2024-02-01;10;10;10;10;10;20;20;10;10;10;10;10;0
firmy topole koło chojnic;10;0.0;3;2024-02-01;10;10;10;10;10;10;10;10;10;10;10;10;0
deski chojnice;10;0.0;2;2024-04-24;10;10;10;10;20;20;20;10;20;10;10;10;0
mezoterapia chojnice;10;0.0;2;2024-08-29;10;10;10;10;10;10;10;10;10;10;10;20;0
straż pożarna w chojnicach;10;0.0;3;2024-08-29;10;10;10;10;10;10;10;10;10;10;10;0;0
ryzowe pola restauracja chojnice;10;0.0;4;2024-07-17;10;10;10;10;10;10;10;10;10;10;10;0;0
chojnice domki holenderskie;10;0.0;3;2024-08-23;10;20;10;10;10;10;10;20;10;20;10;10;0
usługi koparko-ładowarką chojnice;10;0.0;4;2024-09-16;10;20;10;50;20;10;10;10;10;10;10;10;0
ośrodek profilaktyki rodzinnej w chojnicach;10;0.0;4;2024-10-01;10;10;10;10;10;10;10;10;10;10;10;10;0
mega praca chojnice;10;0.11;3;2024-10-18;0;0;0;0;0;0;0;0;40;0;0;0;0
czerska chojnice;10;0.0;2;2024-10-22;10;10;10;10;10;10;10;10;10;20;10;10;0
nasz nowy dom w chojnicach 2024;10;0.0;5;2024-09-05;0;0;0;0;0;0;10;0;0;0;0;0;0
chbn nieruchomości chojnice;10;0.0;3;2024-11-04;10;10;10;10;0;10;10;10;10;10;10;10;0
andrzejki 2024 chojnice;10;0.0;3;2024-11-12;0;0;0;0;0;0;0;0;0;50;0;0;0
budowa łodzi chojnice;10;0.0;3;2021-03-10;0;20;10;10;10;10;10;0;0;10;10;10;0
mieszkania chojnice mieszkania chojnicki chojnice nieruchomości;10;0.0;6;2021-03-10;0;0;0;0;0;0;0;0;0;10;0;0;0
komornik chojnice macikowski;10;0.0;3;2021-03-10;0;0;10;0;0;0;10;10;0;0;0;0;0
oferty pracy kierowca chojnice;10;0.07;4;2021-03-10;10;10;10;10;10;10;0;0;10;10;10;10;0
chojniczanka chojnice futbol24;10;0.0;3;2021-03-10;0;0;0;0;0;0;0;10;0;0;0;0;0
badania psychologiczne kierowców chojnice;10;0.0;4;2021-03-10;10;10;10;50;10;0;10;10;10;10;10;10;0
szafy przesuwne na wymiar chojnice;10;0.37;5;2021-03-10;10;10;0;0;10;10;10;0;10;0;10;10;0
samorządni chojnice;10;0.0;2;2021-03-10;0;0;10;0;0;10;0;0;0;10;0;0;0
fitness club chojnice;10;0.0;3;2021-03-10;10;10;10;0;0;10;0;10;10;10;10;10;0
urząd pracy chojnice tarcza antykryzysowa;10;0.0;5;2021-03-10;0;0;0;0;30;40;10;0;10;10;10;0;0
starostwo powiatowe chojnice wydział komunikacji druki;10;0.0;6;2021-03-10;10;0;10;10;0;0;10;0;10;10;10;10;0
naturhouse chojnice;10;0.0;2;2021-03-10;10;10;10;10;10;10;10;10;10;10;0
sukienki ślubne chojnice;10;0.0;3;2021-03-10;0;0;0;10;10;0;10;10;0;0;0;0;0
tanie hotele w chojnicach;10;0.0;3;2021-06-22;10;0;0;10;10;0;10;0;10;10;10;0;1;tanie hotele chojnice
psychotesty dla kierowców chojnice;10;0.0;4;2021-03-10;10;10;10;10;30;10;10;0;10;10;10;10;0
anell chojnice;10;0.0;2;2021-03-10;10;0;0;0;10;0;0;10;10;10;10;10;0
sono club chojnice;10;0.0;3;2021-03-10;10;10;10;10;20;10;10;0;10;10;0;10;0
urbaniak chojnice opinie;10;0.0;3;2021-03-10;10;10;10;10;10;10;10;10;10;0;0;0;0
rolletic chojnice;10;0.0;2;2021-03-10;10;10;10;10;10;10;10;0;0;10;10;10;0
ciezarowka coca cola chojnice;10;0.0;4;2021-03-10;0;0;0;0;0;0;0;0;0;0;10;10;0
galeria w pawłówku koło chojnic;10;0.0;3;2021-03-10;0;0;10;0;0;0;0;0;0;0;0;0;0
wypadek w bursie chojnice;10;0.0;3;2021-03-10;0;0;0;0;10;0;0;0;0;0;0;0;0
instalacje sanitarne chojnice;10;0.0;3;2021-03-10;20;10;10;10;0;10;10;10;70;10;10;10;0
orange chojnice obrońców chojnic 1 chojnice;10;0.0;5;2021-03-10;10;10;10;10;0
komis u daniela chojnice telefony;10;0.0;5;2021-06-22;0;10;10;10;10;10;10;20;10;10;10;0;1;komis telefonów chojnice u daniela
przychodnia eskulap chojnice lekarze;10;0.0;4;2021-03-10;10;10;10;0;0;0;10;0;10;10;10;10;0
oddam kota chojnice;10;0.0;3;2021-03-10;10;10;10;10;10;10;10;10;10;10;10;30;0
pielgrzymka chojnice;10;0.0;2;2021-03-10;10;0;0;10;40;10;20;30;0;10;10;0;0
krzesła chojnice;10;0.0;2;2021-03-10;30;10;10;10;10;10;10;10;10;10;20;10;0
spowiedz chojnice wielki piatek;10;0.0;4;2021-03-10;0;0;0;10;0;0;0;0;0;0;0;0;0
okulista chojnice ożdżyńska;10;0.0;3;2021-03-10;10;0;0;10;10;0;0;0;0;10;10;0;0
tupajka chojnice cennik;10;0.0;3;2021-03-10;10;10;10;10;10;10;10;10;10;10;0;10;0
przychodnia ul mickiewicza chojnice;10;0.0;3;2021-06-22;20;20;10;20;20;10;10;10;10;10;10;10;1;przychodnia chojnice ul mickiewicza
mariusz janik chojnice;10;0.0;3;2021-03-10;10;10;10;10;10;10;10;0;10;10;10;10;0
pascal chojnice plan lekcji;10;0.0;4;2021-03-10;10;10;10;10;0
restauracja cynamon chojnice;10;0.0;3;2021-03-10;0;0;10;10;0;0;0;0;0;0;0;0;0
pss chojnice;10;0.0;2;2021-03-10;10;10;10;10;10;10;10;10;0;10;10;10;0
dr długołęcki chojnice;10;0.0;2;2021-03-10;20;20;10;10;20;10;10;10;10;20;20;20;0
szkoła podstawowa w lichnowach gmina chojnice;10;0.0;5;2021-03-10;0;10;10;10;10;0;10;10;10;10;10;10;0
doradztwo prawne chojnice;10;0.0;3;2021-03-10;0;0;0;0;0;0;0;0;10;10;0;10;0
kantor chojnice carrefour kontakt;10;0.0;4;2021-03-10;0;10;0;0;10;10;10;10;0;10;0;0;0
kościoły w chojnicach msze święte;10;0.0;4;2021-03-10;0;0;0;10;0;0;10;10;0;0;0;0;0
kamienie ozdobne chojnice;10;0.0;3;2021-04-13;10;10;10;0;20;10;10;10;10;10;10;10;0
poczta chojnice ul towarowa;10;0.0;4;2021-03-10;10;20;10;20;10;10;20;10;20;20;10;10;0
sesje fotograficzne chojnice;10;0.0;3;2021-03-17;10;10;10;10;10;10;10;10;0
leczenie nerwicy chojnice;10;0.0;3;2021-03-29;0;0;10;0;0;0;10;10;10;10;10;10;0
obóz harcerski chojnice;10;0.0;3;2021-03-10;10;0;0;0;0;0;0;0;0;0;0;0;0
praca operator wózka widłowego chojnice;10;0.0;5;2021-03-10;0;10;0;10;0;0;0;10;0;0;0;0;0
tiffi chojnice;10;0.0;2;2021-03-10;10;0;0;0;0;0;0;10;10;10;0;10;0
pogotowie energetyczne chojnice telefon;10;0.0;4;2021-03-10;10;10;10;10;10;10;20;10;10;0;10;10;0
jaromir sołtysiak ginekolog chojnice telefon;10;0.0;5;2021-03-10;10;0;10;0;0;0;0;0;0;0;0;0;0
duet chojnice oferta;10;0.0;3;2021-03-10;10;10;10;10;10;10;10;0
tablica 24 chojnice;10;0.0;3;2021-03-10;0;0;10;0;0;0;0;0;0;0;0;0;0
olx meble ogrodowe chojnice;10;0.0;4;2021-05-18;10;0;10;10;20;10;10;10;0;0;0;0;0
praca sprzątaczka chojnice;10;0.0;3;2021-03-10;10;10;10;10;10;10;10;10;10;10;0;10;0
chojnice pokoje gościnne;10;0.0;3;2021-06-22;10;10;0;10;10;10;10;10;0;10;10;10;1;pokoje gościnne chojnice
hotel aubrecht chojnice;10;0.0;3;2021-03-10;0;10;10;0;10;10;10;10;10;10;0;10;0
fabio chojnice tel;10;0.0;2;2021-03-10;0;0;0;0;10;10;10;0;10;0;0;0;0
chojnice rozrywka dla dzieci;10;0.0;3;2021-03-10;10;10;10;10;10;10;10;10;10;10;0
domy weselne chojnice;10;0.0;3;2025-01-20;0;10;0;0;0;0;10;10;0;0;10;0;0
wycieczki jednodniowe z chojnic;10;0.0;3;2025-01-23;0;0;0;0;0;0;0;20;20;40;20;20;0
miasto na trasie świecie chojnice;10;0.0;3;2025-01-23;10;10;10;10;0;10;10;10;10;10;10;10;0
hotel olimp chojnice opinie;10;0.0;4;2021-03-10;10;10;10;10;10;30;10;10;10;10;0
star piercing chojnice cennik;10;0.0;4;2024-12-10;0;0;0;0;0;0;0;0;0;20;20;0;0
t-mobile chojnice carrefour godziny otwarcia;10;0.0;6;2025-01-09;10;10;20;10;10;10;10;10;10;10;10;20;0
ul 31 stycznia chojnice;10;0.0;3;2024-11-30;0;0;0;0;0;0;0;0;0;20;0;0;0
31 stycznia 20 chojnice;10;0.0;4;2024-11-30;10;10;20;10;10;10;10;10;10;10;10;10;0
łóżka chojnice;10;0.0;2;2025-01-07;10;10;10;10;10;10;10;10;10;10;10;10;0
biedronka chojnice godziny otwarcia sylwester;10;0.0;5;2024-12-11;10;0
bar pasibrzuch chojnice;10;0.0;3;2024-12-12;10;10;10;10;10;20;10;10;10;10;0
kancelaria notarialna chojnice zdjęcia;10;0.0;4;2025-01-13;0;0;0;0;0;0;0;0;0;30;20;20;0
f4 chojnice;10;0.0;2;2024-11-27;10;10;10;20;30;10;20;20;20;10;10;20;0
miasto na trasie świecie chojnice krzyżówka;10;0.0;4;2025-01-23;0;0;0;0;0;0;0;0;40;30;10;10;0
geneza club chojnice;10;0.0;3;2021-03-10;0;10;0;10;0;10;10;0;10;10;0;0;0
sklep kross chojnice;10;0.0;3;2021-03-10;10;0;0;0;0;20;10;10;10;10;10;10;0
sm chojnice przetargi;10;0.0;3;2021-03-10;10;10;10;10;10;10;10;10;10;10;0
zaproszenia ślubne chojnice;10;0.0;3;2021-03-10;10;10;10;10;10;10;10;10;10;0
lokale użytkowe chojnice;10;0.0;3;2021-03-10;10;0;10;10;0;10;0;10;10;10;10;0;0
bazylika chojnice pielgrzymka;10;0.0;3;2021-03-10;10;0;0;0;0;10;10;0;0;0;10;0;0
czas chojnic studniówka 2014;10;0.0;4;2021-03-10;0;0;10;0;0;0;0;0;0;10;0;0;0
kwiaciarnia chojnice ul obrońców chojnic;10;0.0;4;2021-03-10;10;10;10;10;10;10;20;10;10;10;10;10;0
chojnice i okolice atrakcje dla dzieci;10;0.0;4;2021-06-22;10;10;10;10;10;20;10;10;10;10;10;1;atrakcje dla dzieci chojnice i okolice
studium medyczne chojnice;10;1.0;3;2021-03-10;0;10;10;10;10;10;10;10;10;10;10;0;0
szpital chojnice rejestracja rezonans;10;0.0;4;2021-03-10;10;0;10;0;0;10;10;0;0;10;0;0;0
kawa czy herbata chojnice;10;0.0;3;2021-03-10;10;0;10;0;0;0;0;0;0;10;0;0;1;chojnice w kawa czy herbata
therapeutica chojnice opinie;10;0.0;3;2021-03-10;10;10;20;10;10;10;10;10;10;10;10;0
sala bankietowa romantica chojnice;10;0.0;4;2021-03-10;10;10;20;10;10;10;10;10;10;10;10;0
cropp sklep chojnice;10;0.0;3;2021-03-10;0;10;10;10;0;0;0;0;0;10;0;0;0
skateshop chojnice;10;0.0;2;2021-03-10;10;0;10;0;0;10;10;10;0;10;10;0;0
frisk chojnice restauracja;10;0.0;3;2021-06-22;10;10;10;10;10;10;10;10;10;10;10;2;restauracja frisk chojnice
frisk restauracja chojnice
chojniczanka chojnice stomil olsztyn live;10;0.0;5;2021-03-10;0;10;0;0;0;0;0;0;0;0;0;0;0
domy na sprzedaż chojnice charzykowy;10;0.0;4;2021-03-10;10;10;10;10;10;10;10;10;10;10;10;0;0
okolice chojnic co warto zobaczyć;10;0.0;4;2021-03-10;0;10;0;0;0;10;10;10;10;10;0;10;2;co warto zobaczyć w okolicach chojnic
chojnice i okolice co warto zobaczyć
multibank chojnice;10;0.0;2;2021-03-10;0;0;10;10;0;10;10;0;0;10;0;0;0
tv internetowa chojnice;10;0.0;3;2021-03-10;10;0;10;10;10;10;0;0;10;10;10;10;0
reserved sklep chojnice;10;0.0;3;2021-03-10;0;0;0;0;0;0;10;0;0;0;10;10;0
schody metalowe zewnętrzne chojnice;10;0.0;4;2024-11-19;10;10;10;10;0;10;0;0;0;0;0;0;0
domek pod sosną chojnice;10;0.0;3;2024-10-30;0;0;0;0;0;0;30;90;30;0;0;0;0
pielgrzymka chojnice 2023;10;0.0;3;2024-11-29;10;10;10;10;0;10;10;10;10;0;10;10;0
pogoda na czerwiec chojnice;10;0.0;3;2021-03-10;10;10;10;0
tomasz gospodarek laryngolog chojnice;10;0.0;4;2021-03-10;10;10;10;0;0;0;0;0;0;0;10;0;0
zespół szkół ponadgimnazjalnych nr 2 w chojnicach;10;0.0;4;2021-03-10;10;0;10;0;10;10;10;10;10;10;0;10;0
kpp chojnice praca;10;0.0;3;2021-04-21;10;10;10;0;10;10;0;0;10;10;10;10;0
wystrój wnętrz chojnice;10;0.0;3;2021-03-10;0;0;0;10;0;0;0;0;0;10;10;10;0
meble i akcesoria chojnice;10;0.0;3;2021-03-10;0;0;0;10;0;0;0;0;0;10;0;0;0
dentysta chojnice gdanska;10;0.0;3;2021-03-10;10;10;0;10;10;10;10;10;10;10;10;0;0
kino chojnice ceny biletów;10;0.0;4;2021-03-10;0;0;10;10;10;10;10;10;10;10;0;10;0
zych chojnice kontakt;10;0.0;3;2021-03-10;10;10;10;10;10;10;10;10;10;10;0;10;0
arka gdynia chojniczanka chojnice live;10;0.0;5;2021-03-10;0;0;0;10;0;0;0;0;0;0;0;0;0
sano chojnice godziny otwarcia;10;0.0;4;2021-03-10;0;0;0;10;0;0;0;0;10;10;0;0;0
biblioteka chojnice wszechnica;10;0.0;3;2021-03-10;10;10;0;10;10;10;0;0;10;0;10;10;0
turniej rycerski chojnice;10;0.0;3;2021-03-10;10;0;0;10;10;10;10;110;10;10;0;0;0
psychiatra chojnice opinie;10;0.0;3;2021-03-10;10;10;10;10;10;10;10;10;10;10;0
inspekcja pracy chojnice kontakt;10;0.0;4;2021-03-10;0;10;0;10;10;10;10;10;10;10;10;10;0
aquapark chojnice ceny;10;0.0;3;2021-03-10;0;0;10;10;0;10;0;10;0;0;0;0;0
pkp chojnice gdańsk główny;10;0.0;4;2021-03-10;0;10;10;10;10;10;10;10;10;10;10;20;0
olx chojnice drewno opalowe;10;0.0;4;2021-03-10;10;10;10;0;10;10;10;10;10;10;30;0;0
stroje karnawałowe chojnice;10;0.33;3;2021-03-10;40;10;10;10;0;0;0;0;0;10;10;10;0
chojnice hotele pensjonaty;10;1.35;3;2021-03-10;10;10;10;10;10;0;10;0;10;20;10;10;0
kostka brukowa chojnice ginter cennik;10;0.0;5;2021-03-10;0;0;10;10;10;10;0;0;0;10;10;10;0
chojnice dla was;10;0.0;2;2021-03-10;20;10;50;10;10;10;10;10;10;10;0
nowa pizzeria chojnice;10;0.0;3;2021-03-10;10;10;10;10;10;10;20;10;10;0
frisk chojnice facebook zdjecia;10;0.0;4;2021-03-10;0;0;10;10;0;0;0;0;0;10;0;0;0
zielony dom chojnice;10;0.0;3;2021-04-21;10;10;10;0
zakupy spożywcze online chojnice;10;0.0;4;2021-04-21;0;0;70;40;10;10;0;10;0;10;10;10;0
zespół avers chojnice;10;0.0;3;2021-04-21;10;10;0;0;10;10;10;10;0;10;0;10;0
transport chojnice niemcy;10;0.0;3;2021-03-10;10;10;0;0;0;0;0;10;0;0;0;0;0
frisk chojnice dyskoteka;10;0.0;3;2021-06-22;10;10;10;0;10;10;0;10;0;0;0;0;1;dyskoteka frisk chojnice
czas chojnic oferty pracy;10;0.0;4;2021-03-10;10;0;0;10;10;0;0;10;0;10;10;0;0
agata meble chojnice godziny otwarcia;10;0.0;5;2021-03-10;10;20;10;0;10;10;10;10;10;10;10;10;0
motocykle z usa chojnice;10;0.0;4;2021-03-10;0;0;0;10;0;10;0;0;10;0;0;0;0
carrefour chojnice promocje;10;0.0;3;2021-03-10;0;0;10;0;0;0;0;0;0;10;10;10;0
auta ze stanów chojnice;10;0.0;3;2021-03-10;10;10;10;10;10;10;10;10;10;10;10;10;0
meble do sypialni chojnice;10;0.0;3;2021-04-21;10;10;10;0;0;10;0;10;0;0;0;0;0
eskulap chojnice godziny przyjęć;10;0.0;4;2021-04-21;0;0;0;0;0;10;0;0;0;0;10;0;0
ostrzenie łyżew chojnice;10;0.0;3;2021-04-21;10;0;0;0;0;0;0;0;0;0;10;0;0
dj alain chojnice;10;0.0;3;2021-03-10;30;10;10;10;10;10;0;0;0;0;0;20;0
west service przewóz osób chojnice;10;0.0;5;2021-03-10;10;10;10;10;10;10;10;10;10;20;10;10;0
przyczepy brenderup chojnice;10;0.0;3;2021-03-10;10;10;10;10;10;0
wynajem limuzyn chojnice;10;0.0;3;2021-06-22;0;0;10;10;0;10;10;10;0;0;0;10;1;wynajem limuzyny chojnice
plantacja choinek chojnice;10;0.0;3;2021-03-10;10;10;10;10;10;90;0
tapicerstwo samochodowe chojnice;10;0.0;3;2021-03-10;0;0;10;10;0;10;10;0;10;10;10;0;0
porożyński tadeusz całodobowy zakład pogrzebowy chojnice;10;0.0;6;2021-03-10;10;0;10;10;10;10;10;10;0;10;10;0;0
kolor fest chojnice 2019;10;0.0;4;2021-03-10;0;0;0;0;0;0;10;10;0;0;0;0;0
łodzie wiosłowe chojnice;10;0.0;3;2021-03-10;10;10;10;10;10;10;10;10;10;0;10;10;0
zlot motocyklowy chojnice;10;0.0;3;2021-04-21;10;0;0;20;10;10;10;10;10;10;10;10;0
poczta chojnice towarowa kontakt;10;0.0;4;2021-03-10;0;0;10;10;0;10;10;10;10;0;10;10;0
sklep pepco chojnice;10;0.0;3;2021-03-10;10;0;10;10;10;10;0;0;10;0;10;10;0
mtu chojnice;10;2.77;2;2021-03-10;10;0;10;10;10;10;0;10;10;10;10;0;0
firmy budowlane chojnice forum;10;0.0;4;2021-03-10;10;10;10;10;10;10;10;10;0
galeria victoria chojnice praca;10;0.0;4;2021-03-10;0;10;10;0;0;0;0;0;0;10;0;0;0
regeneracja maglownic chojnice;10;1.06;3;2021-05-05;10;10;10;10;0;0;20;10;10;10;10;10;0
czas chojnic ostatnie wydanie;10;0.0;4;2021-03-10;10;10;10;10;10;10;10;10;10;10;0;0;0
adwokat chojnice opinie;10;0.0;3;2021-03-10;10;10;10;10;10;10;10;10;10;10;0;10;0
pkw chojnice;10;0.0;2;2021-03-10;0;10;10;0;0;0;0;0;0;10;0;0;0
podłogi drewniane chojnice;10;2.57;3;2021-03-10;10;20;10;10;0;10;10;10;10;30;20;20;0
naprawa okien chojnice;10;0.0;3;2021-03-10;10;10;0;10;10;10;10;10;10;10;10;10;0
carrefour ogród chojnice;10;0.0;3;2021-03-10;0;10;10;10;10;10;10;10;0;0;0;0;0
festiwal baniek chojnice;10;0.0;3;2021-03-10;0;0;0;0;0;10;10;50;0;0;0;0;0
praca tuchola chojnice;10;0.0;3;2021-03-10;0;10;10;0;10;10;10;10;0;10;10;10;0
ortopeda chojnice gabinet prywatny;10;0.0;4;2021-03-10;10;0;0;0;0;0;0;0;0;0;0;0;0
grabowski endokrynolog chojnice;10;0.0;3;2021-06-22;10;20;10;10;20;10;10;10;20;10;10;10;1;endokrynolog chojnice grabowski
wynajmę pokój chojnice;10;0.0;3;2021-03-10;10;10;10;10;10;10;10;0;10;30;10;10;0
hotel ratuszowy chojnice telefon;10;0.0;4;2021-03-10;10;10;10;10;10;10;10;10;10;10;10;0
usługi fotograficzne chojnice;10;0.0;3;2021-03-10;10;10;10;10;30;10;0;0;0;0;0;0;0
kebab chojnice pasha;10;0.0;3;2021-03-10;10;10;0;10;10;10;10;10;10;10;10;10;0
studium kosmetyczne chojnice;10;0.0;3;2021-03-10;10;10;10;10;0;10;10;10;10;10;10;0;0
prywatny gabinet ginekologiczny chojnice;10;0.0;4;2021-03-10;10;10;10;10;10;10;10;0;10;10;0;0;0
ustawianie anten chojnice;10;0.0;3;2021-03-10;10;0;0;10;0;10;10;10;10;10;10;10;0
starostwo powiatowe chojnice wydział komunikacji prawo jazdy;10;0.0;7;2021-03-10;10;0;0;0;10;0;10;10;0;0;10;10;0
technikum policyjne chojnice;10;0.0;3;2021-03-10;10;10;10;10;20;10;10;10;10;0;10;10;0
klinika kręgosłupa chojnice;10;0.0;3;2021-03-10;0;0;0;0;0;0;0;0;0;0;0;10;0
www praca chojnice pl;10;0.0;2;2021-03-10;10;10;10;0;0;10;0;0;0;0;10;0;0
grupa wsparcia chojnice;10;0.0;3;2021-03-10;10;0;0;10;10;10;10;10;10;10;10;10;0
stomil olsztyn vs chojniczanka chojnice;10;0.0;5;2021-03-10;0;0;0;0;0;30;0;0;0;0;0;0;0
biuro obsługi klienta enea chojnice godziny otwarcia;10;0.0;7;2021-03-10;10;10;10;10;10;10;10;10;10;0
zsp nr 3 chojnice;10;0.0;2;2021-03-10;10;10;10;10;10;0;0;10;10;10;0;10;0
dom gościnny opus chojnice;10;0.0;4;2021-03-10;10;10;10;10;10;10;10;10;10;10;0;10;0
pkp chojnice rozkład jazdy pociągów;10;0.0;5;2021-03-10;10;10;0;0;0;10;10;10;10;10;10;10;0
allegro mieszkania i domy na sprzedaż chojnice;10;0.0;5;2021-03-10;10;10;40;30;20;20;10;10;10;10;1;allegro mieszkania i domy na sprzedaz chojnice
bezpłatne ogłoszenia chojnice;10;0.0;3;2021-03-10;0;10;10;0;10;0;10;10;10;0;10;10;0
biokominki chojnice;10;0.0;2;2021-03-10;10;10;10;10;10;10;0
jarmark bożonarodzeniowy chojnice;10;0.0;3;2021-03-10;0;0;10;0;0;10;10;0;0;10;10;10;0
olx chojnice psy;10;0.0;3;2021-03-10;10;10;20;10;10;30;30;10;10;10;10;10;0
mieszkania urbaniak chojnice opinie;10;0.0;4;2021-03-10;10;10;10;0;10;10;10;10;0;10;0;10;0
salus chojnice usg;10;0.0;3;2021-03-10;10;10;10;10;10;10;10;10;0;10;10;10;0
szkoła języków obcych chojnice;10;0.0;4;2021-03-10;10;10;10;0;0;10;10;10;10;10;10;10;0
materace relaks chojnice praca;10;0.0;4;2021-03-10;10;0;0;0;10;10;0;0;10;10;0;0;0
wypożyczalnia strojów dla dzieci chojnice;10;0.0;5;2021-03-10;10;10;0;0;10;10;0;0;10;10;10;10;0
tz auto chojnice;10;0.0;3;2021-03-10;0;0;0;0;0;10;10;0;10;10;0;0;0
obrączki ślubne chojnice;10;0.0;3;2021-03-10;10;10;10;10;10;10;10;10;10;10;0
kebab chojnice stary rynek;10;0.0;4;2021-03-10;10;10;10;10;10;10;10;10;10;0;10;10;0
producent mebli chojnice;10;0.41;3;2021-06-22;10;30;10;20;10;20;10;20;10;10;10;10;1;meble chojnice producent
chojnice kamera live;10;0.0;3;2021-03-10;10;10;10;10;10;10;10;10;0;0;10;10;0
biuro nieruchomości chojnice ul prochowa;10;0.0;5;2021-03-10;0;0;0;0;0;0;0;10;10;0;0;10;0
czas chojnic ogłoszenia nieruchomości;10;0.0;4;2021-03-10;10;10;0
urząd celny chojnice kontakt;10;0.0;4;2021-03-10;0;10;10;0;10;10;0;0;0;10;0;10;0
salus chojnice endokrynolog;10;0.0;3;2021-06-22;20;10;20;20;20;20;10;20;10;10;10;10;1;endokrynolog chojnice salus
wybory do rady miasta chojnice;10;0.0;5;2021-03-11;0;0;0;0;0;10;0;0;0;0;0;0;0
praca chojnice policja;10;0.0;3;2021-06-22;10;10;10;10;0;10;10;10;0;10;0;0;2;praca policja chojnice
policja chojnice praca
vobis kaufland chojnice godziny otwarcia;10;0.0;5;2021-03-11;10;10;10;0
lichnowy gmina chojnice;10;0.0;3;2021-03-11;0;10;10;10;10;10;10;10;10;10;10;10;0
chojnice zdjęcia miasta;10;0.0;3;2021-03-11;10;10;10;10;10;10;10;10;10;10;0;0;0
gryf wejherowo chojniczanka chojnice;10;0.0;4;2021-03-11;0;10;0;0;0;0;0;0;0;0;10;0;0
dawid rudnik chojnice;10;0.0;3;2021-03-11;0;0;10;0;0;10;0;10;0;10;0;10;0
pss społem chojnice;10;0.0;3;2021-03-11;10;10;10;10;0;10;10;10;10;10;10;10;0
4f chojnice brama pomorza;10;0.0;4;2021-03-11;10;10;10;10;10;10;10;10;10;10;10;0
salon meblowy spar meble chojnice;10;0.0;5;2021-03-11;10;10;10;10;10;10;10;10;10;10;0
gratka chojnice;10;0.08;2;2021-03-11;10;10;10;10;10;10;10;10;10;0
chrobry głogów chojniczanka chojnice live;10;0.0;5;2021-03-11;0;0;0;10;10;0;10;110;0;0;0;0;0
kseon chojnice;10;0.0;2;2021-03-11;0;10;0;10;10;10;10;0;0;0;0;0;0
zalane chojnice;10;0.0;2;2021-03-11;0;10;10;10;140;10;10;0;0;0;0;0;0
oprawa muzyczna ślubu chojnice;10;0.0;4;2021-03-11;10;10;10;10;10;10;10;10;10;0;10;10;0
stoły chojnice;10;0.0;2;2021-03-11;10;10;10;10;10;10;10;0;10;10;10;10;0
obróbka metali chojnice;10;0.0;3;2021-03-11;0;10;0;10;0;10;10;0;10;10;0;0;0
sklep sportowy chojnice sukienników;10;0.0;4;2021-03-11;10;10;10;10;10;10;10;10;10;10;0
praca asystentka stomatologiczna chojnice;10;0.0;4;2021-03-11;10;0;0;10;10;0;10;0;10;0;10;10;0
chojnice chińska restauracja;10;0.0;3;2021-06-22;10;30;10;10;10;20;20;10;10;10;10;10;2;restauracja chińska chojnice
chińska restauracja chojnice
domy plus chojnice;10;0.0;3;2021-03-11;10;0
komputronik chojnice godziny otwarcia;10;0.0;4;2021-03-11;10;10;10;0;10;0;10;0;10;0;0;0;0
gmina chojnice działki;10;0.0;3;2021-03-11;10;10;10;10;10;10;10;10;10;0
notera hotel spa chojnice;10;0.0;4;2021-03-11;10;10;10;10;10;10;10;0;10;10;10;10;0
lokale wyborcze chojnice;10;0.0;3;2021-03-11;0;10;0;0;0;0;0;0;0;0;0;0;0
tani sylwester chojnice;10;0.0;3;2021-03-11;0;0;10;0;0;0;0;0;0;0;0;0;0
u daniela chojnice godziny otwarcia;10;0.0;4;2021-03-11;10;0;10;10;0;0;10;0;0;10;0;0;0
daria wcisło chojnice;10;0.0;3;2021-03-11;10;10;10;10;10;10;10;10;10;10;10;0;0
kotły co chojnice;10;0.0;3;2021-03-11;50;10;10;10;10;10;0;10;10;0;10;20;0
odnowa w duchu świętym chojnice rekolekcje;10;0.0;5;2021-03-11;10;10;10;0;0;10;10;0;0;10;0;10;0
wydział komunikacji chojnice druki;10;0.0;4;2021-03-11;0;10;10;10;10;10;0;10;0;10;10;10;0
grabowski chojnice medycyna pracy;10;0.0;4;2021-03-11;10;0;10;10;0;10;0;0;10;0;0;0;0
praca wykładanie towaru chojnice;10;0.0;4;2021-03-11;0;0;10;10;10;0;10;0;0;10;10;0;0
co w chojnicach;10;0.0;1;2021-06-22;10;10;10;10;10;10;10;10;10;10;0
praca wakacyjna chojnice;10;0.0;3;2021-03-11;0;10;10;10;20;30;20;10;0;0;0;0;0
ekbud chojnice cennik;10;0.0;3;2021-03-11;10;10;10;10;10;10;10;10;10;10;0
maciej kowalski stomatolog chojnice;10;0.0;4;2021-03-10;10;10;0;0;0;0;0;0;0;0;10;10;0
wypadek chojnice wczoraj;10;0.0;3;2021-03-10;10;10;10;10;0;10;10;10;10;10;10;10;0
mikrolab chojnice;10;0.0;2;2021-03-10;10;10;10;10;10;10;10;10;0
medyczne studium zawodowe chojnice;10;0.0;4;2021-03-10;10;10;0;0;10;10;10;0;10;10;10;10;0
bańki mydlane chojnice;10;0.0;3;2021-03-10;0;0;0;0;0;0;10;10;0;0;0;0;0
depilacja laserowa chojnice forum;10;0.0;4;2021-03-10;0;0;0;0;0;0;0;0;0;10;0;0;0
perfekt meble chojnice;10;0.0;3;2021-03-10;10;10;10;10;10;10;10;10;20;20;10;10;0
cleo sklep meblowy chojnice;10;0.0;4;2021-03-10;10;10;0;0;0;0;0;0;0;0;10;0;0
mieszkania chojnice kościerska;10;0.0;3;2021-03-10;0;0;0;0;0;10;0;0;0;0;0;10;0
platforma obywatelska chojnice;10;0.0;3;2021-03-10;10;10;10;10;10;10;0;10;10;0;10;10;0
komfort chojnice godziny otwarcia;10;0.0;4;2021-03-10;10;10;10;10;10;10;20;20;20;10;20;20;0
kwiaciarnia wysyłkowa chojnice;10;0.0;3;2021-03-10;10;10;10;10;10;0;10;10;0;0;10;10;0
hurtownia paliw chojnice;10;0.0;3;2021-03-10;10;10;10;10;10;10;0;10;10;0;10;10;0
żagiel chojnice;10;0.0;2;2021-03-10;10;10;0;0;0;0;10;10;0;0;10;0;0
sklep deichmann chojnice;10;0.0;3;2021-03-10;10;10;10;10;10;10;10;10;10;10;10;0;0
dworzec pkp chojnice kontakt;10;0.0;4;2021-03-10;10;10;10;10;10;10;10;10;10;10;0
mcdonald chojnice praca;10;0.08;3;2021-06-22;20;10;10;10;10;10;10;10;10;10;10;1;praca mcdonald chojnice
marine boat chojnice;10;0.0;3;2021-03-10;10;10;10;10;10;0;0;20;10;30;10;10;0
chojniczanka chojnice lechia gdańsk;10;0.0;4;2021-03-10;0;0;0;0;0;0;10;0;10;0;10;10;0
inbud chojnice;10;0.0;2;2021-03-10;0;10;10;10;0;0;0;10;0;10;0;10;0
smyk sklep chojnice adres;10;0.0;4;2021-03-10;10;10;10;10;0;10;0;10;10;10;10;20;0
rtv euro agd chojnice gazetka;10;0.0;5;2021-03-10;0;10;10;0;0;0;0;0;0;0;0;10;0
czarna lista pracodawców chojnice;10;0.0;4;2021-03-10;0;0;0;0;0;0;0;0;0;0;10;0;0
rozkład pociągów chojnice gdynia;10;0.0;4;2021-03-10;0;10;10;0;0;0;0;0;0;0;0;0;0
orsmed centrum medyczne chojnice;10;0.0;4;2021-03-10;10;10;10;10;10;10;10;10;10;0
spichlerz chojnice;10;0.0;2;2021-03-10;10;0;10;10;20;10;10;20;10;10;10;10;0
wywóz odpadów chojnice;10;0.0;3;2021-03-10;10;10;10;10;10;10;10;10;10;10;10;10;0
tuw chojnice;10;0.0;2;2021-03-10;10;10;10;10;10;0;10;10;10;10;10;10;0
gks tychy vs chojniczanka chojnice;10;0.0;5;2021-03-10;0;0;0;0;0;0;10;0;0;0;20;0;0
seko chojnice sklep firmowy;10;0.0;4;2021-03-10;10;10;10;10;10;0;0;20;10;10;10;10;0
elita chojnice opinie;10;0.0;3;2021-03-10;0;0;0;10;0;10;10;0;10;0;10;0;0
hegard hurtownia artykułów biurowych chojnice;10;0.0;5;2021-03-10;10;10;10;10;10;10;10;10;0
wywóz śmieci chojnice harmonogram;10;0.0;4;2021-03-10;10;10;10;10;10;10;10;10;10;10;10;10;0
strajk nauczycieli chojnice;10;0.0;3;2021-03-10;0;0;0;0;0;0;0;10;0;10;0;0;0
meble ogrodowe drewniane chojnice;10;0.0;4;2021-03-10;10;10;20;30;10;10;40;10;10;0
bazylika mniejsza chojnice spowiedz;10;0.0;4;2021-03-10;0;10;0;10;10;10;10;10;0;0;10;10;0
markizy tarasowe chojnice;10;0.0;3;2021-03-10;10;10;10;10;10;10;10;0
bilety do kina chojnice;10;0.0;3;2021-03-10;10;10;10;10;10;10;10;10;10;1;kino chojnice bilety
chojnice galeria zdjęć;10;0.0;3;2021-03-10;10;10;10;0;0;0;0;0;0;0;10;0;0
pogoń siedlce chojniczanka chojnice live;10;0.0;5;2021-03-10;0;0;10;0;0;0;0;0;0;0;0;0;0
informacja pkp chojnice informacja kolejowa;10;0.0;5;2021-03-10;10;0;0;0;0;0;0;0;0;0;0;10;0
media expert gazetka chojnice;10;0.0;4;2021-03-10;0;0;0;0;10;0;0;0;0;0;0;0;1;media expert chojnice gazetka
endokrynolog chojnice solmed;10;0.0;3;2021-03-10;10;10;10;10;10;10;10;0
klub infinity chojnice;10;0.0;3;2021-03-10;10;10;10;10;10;0
beata zielińska ginekolog chojnice;10;0.0;4;2021-03-10;10;10;10;10;10;10;10;10;10;10;0;10;0
jezioro łabędzie chojnice;10;0.0;3;2021-03-10;0;0;10;0;0;0;0;0;0;0;10;0;0
fachowiec chojnice;10;0.0;2;2021-03-10;20;20;10;10;0;0;10;0;0;0;0;0;0
tor kartingowy chojnice cennik;10;0.0;4;2021-03-10;10;10;0;10;10;10;20;30;10;10;10;10;0
pozyczki bez bik chojnice;10;0.0;4;2021-03-10;0;10;0;10;10;10;10;0;10;0;10;10;0
davebikes serwis i sklep rowerowy chojnice;10;0.0;5;2021-03-10;10;0
zielone domy chojnice nip;10;0.0;4;2021-03-10;10;0
praca inwentaryzacja chojnice;10;0.0;3;2021-03-10;10;0;10;0;0;10;10;10;10;10;0;10;0
cynamon club chojnice;10;0.0;3;2021-03-10;0;10;0;0;10;0;0;0;10;10;10;0;0
naprawa agd chojnice angowicka;10;0.0;4;2021-03-10;10;10;10;10;10;10;10;0
powiat chojnice domy;10;0.0;3;2021-03-10;10;10;0
pogoda tvn meteo chojnice;10;0.0;4;2021-03-10;10;10;10;10;10;30;20;10;10;10;10;10;1;pogoda chojnice tvn meteo
czas chojnic archiwum;10;0.0;3;2021-03-10;10;10;10;10;10;10;10;10;10;10;0;10;0
wypożyczalnia sukien ślubnych chojnice;10;0.0;4;2021-03-10;20;20;10;10;10;20;20;10;10;10;10;0
seko chojnice opinie;10;0.0;3;2021-03-10;10;10;10;10;10;10;10;10;10;0;10;10;0
kebab izmir chojnice godziny otwarcia;10;0.0;5;2021-03-10;10;10;10;10;10;10;10;10;10;10;10;0
pozyczki pozabankowe chojnice;10;0.0;3;2021-03-10;10;10;10;10;10;10;10;10;0
obi chojnice oferty pracy;10;0.0;4;2021-03-10;10;0;10;10;10;0;10;0;0;0;0;0;0
karnisze chojnice;10;0.0;2;2021-03-10;10;10;10;10;20;10;10;20;10;10;10;0;0
wypadek chojnice brusy;10;0.0;3;2021-03-10;10;10;10;10;0;10;10;0;0;10;10;10;0
pub przebieralnia chojnice;10;0.0;3;2021-03-10;0;10;10;10;10;0;0;0;10;0;0;10;1;przebieralnia pub chojnice
szpital chojnice poradnia laryngologiczna;10;0.0;4;2021-03-10;10;10;10;10;10;10;0;10;10;10;10;10;0
eurostandard chojnice kabiny;10;0.0;3;2021-03-10;10;10;0
prawo jazdy chojnice ceny;10;0.0;4;2021-03-10;10;10;10;10;10;10;10;10;10;10;0
rms meble chojnice;10;0.0;3;2021-03-10;10;10;10;10;10;10;10;10;10;10;0
chojnice24 chojnice;10;0.0;2;2021-03-10;0;10;10;10;10;0;0;0;0;0;0;0;0
optyk chojnice ul młyńska;10;0.0;3;2021-03-10;10;10;10;10;10;10;10;10;10;0;10;10;0
agnes chojnice;10;0.0;2;2021-03-10;10;0;10;0;10;10;0;10;10;10;10;10;0
schronisko chojnice galeria;10;0.0;3;2021-03-10;0;0;0;0;0;0;10;0;0;0;0;0;0
bór chojnice;10;0.0;2;2021-03-10;0;10;10;0;0;0;0;0;10;10;10;0;0
brama pomorza chojnice autobusy;10;0.0;4;2021-03-10;10;0;0;10;0;10;10;0;10;10;10;10;0
olx chojnice telewizory;10;0.0;3;2021-03-10;10;10;10;10;10;10;10;10;10;10;10;10;0
chojnice bieg 2015;10;0.0;3;2021-03-10;0;0;10;0;0;0;0;0;0;0;10;0;1;biegi chojnice 2015
media expert chojnice oferta;10;0.0;4;2021-03-10;0;10;0;0;0;0;0;0;0;0;0;10;0
frezowanie cnc chojnice;10;0.0;3;2021-03-10;10;10;0;10;10;10;10;0;10;10;0;10;0
orkiestra weselna chojnice;10;0.0;3;2021-03-10;0;0;0;0;10;0;0;10;10;10;0;0;0
serwis laptopów chojnice;10;0.0;3;2021-03-10;10;10;10;10;0;10;10;10;10;10;10;0;0
seko sa chojnice zakładowa 3;10;0.0;4;2021-03-10;10;10;10;0;0;10;0;10;0;10;10;10;0
gino rossi chojnice;10;0.0;3;2021-03-10;10;10;10;10;10;10;10;10;10;0
bemax bus rozkład jazdy chojnice brusy;10;0.0;6;2021-03-10;10;10;10;0;10;10;0;0;10;0;10;0;0
mieszkania chojnice wyszyńskiego;10;0.0;3;2021-03-10;10;10;10;10;10;10;10;0;10;10;10;10;1;mieszkania wyszyńskiego chojnice
przedluzanie wlosow chojnice;10;0.0;3;2021-06-22;10;10;10;10;10;10;10;10;10;10;10;10;1;przedłużanie włosów chojnice
msze święte chojnice fatima;10;0.0;4;2021-03-10;10;0;10;0;0;0;10;0;0;0;10;0;0
sala ul jabłoniowa chojnice;10;0.0;3;2021-03-10;10;0;0;0;10;10;0;20;0;10;10;0;0
wybory samorządowe 2014 chojnice;10;0.0;4;2021-03-10;0;10;10;0;0;0;0;0;0;10;0;0;0
gwiździel chojnice praca;10;0.0;3;2021-03-10;10;10;10;10;10;10;10;10;10;10;0;10;0
tako sklep odzieżowy chojnice;10;0.0;4;2021-03-10;0;0;0;0;0;0;0;0;0;0;10;0;0
ginekolog chojnice armada;10;0.0;3;2021-03-10;10;10;10;10;10;10;10;10;10;10;10;1;armada chojnice ginekolog
kurs na przewóz rzeczy chojnice;10;0.0;4;2021-03-10;10;10;10;10;10;10;10;10;10;10;10;10;0
dobry dach chojnice kontakt;10;0.0;4;2021-03-10;20;20;20;10;10;10;10;10;10;30;10;20;0
komisy samochodowe chojnice i okolice;10;0.0;5;2021-03-10;10;10;10;10;30;0;10;10;10;10;10;20;0
ulotki chojnice;10;0.0;2;2021-03-10;10;10;10;10;10;10;10;10;0
technikum chojnice profile;10;0.0;3;2021-03-10;0;10;10;10;10;10;10;10;10;10;10;0;0
busy polska niemcy chojnice;10;0.0;4;2021-03-10;0;10;0;0;0;0;10;10;10;0;0;0;0
uczelnie chojnice;10;1.13;2;2021-03-10;10;10;10;10;10;10;10;10;10;0;10;10;0
fabryka materaców relax chojnice;10;0.0;4;2021-03-10;0;0;0;10;0;10;0;0;0;0;0;0;0
konkret chojnice;10;0.0;2;2021-03-10;0;10;10;0;10;10;0;0;0;0;0;0;0
szkoła ponadgimnazjalna chojnice;10;0.0;3;2021-03-10;10;10;0;10;10;10;0;10;0;10;10;10;0
odkurzacze centralne chojnice;10;0.0;3;2021-03-10;10;10;10;10;10;10;10;10;10;10;0
gazownia chojnice plac piastowski;10;0.0;4;2021-03-10;10;10;0;10;10;10;10;10;10;10;10;0;0
pracownia protetyczna chojnice;10;0.0;3;2021-03-10;10;10;10;10;10;0;10;0;10;10;10;10;0
jastruna chojnice;10;0.0;2;2021-03-10;10;10;10;10;10;10;10;10;10;10;0;10;0
restauracja pub 7 chojnice;10;0.0;4;2021-03-10;10;0;0;10;10;10;0;10;10;0;0;0;0
pergole drewniane chojnice;10;0.0;3;2021-03-10;0;0;0;0;0;20;10;10;10;0;0;0;0
grawerowanie laserowe chojnice;10;0.0;3;2021-03-10;0;0;0;0;0;0;10;0;0;0;0;0;0
noclegi chojnice lichnowska;10;0.0;3;2021-03-10;10;10;10;10;10;0;10;10;10;10;10;10;0
stobud chojnice;10;0.0;2;2021-03-10;10;10;10;10;10;10;10;10;10;10;10;0
osiedle parkowe chojnice;10;0.0;3;2021-03-10;10;10;10;10;10;10;0
pizzeria metro chojnice menu;10;0.0;4;2021-03-10;10;10;10;10;10;10;10;10;10;10;10;10;0
gim 1 chojnice;10;0.0;2;2021-03-10;10;0;0;0;10;10;10;10;10;0;10;10;0
ira koncert chojnice;10;0.0;3;2021-06-22;0;0;10;0;0;0;0;0;0;10;0;0;1;koncert ira chojnice
szypryt chojnice numer telefonu;10;0.0;4;2021-03-10;10;10;10;10;10;10;10;10;10;10;0
dworzec pkp chojnice kasa;10;0.0;4;2021-03-10;0;0;0;0;10;10;0;10;10;0;0;0;0
pasibrzuch chojnice piłsudskiego;10;0.0;3;2021-03-10;0;0;0;10;0;0;0;0;0;0;10;0;0
czas chojnic gazeta ogłoszenia;10;0.0;4;2021-03-10;0;10;0;0;10;10;0;10;10;10;10;0;0
ka na ma chojnice;10;0.0;2;2021-03-10;10;10;10;10;10;10;10;10;20;10;10;10;0
laski chojnice;10;0.0;2;2021-03-10;10;10;10;10;10;10;10;10;40;10;0;0;0
jard meble chojnice;10;0.0;3;2021-03-10;30;20;10;10;10;10;10;10;10;30;20;30;0
pogoda na 14 dni chojnice;10;0.0;5;2021-03-10;10;10;10;10;10;10;10;10;10;10;10;0;0
tablica olx chojnice;10;0.0;3;2021-03-10;10;10;10;10;0;0;0;10;10;10;10;10;0
opus chojnice sylwester;10;0.0;3;2021-03-10;0;10;0;0;0;0;0;0;0;0;0;0;0
marcopol chojnice;10;0.0;2;2021-03-10;0;10;10;0;10;10;10;0;10;10;10;0;0
baustoff metall color chojnice;10;0.0;4;2021-03-10;10;10;10;10;10;10;10;10;10;0;10;0;0
jubiler alicja chojnice godziny otwarcia;10;0.0;5;2021-03-10;10;10;10;10;10;10;10;10;10;10;10;0
chojnice legia warszawa;10;0.0;3;2021-03-10;0;0;0;0;0;0;0;10;0;0;0;0;0
chojnice praca ogłoszenia olx;10;0.0;4;2021-03-11;0;0;0;10;0;0;10;0;0;0;0;0;0
sklepy z butami chojnice;10;0.0;4;2021-03-11;10;0;10;10;10;10;10;10;10;0;10;0;0
chałupnictwo chojnice;10;0.0;2;2021-03-10;10;10;10;0;0;0;10;0;0;10;0;0;0
dps chojnice ul leśna 12;10;0.0;4;2021-03-10;0;0;0;10;0;0;0;0;10;0;10;0;0
enea sa chojnice;10;0.0;3;2021-03-10;10;10;10;10;10;0;10;0;10;10;10;10;0
sklep ikea chojnice;10;0.0;3;2021-03-11;0;10;0;0;0;0;10;0;0;0;0;10;0
myjnia samochodowa chojnice ogrodowa;10;0.0;4;2021-03-11;0;0;10;10;10;0;10;10;10;10;10;0;0
meble chojnice 14 lutego;10;0.0;4;2021-03-11;10;0;10;0;0;0;0;0;0;0;0;10;1;meble 14 lutego chojnice
komisy i giełdy samochodowe chojnice;10;0.0;4;2021-03-11;10;0;10;0;0;0;0;0;0;0;0;10;0
pizzeria da grasso chojnice menu;10;0.0;5;2021-03-11;10;10;10;10;10;10;0;10;10;10;10;10;0
połączenia pks chojnice tuchola;10;0.0;4;2021-03-11;10;10;10;10;10;10;20;10;10;10;0
podyplomowe chojnice;10;6.51;2;2021-03-11;10;10;10;10;10;10;10;10;10;10;10;0;0
orange chojnice stary rynek kontakt;10;0.0;5;2021-03-11;0;0;0;0;10;0;10;0;0;0;0;0;0
olimpia grudziądz chojniczanka chojnice;10;0.0;4;2021-03-11;10;0;10;0;10;10;10;10;0;0;10;10;0
szkoły wyższe w chojnicach;10;0.0;3;2021-06-22;10;10;10;10;0;0;10;10;10;10;10;10;3;szkoła wyższa chojnice
wyższa szkoła chojnice
szkoły wyższe chojnice
turniej rycerski chojnice 2018;10;0.0;4;2021-03-11;0;10;0;10;0;0;0;0;0;0;0;0;0
kursy nurkowania chojnice;10;0.0;3;2021-03-11;0;0;0;0;0;0;0;10;0;0;10;0;0
gemcars wypożyczalnia wynajem aut chojnice;10;0.0;5;2021-03-11;10;10;10;10;10;10;10;10;10;10;0
hurtownia pokryć dachowych chojnice;10;0.0;4;2021-03-11;10;10;10;10;10;10;10;10;10;10;10;0
przychodnia wiejska chojnice godziny otwarcia;10;0.0;5;2021-03-11;0;0;10;0;10;0;0;10;10;0;0;10;0
sklep rtv euro agd chojnice;10;0.0;5;2021-03-11;10;0;0;0;0;0;10;10;10;10;10;10;0
chojnice swornegacie bus;10;0.0;3;2021-03-11;10;10;10;10;10;10;10;10;0
oknopol chojnice;10;0.0;2;2021-03-11;0;0;10;0;10;0;0;0;0;0;0;0;0
huśtawki ogrodowe chojnice;10;0.0;3;2021-03-11;0;0;10;30;20;10;10;10;10;0;10;0;0
stomil olsztyn chojniczanka chojnice;10;0.0;4;2021-03-11;0;10;10;10;10;0;10;10;70;0;0;0;0
apteka hebe chojnice;10;0.0;3;2021-03-11;0;0;0;0;10;10;0;0;0;0;0;10;0
mieszkania chojnice rynek pierwotny;10;0.0;4;2021-03-11;10;10;10;10;10;10;0
basen chojnice ceny;10;0.0;3;2021-06-22;0;10;10;0;10;10;10;10;10;10;10;0;1;basen chojnice cena
kino letnie chojnice;10;0.0;3;2021-03-11;10;0;0;0;10;10;10;10;0;0;0;0;0
drobet chojnice godziny otwarcia;10;0.0;4;2021-03-11;0;0;10;0;10;10;0;0;10;0;10;0;0
wywóz śmieci wielkogabarytowych chojnice 2018;10;0.0;5;2021-03-11;0;0;0;0;0;0;0;0;10;0;0;0;0
ani mru mru chojnice;10;0.0;4;2021-03-11;0;0;0;0;0;0;0;0;10;10;0;0;0
fale loki koki chojnice godziny otwarcia;10;0.0;6;2021-03-11;10;10;10;10;10;10;20;10;10;10;0;10;0
stal nierdzewna chojnice;10;0.0;3;2021-03-11;10;10;10;10;10;10;10;20;10;10;10;0
pergole ogrodowe chojnice;10;0.0;3;2021-03-11;0;0;0;0;20;20;10;10;10;0;0;0;0
sita chojnice śmieci;10;0.0;3;2021-03-11;10;0
sklep wędkarski chojnice piłsudskiego;10;0.0;4;2021-03-11;0;0;0;0;0;10;0;10;0;0;0;0;0
parafia ostrowite gmina chojnice;10;0.0;4;2021-03-11;10;10;10;10;10;10;10;0;10;10;0;10;0
meble black red white chojnice;10;0.0;5;2021-03-11;10;10;10;10;10;0;10;10;10;10;10;10;0
prefabet chojnice cennik;10;0.0;3;2021-03-11;0;10;10;0;0;0;0;10;0;0;0;0;0
t mobile chojnice kontakt;10;0.0;4;2021-03-11;0;0;10;0;10;0;10;10;0;10;10;0;0
chojniczanka chojnice soccerway;10;0.0;3;2021-03-11;0;0;0;0;0;0;0;10;0;0;0;0;0
olx chojnice telefony;10;0.0;3;2021-03-11;10;10;10;10;10;10;10;10;30;20;20;10;0
chojniczanka chojnice relacja live;10;0.0;4;2021-03-11;0;0;0;0;0;10;0;0;0;0;0;0;0
pup chojnice oferty pracy za granica;10;0.0;5;2021-03-11;0;0;10;0;0;0;0;0;0;0;0;0;0
galeria brama pomorza chojnice jakie sklepy;10;0.0;5;2021-03-11;10;0;0;10;10;0;0;0;0;0;10;0;0
metoda callana chojnice;10;0.0;3;2021-03-11;10;0;0;0;0;10;0;10;10;10;10;0;0
kolegium chojnice;10;0.0;2;2021-03-11;0;10;10;10;10;0;10;10;0;10;10;10;0
szkoła biznesu chojnice kierunki;10;0.0;4;2021-03-11;0;0;10;0;0;0;10;0;0;10;0;0;0
spar meble klawkowo k chojnic;10;0.0;4;2021-03-11;10;0
witkiewicz chojnice cennik;10;0.0;3;2021-03-11;10;10;10;40;10;10;10;10;10;10;0
producent naczep chojnice;10;0.0;3;2021-03-11;10;10;10;10;10;10;10;10;0;10;0;0;0
szpital specjalistyczny chojnice rezonans magnetyczny;10;0.0;5;2021-03-11;0;10;10;10;10;0;10;10;10;0;0;0;0
sprzedam działka rekreacyjna chojnice;10;0.0;4;2021-03-11;0;0;10;0;0;0;0;0;0;0;0;0;0
imprezy chojnice i okolice;10;0.0;3;2021-03-11;10;10;10;10;10;30;30;10;10;0
media markt chojnice gazetka;10;0.0;4;2021-03-11;10;10;10;10;0;0;0;0;0;0;0;0;0
lukas bank chojnice;10;0.0;3;2021-03-11;10;0;10;0;0;0;0;0;0;0;0;10;0
systemy alarmowe chojnice;10;0.0;3;2021-03-11;10;0;10;0;10;10;10;10;10;10;0;0;0
gazetka tesco chojnice;10;0.0;3;2021-03-11;0;10;0;0;0;0;0;10;0;0;0;0;0
agroursus chojnice sklep;10;0.0;3;2021-03-11;0;10;10;0;0;0;0;0;0;0;0;0;0
limuzyna chojnice;10;0.0;2;2021-03-11;10;10;10;20;10;20;30;20;10;10;0;10;0
wypożyczalnia namiotów chojnice;10;1.61;3;2021-03-11;10;10;10;20;20;10;20;10;10;10;0;0;0
koma chojnice;10;0.0;2;2021-03-11;0;0;10;0;0;10;10;10;0;0;10;0;0
kornel chojnice;10;0.0;2;2021-03-11;10;10;10;10;0;10;10;10;10;10;10;10;0
zdjęcia ślubne chojnice;10;0.0;3;2021-03-11;0;0;0;0;0;10;0;0;0;0;0;0;0
awf chojnice rekrutacja;10;0.0;3;2021-03-11;0;0;10;0;0;0;0;0;0;10;0;0;0
zbieżność kół chojnice;10;0.0;3;2021-03-11;10;20;0;0;0;0;0;20;10;20;30;20;0
sklad opalu czluchowska chojnice;10;0.0;4;2021-03-11;10;10;10;10;10;10;10;10;10;10;10;0;0
szrot chojnice ul zakładowa;10;0.0;3;2021-03-11;10;10;0;10;0;0;0;0;0;10;10;0;0
bazylika mniejsza chojnice kolędy;10;0.0;4;2021-03-11;20;10;0;0;0;0;0;0;0;0;0;20;0
studniówka 2015 chojnice;10;0.0;3;2021-03-11;10;10;10;0;0;0;10;0;0;0;0;0;0
ósemka chojnice;10;0.0;2;2021-03-11;10;10;10;10;0;10;10;10;10;0;10;0;0
gaz łupkowy chojnice;10;0.0;3;2021-03-11;0;0;10;0;0;0;0;0;0;10;0;0;0
zakłady mięsne skiba ubojnia trzody chojnice;10;0.0;6;2021-03-11;10;10;10;10;10;10;10;10;10;10;10;0
rozkład jazdy mzk chojnice charzykowy;10;0.0;5;2021-03-11;10;10;10;0;10;30;10;10;10;10;0;10;0
pomerania chojnice forum;10;0.0;3;2021-03-11;0;0;10;0;10;0;0;0;0;10;0;0;0
dobry laryngolog chojnice;10;0.0;3;2021-03-11;10;10;10;10;10;10;10;10;10;10;10;10;0
areszt śledczy chojnice praca;10;0.0;4;2021-03-11;10;10;10;10;10;10;10;10;10;0;10;10;0
szpital chojnice szkoła rodzenia;10;0.0;4;2021-03-11;10;10;10;10;10;10;10;0;0;10;10;10;0
sandecja nowy sacz vs chojniczanka chojnice;10;0.0;6;2021-03-11;0;0;0;10;0;0;0;0;0;10;0;0;0
nieruchomości chojnice zagozda;10;0.0;3;2021-03-11;0;0;0;0;0;0;0;0;0;0;10;0;0
dostawa gazu chojnice;10;0.0;3;2021-03-11;10;10;10;0;10;10;10;10;10;10;10;10;0
lesna cisza babilon chojnice;10;0.0;4;2021-03-11;0;0;0;0;0;10;10;10;0;0;0;0;0
chojniczanka chojnice zagłębie sosnowiec live;10;0.0;5;2021-03-11;10;0;0;70;0;0;10;10;10;10;0;0;0
kredyt bank chojnice;10;0.0;3;2021-03-11;0;0;10;0;0;10;0;0;0;10;0;0;0
rozkład jazdy mzk chojnice linia nr 7;10;0.0;5;2021-03-11;10;10;10;0;10;10;0;10;10;10;10;20;1;mzk chojnice rozkład jazdy linia nr 7
mops chojnice 500 plus;10;0.0;4;2021-03-11;10;10;10;0;20;20;10;10;10;10;0;0;0
biuro rachunkowe chojnice ul kościerska;10;0.0;4;2021-03-11;0;10;10;10;10;0;0;10;10;10;10;0;0
zbm zremb chojnice sa;10;0.0;4;2021-03-11;0;0;10;0;10;0;10;10;0;10;0;0;0
monika szymańska chojnice;10;0.0;3;2021-03-11;0;10;0;10;0;0;10;10;10;0;0;10;0
centrum park chojnice koncerty;10;0.0;4;2021-03-11;10;10;10;10;10;10;0
gościniec chojnice wesele;10;0.0;3;2021-03-11;10;10;0;0;10;10;10;10;10;10;10;0;0
bank wbk chojnice;10;0.0;3;2021-03-11;10;10;10;10;10;10;10;0;0;10;0;10;0
jacek grabowski chojnice;10;0.0;3;2021-03-11;10;10;10;10;0;10;0;10;10;10;10;0;0
kostka brukowa ginter chojnice;10;0.0;4;2021-06-22;10;10;10;10;20;10;10;10;10;10;10;10;2;kostka brukowa chojnice ginter
ginter chojnice kostka brukowa
krzysztof żywicki laryngolog chojnice kontakt;10;0.0;5;2021-03-11;10;10;10;10;10;0;10;20;20;10;0;10;0
tablica chojnice meble;10;0.0;3;2021-03-11;10;10;0;0;0;0;0;0;0;0;0;0;0
kursy i szkolenia chojnice;10;0.81;4;2021-06-22;10;10;10;0;10;10;10;10;10;10;10;10;1;kursy szkolenia chojnice
duet chojnice drzwi;10;0.0;3;2021-03-11;10;20;10;10;10;10;10;10;10;10;10;0
stolarex chojnice;10;0.0;2;2021-03-11;10;10;10;0;10;0;0;10;10;10;10;10;0
tp sa chojnice;10;0.0;3;2021-03-11;10;10;10;0;10;0;0;10;0;10;10;10;0
transport ciężarowy chojnice;10;0.0;3;2021-03-11;10;10;30;10;30;20;10;10;10;10;10;0;0
dni chojnic 2018;10;0.0;3;2021-03-11;10;10;10;10;10;0
suknie ślubne chojnice mickiewicza;10;0.0;4;2021-03-11;0;0;0;0;0;10;10;10;0;10;0;0;0
okna chojnice ceny;10;1.25;3;2021-03-11;10;10;10;10;10;10;10;20;20;10;10;10;0
moto zych chojnice skutery;10;0.0;4;2021-03-11;10;10;10;10;10;10;10;10;10;10;10;10;0
raiffeisen chojnice;10;0.0;2;2021-03-11;10;10;10;10;0
alibaba chojnice menu;10;0.0;3;2021-03-11;0;10;10;0;10;10;10;10;10;10;10;0;0
młodzieżowe centrum kariery chojnice;10;0.0;4;2021-03-11;10;0;0;0;0;0;0;0;0;0;10;0;0
pralnia chemiczna chojnice cennik;10;0.0;4;2021-03-11;10;10;10;0;10;0;10;10;0;10;0;0;0
burza nad chojnicami;10;0.0;2;2021-03-11;0;0;0;0;0;0;10;10;0;0;0;0;0
niedziela handlowa chojnice;10;0.0;3;2021-03-11;10;0;10;10;10;0;10;10;0;10;0;10;0
renault laguna chojnice;10;0.0;3;2021-03-11;10;10;10;0;10;0;0;10;0;10;0;10;0
grota chojnice;10;0.0;2;2021-03-11;10;10;10;10;0;10;10;10;30;10;10;10;0
wywóz śmieci wielkogabarytowych chojnice;10;0.0;4;2021-03-11;0;0;10;0;0;10;0;0;10;0;0;10;0
sklep jula chojnice;10;0.0;3;2021-03-11;10;10;10;10;20;10;10;10;10;10;10;10;0
sklep wędkarski chojnice godziny otwarcia;10;0.0;5;2021-03-11;10;10;10;10;10;10;10;10;10;0
odgrzybianie klimatyzacji chojnice;10;0.0;3;2021-03-11;0;0;10;10;50;10;10;10;10;10;0;0;0
bip oferty pracy chojnice;10;0.0;4;2021-03-11;10;10;10;10;10;10;10;10;0
chojnice holiday;10;0.0;2;2021-03-11;0;0;10;0;0;10;10;10;0;10;0;10;0
dukat chojnice;10;0.0;2;2021-03-11;10;10;10;10;10;10;10;0;10;10;10;10;0
szpital specjalistyczny im jk łukowicza chojnice;10;0.0;5;2021-03-11;0;0;10;0;0;0;0;0;0;0;0;0;0
matlo chojnice;10;0.0;2;2021-03-11;10;10;10;10;10;10;10;10;10;10;10;10;0
meblik chojnice topole praca;10;0.0;4;2021-03-11;10;0;10;0;10;10;10;10;0;10;0;0;0
sprzedam działkę ogrodową chojnice;10;0.0;4;2021-03-11;10;0;10;10;0;10;10;10;0;0;10;0;0
dwg chojnice;10;0.0;2;2021-03-11;0;0;0;0;10;0;0;10;10;0;0;0;0
seko chojnice oferty pracy;10;0.0;4;2021-03-11;10;10;10;0;10;0;10;10;10;0;0;0;0
bramy przesuwne chojnice;10;0.0;3;2021-03-11;10;10;10;10;10;10;10;10;0;20;10;0;0
busy chojnice czersk;10;0.0;3;2021-03-11;10;0;10;0;0;10;10;10;10;10;0;10;0
usługi szklarskie chojnice;10;0.0;3;2021-03-11;0;10;10;10;10;0;0;0;0;10;0;10;0
praca kelnerka chojnice;10;0.0;3;2021-03-11;10;0;10;10;10;10;10;10;10;10;10;10;0
pizzeria mistral chojnice;10;0.0;3;2021-06-22;10;10;10;10;10;10;10;10;10;10;10;10;1;pizzeria chojnice mistral
bieg noworoczny chojnice;10;0.0;3;2021-03-11;30;0;0;0;10;0;10;0;0;20;10;10;0
wydział komunikacji chojnice rejestracja samochodu;10;0.0;5;2021-05-21;10;10;10;20;10;10;10;10;10;10;10;0
chojniczanka chojnice pogoń siedlce;10;0.0;4;2021-03-11;0;10;0;0;10;0;10;10;10;0;0;0;0
eko dombud chojnice;10;0.0;3;2021-03-11;0;0;10;0;0;0;0;0;0;0;0;0;0
kino chojnice bajki;10;0.0;3;2021-03-11;10;10;10;10;10;0;10;10;10;20;10;10;0
hydraulik chojnice telefon;10;0.0;3;2021-03-11;10;10;0;0;10;0;0;10;10;0;10;10;0
busy sępólno krajeńskie chojnice;10;0.0;4;2021-03-11;10;10;0;0;10;10;10;10;10;0;10;0;0
meble skórzane chojnice;10;0.0;3;2021-03-11;10;10;0;0;10;0;10;10;0;10;10;0;0
sklepy meblowe chojnice oferty;10;0.0;4;2021-03-11;0;0;0;0;0;0;0;10;0;0;0;0;0
resler chojnice promocje;10;0.0;3;2021-03-11;10;0;0;0;0;0;0;0;0;10;0;10;0
twoje miasto chojnice;10;0.0;3;2021-03-11;0;0;0;0;0;10;0;0;0;0;0;0;0
opel zafira chojnice;10;0.0;3;2021-03-11;10;10;10;10;10;10;10;10;10;10;10;10;0
metaloplastyka chojnice;10;0.0;2;2021-03-11;10;20;10;10;10;10;10;0;0;0;10;0;0
grabowski chojnice medycyna pracy godziny;10;0.0;5;2021-03-11;10;10;0;0;10;10;10;10;10;10;0;0;0
usługi brukarskie chojnice;10;2.22;3;2021-03-11;10;10;50;20;40;10;10;10;10;10;10;0;0
otwarcie kina chojnice;10;0.0;3;2021-06-22;10;2;otwarcie kina w chojnicach
kino chojnice otwarcie
łowiska komercyjne chojnice;10;0.0;3;2021-03-11;10;10;10;20;10;40;40;10;10;10;10;0
cremo pol chojnice praca;10;0.0;4;2021-03-11;10;10;0;10;10;0;10;10;10;10;10;0;0
gmina chojnice wybory 2018;10;0.0;4;2021-03-11;10;0
chojnice atrakcje imprezy;10;0.0;3;2021-03-11;10;0
auto giełda chojnice 14 lutego;10;0.0;5;2021-03-11;0;0;0;0;0;0;0;10;0;0;0;0;0
frisk chojnice kontakt;10;0.0;3;2021-03-11;0;0;10;0;0;10;10;10;0;0;0;0;0
informacja kolejowa chojnice;10;0.0;3;2021-03-11;0;0;10;0;10;10;10;0;10;10;10;0;0
przebieralnia pub chojnice galeria zdjęć;10;0.0;5;2021-03-11;0;0;10;0;0;0;0;0;0;0;0;0;0
ikea chojnice adres;10;0.0;3;2021-03-11;10;10;10;0;10;10;10;10;10;10;10;10;0
sklepy jubilerskie chojnice;10;0.0;3;2021-06-22;20;10;10;10;0;10;10;10;0;10;10;10;1;sklep jubilerski chojnice
szpital chojnice ul leśna;10;0.0;3;2021-03-11;0;10;10;0;0;10;10;10;0;10;10;10;0
szrot chojnice przemysłowa;10;0.0;3;2021-03-11;0;10;10;10;10;10;10;10;10;10;10;10;0
art gaz chojnice;10;0.0;3;2021-03-11;0;10;0;0;0;0;0;10;0;10;0;0;0
pogoda chojnice pogodynka;10;0.0;3;2021-03-11;10;10;10;10;10;10;10;10;0;10;10;10;0
ks janusz chyła chojnice;10;0.0;4;2021-03-11;0;10;10;10;10;10;10;10;20;10;20;20;0
pwsh pomerania chojnice plan zajec;10;0.0;5;2021-03-11;10;0;0;0;10;10;0;0;0;0;0;0;0
szyca chojnice;10;0.0;2;2021-03-11;20;20;10;20;0;10;10;10;10;20;10;10;0
zamet mostostal chojnice;10;0.0;3;2021-06-22;10;10;10;10;0;10;10;0;10;10;0;10;1;mostostal chojnice zamet
szkoła podstawowa 5 chojnice;10;0.0;4;2021-03-11;10;10;10;10;10;30;0;10;10;10;0;10;0
colosseum club chojnice zdjęcia;10;0.0;4;2021-03-11;0;0;10;0;0;0;10;0;0;10;0;10;0
apteka przy bramie chojnice;10;0.0;3;2021-03-11;0;0;0;0;0;0;0;10;10;0;0;0;0
chojniczanka chojnice na żywo;10;0.0;3;2021-03-11;10;10;10;20;10;10;10;20;10;10;10;0;0
urbaniak chojnice osiedle pogodne;10;0.0;4;2021-03-11;0;0;10;0;0;10;0;10;10;0;0;0;0
chojnice rynek sklepy;10;0.0;3;2021-03-11;10;10;10;10;10;10;10;10;10;10;10;0
rowery holenderskie chojnice;10;0.0;3;2021-03-11;10;10;10;10;10;0
noclegi chojnice tanio;10;0.0;3;2021-03-11;10;10;0;0;0;10;10;10;0;0;0;10;1;nocleg chojnice tanio
czas chojnic galeria;10;0.0;3;2021-03-11;0;0;0;0;0;0;0;10;0;10;0;0;0
chojnice nowa galeria;10;0.0;3;2021-06-22;10;0;10;0;10;0;0;0;0;0;0;10;1;nowa galeria chojnice
brykiet drzewny chojnice;10;0.84;3;2021-03-11;10;20;30;10;0;10;10;10;10;10;10;10;0
mini hotel chojnice;10;0.0;3;2021-03-11;10;10;10;20;30;10;10;10;10;10;0
instrumenty muzyczne chojnice;10;0.0;3;2021-03-11;10;10;10;10;10;10;10;10;0
pzu sa chojnice;10;0.0;3;2021-03-11;10;0;0;0;0;10;0;0;0;0;0;10;0
mzk chojnice linia nr 6;10;0.0;3;2021-03-11;10;10;10;10;10;20;10;10;20;10;10;0;0
frisk chojnice sylwester;10;0.0;3;2021-03-11;10;10;10;10;10;10;0
przedszkole skrzaty chojnice opinie;10;0.0;4;2021-03-11;10;10;10;10;10;0;0;10;10;0;0;0;0
kowalska dentysta chojnice;10;0.0;3;2021-06-22;0;0;10;10;10;10;20;10;10;10;10;10;1;dentysta chojnice kowalska
karate dla dzieci chojnice;10;0.0;3;2021-03-11;10;10;10;10;10;10;10;10;10;10;0;10;0
pizzeria shock chojnice kontakt;10;0.0;4;2021-03-11;0;0;0;0;10;10;0;10;0;0;0;0;0
vetka chojnice;10;0.0;2;2021-03-11;10;0;10;10;0;0;10;10;0;10;0;10;0
chojniczanka chojnice bilety;10;0.0;3;2021-03-11;0;10;10;10;10;10;10;10;20;10;10;10;0
west pol chojnice opinie;10;0.0;4;2021-03-11;10;0;0;10;10;10;0;10;0;10;0;10;0
części rowerowe chojnice;10;0.0;3;2021-03-11;10;10;10;20;20;20;10;10;10;10;10;0
kino teatr chojnice otwarcie;10;0.0;4;2021-06-22;10;10;0
chojnice warszawa ile km;10;0.0;4;2021-03-11;10;10;10;10;10;10;10;10;10;10;10;0;0
komis telefonów chojnice młyńska;10;0.0;4;2021-03-11;10;10;10;10;10;10;10;10;10;10;0;10;0
metrohouse chojnice;10;0.0;2;2021-03-11;10;10;10;10;10;10;10;10;10;10;0
kino kingsajz chojnice repertuar;10;0.0;4;2021-06-22;10;10;10;10;10;10;10;10;10;20;10;10;3;kingsajz kino chojnice repertuar
kino chojnice kingsajz repertuar
chojnice kino kingsajz repertuar
ryngwelski stomatolog chojnice;10;0.0;3;2021-03-11;20;10;10;10;10;10;10;10;0;10;10;10;0
odszkodowania chojnice;10;0.0;2;2021-03-11;10;10;30;10;10;10;10;10;10;10;10;0
lechia gdansk vs chojniczanka chojnice;10;0.0;5;2021-04-21;0;0;0;0;0;0;10;0;0;0;10;0;0
nkjo chojnice;10;0.0;2;2021-03-11;0;0;0;0;0;0;0;0;0;10;10;0;0
urbaniak chojnice nowe bloki;10;0.0;3;2021-03-11;10;10;10;10;10;10;10;10;10;0
robus rozkład jazdy czersk chojnice;10;0.0;5;2021-03-11;10;10;10;10;10;10;20;20;10;10;10;10;0
praca chojnice bank;10;0.0;3;2021-03-11;10;10;10;10;10;10;10;0
urząd skarbowy chojnice godziny urzędowania;10;0.0;5;2021-03-11;0;0;0;0;0;0;0;10;0;0;0;0;0
portal 24 chojnice;10;0.0;3;2021-03-11;0;0;10;0;10;0;0;10;0;10;0;0;0
fabryka pizzy chojnice telefon;10;0.0;4;2021-03-11;10;10;10;10;10;10;10;10;10;10;0
powiat chojnice mapa ewidencyjna;10;0.0;4;2021-03-11;0;0;10;10;10;10;10;10;10;10;10;10;0
abra meble chojnice godziny otwarcia;10;0.0;5;2021-03-11;10;10;10;10;10;10;10;20;20;10;20;10;0
marek czajka chojnice;10;0.0;3;2021-03-11;0;10;0;0;10;10;0;0;10;10;10;0;0
mieszkania chojnice mickiewicza;10;0.0;3;2021-03-11;10;10;10;10;2;chojnice mickiewicza mieszkania
mieszkania mickiewicza chojnice
salon senso chojnice;10;0.0;3;2021-03-11;10;10;10;0;10;10;0;10;10;10;0;10;0
meble dziecięce chojnice;10;0.0;3;2021-03-11;10;10;10;0;10;10;10;10;10;10;10;0;0
wydział nauk stosowanych w chojnicach;10;0.0;4;2021-05-15;10;0;10;0;0;0;10;10;0;0;0;0;0
nowa galeria handlowa chojnice;10;0.0;4;2021-03-11;0;10;10;10;10;0;10;10;10;10;0;10;0
kino chojnice brama pomorza;10;0.0;4;2021-03-11;10;1;brama pomorza chojnice kino
technik masażysta chojnice;10;1.18;3;2021-03-11;10;10;10;10;10;20;10;10;20;10;20;10;0
kino teatr chojnice kiedy otwarcie;10;0.0;5;2021-03-11;10;10;0;0;10;10;0;10;0;10;10;0;0
olx chojnice zabawki;10;0.0;3;2021-03-11;10;10;10;10;10;10;10;10;0;10;10;10;0
zsp nr 2 chojnice;10;0.0;2;2021-03-11;10;10;10;10;40;20;10;10;10;10;10;10;0
fit fun club chojnice;10;0.0;4;2021-03-11;10;10;10;10;10;10;10;10;10;10;0;10;0
deichmann chojnice kontakt;10;0.0;3;2021-03-11;0;10;0;10;10;10;10;10;10;10;10;10;0
mycie okien chojnice;10;2.58;3;2021-03-11;10;0;0;0;0;0;10;10;10;10;10;20;0
wywóz nieczystości płynnych chojnice;10;0.0;4;2021-03-11;10;10;10;10;0;10;0;10;10;0;0;0;0
lombard chojnice cechowa;10;0.0;3;2021-03-11;10;10;10;0
polipol chojnice oferty pracy;10;0.0;4;2021-03-11;0;0;10;0;10;10;10;10;10;10;0;0;0
dentysta maciej ryngwelski chojnice;10;0.0;4;2021-03-11;10;10;10;10;10;10;10;10;10;10;0
środki ochrony roślin chojnice;10;0.93;4;2021-03-11;10;10;10;30;10;10;20;10;10;10;0
arka gdynia chojniczanka chojnice;10;0.0;4;2021-03-11;0;10;10;0;10;0;10;10;0;0;0;0;1;chojniczanka chojnice arka gdynia
drzwi na wymiar chojnice;10;0.0;3;2021-03-11;10;10;10;10;10;10;10;10;10;10;10;0
wiligała chojnice praca;10;0.0;3;2021-03-11;10;10;0;10;0;10;10;0;0;0;0;10;0
auto komis kanama chojnice;10;0.0;4;2021-03-11;10;10;10;10;10;10;10;10;10;10;0;10;0
frisk club chojnice;10;0.0;3;2021-03-11;10;10;0;0;10;10;20;10;10;0;0;10;0
weekend fm chojnice pl;10;0.0;3;2021-03-11;10;0;0;10;0;0;0;10;10;10;10;10;0
retro meble chojnice;10;0.0;3;2021-06-22;10;10;10;1;meble retro chojnice
taxi chojnice ceny;10;0.0;3;2021-03-11;10;10;10;10;10;10;10;10;10;10;10;0
jysk chojnice numer telefonu;10;0.0;4;2021-03-11;10;10;10;20;30;20;10;10;10;10;10;10;0
obi chojnice tapety;10;0.0;3;2021-03-11;10;0;10;10;10;10;10;10;10;10;10;10;0
artykuły bhp chojnice;10;0.0;3;2021-03-11;10;0;10;10;0;10;10;0;0;10;0;0;0
park wodny chojnice półkolonie;10;0.0;4;2021-03-11;10;10;10;10;10;10;10;0
centrum handlowe chojnice brama pomorza;10;0.0;5;2021-03-11;0;10;10;0;10;10;10;10;10;0;0;10;0
katolicka szkoła podstawowa w chojnicach plan lekcji;10;0.0;7;2021-03-11;0;0;0;10;0;0;0;0;0;0;0;0;0
doz apteka dbam o zdrowie chojnice;10;0.0;5;2021-03-18;10;10;10;10;10;10;10;10;10;10;10;10;0
urząd skarbowy chojnice druki;10;0.0;4;2021-03-11;10;10;10;10;0;0;0;0;10;0;10;10;0
fit medica dietetyka chojnice cennik;10;1.13;5;2021-03-11;40;20;10;10;10;10;10;10;30;10;10;30;0
noworodki chojnice;10;0.0;2;2021-03-11;10;10;0;10;10;0;10;0;0;10;0;0;0
przyciemnianie szyb chojnice cena;10;0.0;4;2021-03-11;10;10;10;10;10;10;10;10;10;10;10;0
nowy czas chojnic;10;0.0;3;2021-03-11;10;10;10;0;10;10;0;10;10;10;10;10;0
chojnice wiadomosci nowe;10;0.0;2;2021-03-11;10;10;10;10;10;10;10;10;20;20;20;30;0
salon kosmetyczny chojnice babińska;10;0.0;4;2021-03-11;10;0
zakładanie ogrodów chojnice;10;0.0;3;2021-03-11;10;10;10;10;10;20;10;10;10;10;0;10;0
obi chojnice choinki;10;0.0;3;2021-03-11;10;0;10;0;0;0;0;0;10;10;10;30;0
okręgi wyborcze chojnice;10;0.0;3;2021-03-11;10;10;10;0
carrefour chojnice kontakt;10;0.0;3;2021-03-11;10;10;10;10;10;10;10;10;10;10;20;0
rowery wodne chojnice;10;0.0;3;2021-03-11;10;10;10;10;10;20;10;10;10;10;0;10;0
kręgielnia chojnice cena;10;0.0;3;2021-03-11;0;10;0;0;0;10;10;10;10;10;10;0;0
hurtownia motoryzacyjna gordon chojnice;10;0.0;4;2021-03-11;10;10;10;10;10;10;10;10;10;10;10;0;0
dni chojnic;10;0.0;2;2021-03-11;10;10;10;10;20;30;20;10;10;0;10;0;0
bazylika chojnice spowiedz wielkanocna;10;0.0;4;2021-03-11;0;0;10;10;0;0;0;0;0;0;0;0;0
aleksandra starszak chojnice;10;0.0;3;2021-03-11;0;0;10;0;0;0;10;0;0;0;0;0;0
szkolenia dla nauczycieli chojnice;10;0.0;3;2021-03-22;10;10;10;10;10;10;10;0
auto komis senator chojnice;10;0.0;4;2021-03-11;0;0;10;0;0;0;0;0;0;0;0;0;0
neonet chojnice krótka;10;0.0;3;2021-03-11;0;0;0;0;0;0;10;0;0;0;0;0;0
stadion miejski chojnice;10;0.0;3;2021-03-11;0;10;10;10;10;10;10;10;10;10;10;0;0
rozkład jazdy pkp piła chojnice;10;0.0;5;2021-03-11;10;10;10;10;0;10;10;10;10;10;10;10;1;rozkład jazdy pkp chojnice piła
deratyzacja chojnice;10;2.57;2;2021-03-11;10;10;10;30;10;10;30;10;10;20;30;10;0
festiwal kolorów chojnice 2020;10;0.0;4;2021-06-22;10;10;1;festiwal kolorów 2020 chojnice
chojniczanka chojnice puchar polski;10;0.0;4;2021-03-11;0;0;0;0;10;0;10;10;10;10;10;0;0
szkoły zaoczne chojnice;10;0.0;3;2021-03-11;10;0;0;0;0;10;20;20;20;20;10;10;0
okulista gabinet prywatny chojnice;10;0.0;4;2021-03-11;0;0;0;0;10;0;0;10;10;0;0;0;0
pizza milano chojnice;10;0.0;3;2021-03-11;10;0;0;0;0;0;0;0;0;0;0;0;0
jysk chojnice godziny otwarcia niedziela;10;0.0;5;2021-03-11;10;0;10;10;0;10;0;10;0;0;10;10;0
katalog firm chojnice;10;0.0;3;2021-03-11;10;10;10;10;10;0
rozkład jazdy pkp gdynia chojnice;10;0.0;5;2021-03-11;10;10;10;10;10;10;10;20;10;10;10;10;1;rozkład jazdy pkp chojnice gdynia
klub frisk chojnice;10;0.0;3;2021-03-11;0;10;10;10;10;10;30;20;20;10;0;0;0
bank millennium chojnice kościuszki;10;0.0;4;2021-03-11;10;10;10;10;10;10;10;10;10;10;0
psycholog psychoterapeuta chojnice;10;0.0;3;2021-03-11;10;10;10;10;10;10;10;10;10;0
stocznia gdańsk oddział mostostal chojnice;10;0.0;5;2021-03-11;10;0;10;0;0;0;0;0;0;0;0;0;0
sprzedam drewno opałowe chojnice;10;0.0;4;2021-03-11;10;0;10;0;10;0;0;0;0;0;0;0;0
biuro podróży chojnice oferty;10;0.0;4;2021-03-11;0;10;10;0;0;10;0;0;0;10;0;0;0
łodzie chojnice boats;10;0.0;3;2021-03-11;10;0
pkp chojnice gdynia glowna;10;0.0;4;2021-03-11;20;50;30;10;10;10;0
łódź chojnice pks;10;0.0;3;2021-03-11;10;0;10;0;10;10;10;10;10;10;10;10;0
motoserce 2015 chojnice;10;0.0;3;2021-03-11;0;0;10;0;0;10;0;0;0;0;0;0;0
laboratorium chojnice ul mickiewicza;10;0.0;3;2021-03-11;10;10;0;10;10;0;0;10;0;0;0;10;0
opony zimowe chojnice;10;0.0;3;2021-03-11;10;10;0;0;0;0;10;10;10;10;20;10;0
janik chojnice;10;0.0;2;2021-03-11;10;10;10;10;0;10;10;10;10;10;10;10;0
dom na sprzedaż chojnice aleja brzozowa;10;0.0;5;2021-03-11;0;10;0;10;0;0;0;0;0;0;0;0;0
świat dywanów chojnice;10;0.0;3;2021-03-11;0;0;0;0;0;0;0;0;0;0;0;10;0
świat mai chojnice ceny;10;0.0;4;2021-03-11;10;10;10;10;10;0
ccc chojnice kontakt;10;0.0;3;2021-03-11;0;10;10;10;10;10;10;10;10;10;10;10;0
pkp chojnice informacja nr telefonu;10;0.0;4;2021-03-11;0;0;10;0;0;0;0;0;0;0;0;0;0
ortodonta chojnice opinie;10;0.0;3;2021-03-11;10;10;10;10;10;10;0;10;10;10;10;10;0
bank ing chojnice;10;0.0;3;2021-03-11;10;10;10;10;10;10;10;10;10;10;10;10;0
biuro maklerskie chojnice;10;0.0;3;2021-03-11;10;0;0;0;10;0;10;10;10;10;0;10;0
działki budowlane chojnice i okolice;10;0.11;4;2021-03-11;10;20;10;10;10;10;10;10;10;0;10;10;0
kursy komputerowe chojnice;10;0.0;3;2021-03-11;10;10;10;10;10;10;10;10;10;10;10;0
lotyń gmina chojnice;10;0.0;3;2021-03-11;10;10;10;10;10;10;10;10;10;0;10;10;0
kardiolog dzieciecy chojnice prywatnie;10;0.0;4;2021-03-11;10;10;10;10;10;10;10;0
czas chojnic bobasy;10;0.0;3;2021-03-11;10;10;0;0;0;10;10;0;0;10;10;10;0
domy energooszczędne chojnice;10;0.0;3;2021-03-11;0;0;10;10;10;10;0;10;10;0;10;0;0
radio expert chojnice;10;0.0;3;2021-03-11;0;0;0;0;0;0;0;0;10;10;10;0;0
pomorze chojnice;10;0.0;2;2021-03-11;10;10;0;10;10;10;10;10;0;10;10;10;0
siłownia chojnice 14 lutego;10;0.0;4;2021-03-11;10;0;0;0;0;0;0;10;0;0;10;10;0
nowa cerkiew gmina chojnice;10;0.0;4;2021-03-11;10;10;10;10;10;10;0;10;10;10;10;10;0
moto zych chojnice kontakt;10;0.0;4;2021-03-11;10;0;10;10;10;10;10;10;10;10;10;10;0
fota chojnice;10;0.0;2;2021-03-11;10;0;0;0;0;0;0;0;0;0;0;0;0
dobry hydraulik chojnice;10;0.0;3;2021-03-11;10;10;10;0
chojnice imprezy kulturalne;10;0.0;3;2021-03-11;10;0;0;0;10;10;10;10;0;0;0;0;0
wiadomości regionalne chojnice;10;0.0;3;2021-03-11;10;0;10;0;10;10;10;0;0;0;10;0;0
przychodnia chojnice mickiewicza 39;10;0.0;4;2021-03-11;10;0;10;0;0;0;0;0;0;10;10;0;1;chojnice mickiewicza 39 przychodnia
gabi meble chojnice;10;0.0;3;2021-03-11;10;10;10;10;10;0;10;10;10;10;10;10;0
ginter chojnice polbruk;10;0.0;3;2021-06-22;10;10;10;10;10;10;10;0;10;10;10;10;1;polbruk chojnice ginter
wirnik chojnice godziny otwarcia;10;0.0;4;2021-03-11;0;10;0;10;10;10;10;10;10;0;10;10;0
obi chojnice gazetka promocyjna;10;0.0;4;2021-03-11;0;10;0;0;10;10;10;0;10;10;0;10;0
konkret club chojnice;10;0.0;3;2021-03-11;10;10;0;0;0;0;0;10;0;0;0;0;0
kurier dhl chojnice;10;0.0;3;2021-03-11;10;10;10;0;10;0;10;0;10;0;10;0;0
corleone pizza chojnice;10;0.0;3;2021-03-11;0;0;10;0;0;0;0;0;0;0;10;0;0
neonówka chojnice bilety;10;0.0;3;2021-03-11;0;0;0;0;0;0;0;0;10;20;0;10;0
meble ogrodowe z bali chojnice;10;0.0;4;2021-03-11;10;10;10;10;10;10;10;10;10;10;0
basen chojnice zamknięty;10;0.0;3;2021-03-11;10;20;10;10;10;10;10;20;0
bezpłatna pomoc prawna chojnice;10;0.0;4;2021-03-11;10;0;10;10;10;10;10;10;10;10;10;10;0
kostka brukowa chojnice ceny;10;0.0;4;2021-03-11;10;10;10;10;10;10;10;0;10;10;10;10;0
studniówka 2020 chojnice;10;0.0;3;2021-03-11;0;0;0;0;0;10;10;10;10;10;10;10;0
urząd pracy chojnice staże;10;0.0;4;2021-03-11;10;10;10;0;10;10;10;10;10;0;0;10;0
masarnia skiba chojnice;10;0.0;3;2021-03-11;10;0;0;10;10;0;0;10;0;0;0;10;0
solex chojnice;10;0.0;2;2021-03-11;10;10;0;10;0;10;10;0;0;10;10;10;0
gastroskopia chojnice młyńska;10;0.0;3;2021-03-11;10;10;10;10;10;20;10;10;10;10;10;0;0
chojnice rajd samochodowy;10;0.0;3;2021-03-11;0;10;0;0;0;0;0;0;10;0;0;0;0
suder chojnice;10;0.0;2;2021-03-11;10;10;10;0;10;10;10;10;10;10;10;10;0
radio weekend chojnice praca;10;0.0;4;2021-03-11;10;10;10;10;10;10;10;10;10;0
ana kebab chojnice;10;0.0;3;2021-04-15;10;10;10;10;10;10;10;10;10;10;10;0
kino chojnice repertuar lipiec;10;0.0;4;2021-03-11;0;0;0;0;10;10;90;10;0;10;10;0;0
pogoda długoterminowa chojnice lipiec;10;0.0;4;2021-03-11;10;10;10;10;10;10;0
cku chojnice rekrutacja;10;0.0;3;2021-03-11;10;10;10;10;10;10;10;0
chojnice studium;10;0.0;2;2021-03-11;10;0;10;0;10;0;0;0;10;0;0;0;1;studium chojnice
damas kebab chojnice;10;0.0;3;2021-03-11;10;10;10;0
portal regionalny chojnice;10;0.0;3;2021-03-11;10;0;10;10;0;10;10;0;0;0;10;0;0
gordon części chojnice;10;0.0;3;2021-03-11;0;10;10;10;10;0;0;0;0;10;0;10;0
naszemiasto chojnice;10;0.0;2;2021-03-11;10;10;10;10;10;10;10;10;10;0;0;10;0
radio weekend chojnice ogłoszenia drobne;10;0.0;5;2021-03-11;10;0;10;0;0;0;0;0;0;0;0;0;0
agregaty prądotwórcze chojnice;10;0.0;3;2021-03-11;10;10;10;10;10;20;10;10;10;10;10;0
ruch chorzów chojniczanka chojnice;10;0.0;4;2021-03-11;0;0;0;70;10;0;0;0;0;0;0;0;0
punkt przedszkolny chojnice;10;0.0;3;2021-03-11;10;10;10;10;10;0
salus chojnice leśna;10;0.0;3;2021-03-11;0;0;10;0;0;10;0;10;10;10;0;0;0
zespół muzyczny na wesele chojnice;10;0.0;5;2021-03-11;10;10;0;10;0;10;0;10;0;10;0;0;0
radio weekend chojnice wypadek;10;0.0;4;2021-03-11;10;10;10;10;10;10;0;0;10;10;10;10;0
mops chojnice świadczenia rodzinne;10;0.0;4;2021-03-11;10;10;10;20;20;10;10;10;10;10;0
tesco chojnice praca;10;0.0;3;2021-06-22;0;10;10;0;0;0;0;0;0;0;10;0;1;praca tesco chojnice
lokale wynajem chojnice;10;0.0;3;2021-06-22;10;20;10;10;0;10;10;10;10;10;10;20;1;wynajem lokali chojnice
mostostal chojnice upadłość;10;0.0;3;2021-03-11;10;0;10;10;0;0;10;0;0;0;10;0;1;mostostal chojnice w upadłości
kantor chojnice aleja bayeux;10;0.0;4;2021-03-11;10;0
glazura królewska chojnice;10;0.0;3;2021-03-11;0;0;0;0;0;0;0;0;0;10;10;0;0
laser kosmetyka gzw chojnice;10;0.0;4;2021-03-11;0;0;10;0;0;0;0;0;0;0;0;0;0
triathlon chojnice;10;0.0;2;2021-03-11;10;10;10;10;10;10;10;10;10;10;0;10;0
cynamon chojnice zdjecia;10;0.0;3;2021-03-11;0;10;0;0;0;0;0;0;0;0;0;0;0
wulkanizacja chojnice cennik;10;0.0;3;2021-03-11;10;10;10;10;10;0
galeria handlowa chojnice jana pawła;10;0.0;5;2021-03-11;0;0;10;0;0;0;0;0;0;0;0;0;0
brama pomorza chojnice otwarcie;10;0.0;4;2021-03-11;10;10;10;10;10;10;10;10;10;0;0;10;0
suder plus chojnice;10;0.0;3;2021-03-11;0;0;10;0;0;0;0;0;0;0;0;10;0
rezonans magnetyczny chojnice cena;10;0.0;4;2021-03-11;10;10;10;0;10;10;10;10;10;10;10;0;0
meble kleo chojnice;10;0.0;3;2021-06-22;20;10;10;10;10;10;10;10;10;10;20;10;2;kleo meble chojnice
meble chojnice kleo
chojniczanka chojnice gks bełchatów;10;0.0;4;2021-03-11;10;0;0;10;0;10;10;0;0;0;0;10;0
przetarg działek chojnice;10;0.0;3;2021-05-17;10;10;10;10;10;10;10;0
romantyczne miejsca w chojnicach;10;0.0;3;2021-03-11;0;0;0;0;0;0;10;10;0;0;10;0;0
cynamon chojnice;10;0.0;2;2021-06-22;10;0;10;30;10;10;10;10;10;10;10;0;1;chojnice cynamon
restauracja efez chojnice;10;0.0;3;2021-03-11;0;0;0;0;0;10;0;0;10;0;0;0;0
joanna krawczyk dietetyk chojnice;10;0.0;4;2021-03-11;0;0;0;0;0;0;10;0;0;10;0;0;0
mieszkania chojnice sprzedam;10;0.0;3;2021-05-17;0;0;10;0;10;0;0;0;10;0;0;0;0
wybory parlamentarne 2019 chojnice;10;0.0;4;2021-03-11;0;10;0;0;0;0;0;10;0;0;0;0;0
urząd skarbowy chojnice rozliczenie pit;10;0.0;5;2021-03-11;10;10;10;10;10;10;10;0;0;0;0;0;0
praca księgowość chojnice;10;0.0;3;2021-03-11;10;10;0;10;0;10;10;10;10;0;10;10;0
materace chojnice sklep;10;0.0;3;2021-03-11;10;10;10;20;10;10;10;0;10;10;10;10;0
seko chojnice sklep firmowy godziny otwarcia;10;0.0;6;2021-03-11;10;10;0;10;0;10;10;10;10;0;10;10;0
jezioro ostrowite chojnice;10;0.0;3;2021-03-11;0;0;10;10;10;10;10;10;0;0;10;0;0
pogoda chojnice sierpień;10;0.0;3;2021-03-11;10;10;10;10;20;30;10;10;0
bank spółdzielczy chojnice młodzieżowa;10;0.0;4;2021-03-11;10;10;20;50;30;20;10;20;10;0
coloseum chojnice otwarcie;10;0.0;3;2021-03-11;0;0;10;0;0;0;0;0;0;10;0;0;0
us chojnice adres;10;0.0;3;2021-03-11;10;10;10;10;10;10;10;0;10;10;10;0;0
gmina chojnice chojnice;10;0.0;3;2021-03-11;0;10;10;10;10;0;0;0;10;0;0;0;0
okucia meblowe chojnice;10;0.0;3;2021-03-11;10;0;0;0;10;10;10;20;10;10;10;10;0
orbis chojnice;10;0.0;2;2021-03-11;10;0;10;10;0;10;0;0;10;10;0;0;0
komis dziecięcy chojnice;10;0.0;3;2021-03-11;10;10;10;10;10;0;10;10;10;10;10;10;0
mops chojnice becikowe;10;0.0;3;2021-03-11;10;10;10;0;10;10;10;10;10;10;10;10;0
castorama chojnice mapa;10;0.0;3;2021-03-11;10;10;20;10;10;10;10;10;10;0
alibaba kebab chojnice;10;0.0;3;2021-06-22;10;10;10;10;10;0;10;10;10;10;10;10;3;alibaba chojnice kebab
kebab alibaba chojnice
kebab chojnice alibaba
księgarnia chojnice kościuszki;10;0.0;3;2021-03-11;0;0;0;0;0;0;0;0;10;0;0;0;0
napełnianie klimatyzacji chojnice;10;0.0;3;2021-03-11;10;0;10;10;10;40;20;10;0;10;10;0;0
festiwal folkloru chojnice;10;0.0;3;2021-03-11;0;10;0;0;10;10;10;10;0;0;0;0;0
neonet chojnice telefony;10;0.0;3;2021-05-18;10;20;10;10;20;10;20;10;10;10;20;10;0
chojnicki dom kultury chojnice kino;10;0.0;5;2021-03-11;0;0;10;0;0;0;0;0;0;0;0;0;0
autokary chojnice;10;0.0;2;2021-03-11;30;10;10;0;10;10;20;10;20;10;10;0;0
materace chojnice producent;10;0.0;3;2021-06-22;10;0;10;10;10;10;10;10;0;0;10;0;1;producent materacy chojnice
obi chojnice ogrodzenia;10;0.0;3;2021-03-11;10;10;10;10;10;10;10;10;10;10;0
galeria chojnice kiedy otwarcie;10;0.0;3;2021-03-11;10;0;0;0;10;0;0;0;0;0;10;10;0
starostwo powiatowe w chojnicach chojnice;10;0.0;4;2021-03-11;0;10;10;10;10;10;10;10;10;10;10;10;0
kleo meble chojnice godziny otwarcia;10;0.0;5;2021-03-11;10;10;10;10;10;10;10;0
fitnex chojnice grafik;10;0.0;3;2021-03-11;10;10;10;10;10;10;10;0
mieszka i chojnice;10;0.0;2;2021-03-11;0;10;10;10;10;0;10;10;10;10;0;10;0
mdk chojnice kino;10;0.0;3;2021-03-11;0;10;10;0;10;10;10;10;0;10;10;0;0
mapa burzowa chojnic;10;0.0;3;2021-03-11;0;0;0;10;0;0;0;10;0;0;0;0;0
papudajnia chojnice praca;10;0.0;3;2021-03-11;10;10;10;0
obi chojnice katalog;10;0.0;3;2021-03-11;0;0;10;0;0;0;0;0;0;0;0;0;0
siłownia chojnice extreme gym;10;0.0;4;2021-03-11;10;10;10;10;10;10;10;10;10;10;10;0
polipol chojnice kadry;10;0.0;3;2021-03-11;0;0;10;0;10;0;10;0;10;0;10;10;0
meble na zamówienie chojnice;10;0.0;3;2021-03-11;0;10;10;10;10;10;10;0;10;10;10;0;0
instalacje gazowe chojnice drzymały;10;0.0;4;2021-03-11;10;10;10;10;10;20;10;20;20;10;10;10;0
polturist chojnice;10;0.0;2;2021-03-11;10;10;10;10;10;10;10;10;10;10;10;0;0
west pol chojnice nip;10;0.0;4;2021-03-11;10;10;10;0;0;10;0;10;10;10;10;10;0
sklep empik chojnice;10;0.0;3;2021-03-11;10;10;10;10;10;10;10;10;10;10;10;0;0
centrum zabaw dla dzieci chojnice;10;0.0;4;2021-03-11;10;10;10;10;10;10;10;10;0
chojniczanka chojnice 1999;10;0.0;3;2021-03-11;0;0;10;10;0;0;0;0;10;0;0;0;0
pokój zagadek chojnice;10;0.0;3;2021-03-11;0;0;0;0;0;10;0;0;0;0;0;0;0
chojnice wypadek na obwodnicy;10;0.0;3;2021-06-22;0;10;20;10;10;10;10;10;10;10;10;0;2;wypadek na obwodnicy chojnice
wypadek chojnice obwodnica
liceum policyjne chojnice;10;0.0;3;2021-03-11;10;10;10;10;10;10;10;10;10;10;0;10;0
zielone domy chojnice praca;10;0.0;4;2021-03-11;0;10;10;0;10;10;10;10;10;0;0;0;0
gastro chojnice;10;0.0;2;2021-03-11;10;10;10;10;10;10;10;10;10;10;0;0;0
pogoda chojnice pl;10;0.0;2;2021-03-11;10;0;10;0;0;0;0;10;0;10;10;0;0
przychodnia lekarska nova chojnice;10;0.0;4;2021-03-11;10;10;10;10;10;10;10;0;10;10;10;10;0
serwis komputerów chojnice;10;0.0;3;2021-03-11;10;10;0;10;0;10;10;10;10;10;0;10;0
zakupy z dowozem chojnice;10;0.0;4;2021-03-11;10;10;0;20;10;10;10;10;10;20;10;10;0
idea bank chojnice;10;0.0;3;2021-03-11;0;0;0;0;0;0;10;0;0;0;0;0;0
klakson chojnice;10;0.0;2;2021-03-11;10;10;10;10;0;0;10;0;0;10;0;10;0
onet pogoda długoterminowa chojnice;10;0.0;4;2021-06-22;10;10;20;20;10;10;10;10;10;10;10;10;1;pogoda chojnice onet długoterminowa
aubrecht chojnice;10;0.0;2;2021-03-11;10;10;0;10;10;10;10;10;10;0;10;10;0
mieszkania chojnice i okolice;10;0.0;3;2021-03-11;10;10;10;10;10;10;10;10;10;0;10;10;0
kobryń rozkład jazdy chojnice;10;0.0;4;2021-03-11;10;10;0;0;0;0;0;10;0;10;0;0;0
promedica chojnice kontakt;10;0.0;3;2021-03-11;10;10;10;10;10;0;10;10;10;0;10;10;0
szpital chojnice ul leśna rezonans magnetyczny;10;0.0;5;2021-03-11;0;0;0;0;0;0;0;0;0;0;10;0;0
wypadek na trasie chojnice człuchów;10;0.0;4;2021-03-11;0;0;10;0;0;0;10;0;0;0;0;0;0
usługi asenizacyjne chojnice;10;0.0;3;2021-03-11;10;10;10;10;10;10;10;10;10;10;10;10;0
sklep moodo chojnice;10;0.0;3;2021-05-06;10;0;10;10;10;10;20;10;10;10;10;10;0
zawadzki chojnice;10;0.0;2;2021-03-11;0;10;10;0;0;10;10;10;0;10;0;0;0
napełnianie balonów helem chojnice;10;0.0;4;2021-03-11;10;20;10;10;10;10;10;10;0;10;10;10;0
salon łazienek blu chojnice;10;0.0;4;2021-03-11;20;20;10;10;10;10;20;20;10;20;20;10;0
mecz arka gdynia chojniczanka chojnice;10;0.0;5;2021-03-11;10;0;0;0;0;0;0;0;0;0;0;0;0
pogotowie energetyczne chojnice kontakt;10;0.0;4;2021-03-11;0;0;0;10;0;0;10;0;10;0;10;0;0
auto komis chojnice 14 lutego;10;0.0;5;2021-03-11;10;10;10;10;10;0
coloseum chojnice galeria;10;0.0;3;2021-03-11;0;0;10;0;0;0;0;0;0;0;0;0;0
seko chojnice sklep godziny otwarcia;10;0.0;5;2021-03-11;10;10;10;10;10;10;10;10;10;10;20;0
eurostandard chojnice wanny;10;0.0;3;2021-03-11;10;10;10;10;10;10;10;0
chojnice tragiczny wypadek dwie osoby nie żyją;10;0.0;6;2021-03-11;0;0;10;10;0;0;0;0;0;0;0;0;0
nowe osiedle chojnice;10;0.0;2;2021-03-11;10;10;10;10;10;10;10;10;10;10;10;0
galeria chojnice sukienników;10;0.0;3;2021-03-11;0;0;10;0;0;0;0;0;0;0;0;0;0
sprzedam psa chojnice;10;0.0;3;2021-03-11;10;0;10;10;10;0;0;10;10;0;10;0;0
laboratorium chojnice mickiewicza;10;0.0;3;2021-03-11;10;10;10;10;10;20;20;20;10;10;10;10;1;laboratorium mickiewicza chojnice
bawialnia cafe chojnice;10;0.0;3;2021-03-11;10;0;0;0;0;0;0;0;0;0;0;0;0
wypożyczalnia strojów karnawałowych chojnice;10;0.0;4;2021-03-11;10;10;10;0;0;0;10;0;10;10;10;0;0
galeria k&m chojnice godziny otwarcia;10;0.0;5;2021-03-11;10;0;0;0;0;0;10;10;10;0;0;0;0
wystawa psów chojnice 2019;10;0.0;4;2021-03-11;0;0;0;0;10;10;10;0;0;0;0;0;0
olx ogłoszenia chojnice;10;0.0;3;2021-03-11;10;10;10;10;10;20;20;10;10;10;10;10;1;ogłoszenia olx chojnice
odry koło chojnic;10;0.0;2;2021-03-11;0;10;10;0;0;10;0;0;0;10;10;10;0
sklep obuwniczy ccc chojnice;10;0.0;4;2021-03-11;10;0;10;10;10;10;10;10;10;10;10;0;0
czas chojnic ogłoszenia praca;10;0.0;4;2021-03-11;10;10;0
praktiker chojnice;10;0.0;2;2021-03-11;0;0;10;0;10;10;0;0;0;0;10;10;0
liceum akademickie chojnice;10;0.0;3;2021-03-11;10;10;10;0;0;10;10;10;10;10;0;10;0
język angielski chojnice;10;1.5;3;2021-03-11;10;10;10;10;10;10;0;10;10;10;10;10;0
osiedle leszczynowe chojnice;10;0.0;3;2021-03-11;10;10;10;10;10;10;10;10;10;10;10;0
najnowsze oferty pracy chojnice;10;0.0;4;2021-03-11;0;10;0;0;10;0;10;0;0;10;10;0;0
kino chojnice remont;10;0.0;3;2021-03-11;10;10;10;0
www radio weekend chojnice;10;0.0;3;2021-03-11;0;0;0;0;10;0;10;0;10;10;10;10;0
spływy kajakowe chojnice;10;0.0;3;2021-03-11;10;10;10;10;20;10;30;10;0
firmy kurierskie chojnice;10;0.0;3;2021-03-11;10;10;10;10;10;10;0;10;0;0;10;10;0
wynajem nieruchomości chojnice;10;0.0;3;2021-03-11;10;0;10;10;0;0;0;0;10;0;0;0;1;nieruchomości chojnice wynajem
senso salon urody chojnice;10;0.0;4;2021-03-11;10;10;10;0
windex chojnice praca;10;0.0;3;2021-03-11;10;10;10;10;10;10;10;10;10;10;10;0
restauracja pasibrzuch chojnice;10;0.0;3;2021-03-11;10;10;10;0;0;0;10;10;10;20;10;10;0
producent kajaków chojnice;10;0.0;3;2021-03-11;10;0;10;10;0;10;10;10;0;10;10;0;0
najlepsi adwokaci chojnice;10;0.0;3;2021-06-22;10;10;10;10;20;10;10;10;10;10;10;10;1;dobry adwokat chojnice
arka nieruchomości chojnice;10;0.0;3;2021-03-11;10;0;10;0;0;0;0;0;0;10;0;0;0
salon fryzjerski arleta chojnice cennik;10;0.0;5;2021-03-11;0;10;10;10;10;10;10;10;0;10;0;0;0
salon fryzjerski matrix chojnice;10;0.0;4;2021-03-11;10;10;10;10;10;10;10;10;10;10;0
maria wilk psycholog chojnice;10;0.0;4;2021-03-11;10;10;10;10;10;10;10;10;0;20;20;10;0
samochody uzywane chojnice i okolice;10;0.0;4;2021-03-11;10;10;10;10;10;0;10;10;10;10;10;10;0
rowery kross chojnice;10;0.18;3;2021-03-11;10;10;10;20;20;10;10;10;30;10;0
polcom chojnice kontakt;10;0.0;3;2021-03-11;10;10;0;10;0;0;10;0;0;10;0;10;0
mostostal chojnice sprzedany;10;0.0;3;2021-03-11;0;0;10;0;0;0;0;0;0;10;0;0;0
telebim chojnice;10;0.0;2;2021-03-11;10;10;10;10;10;10;0;0;0;10;10;0;0
spółdzielnia mleczarska chojnice;10;0.0;3;2021-03-11;10;10;10;10;10;10;10;10;0;10;10;10;0
autobus bydgoszcz chojnice;10;1.28;3;2021-03-11;20;10;10;10;10;20;20;20;10;20;20;10;0
informacja pkp chojnice telefon;10;0.0;4;2021-03-11;0;10;0;10;10;10;10;10;10;10;0;0;0
textil market chojnice godziny otwarcia;10;0.0;5;2021-03-11;0;0;0;0;10;0;0;0;10;10;0;10;0
lekarz medycyny pracy chojnice grabowski;10;0.0;5;2021-03-11;10;10;10;10;10;10;10;10;10;0
marcin ł chojnice;10;0.0;3;2021-03-11;10;0;10;10;10;0;10;0;0;0;10;10;0
auto handel wrc chojnice;10;0.0;4;2021-04-20;0;10;0;0;0;10;10;10;10;10;0;10;0
panorama firm chojnice;10;0.0;3;2021-03-11;0;10;10;10;10;10;10;10;10;10;10;0;0
agencja nieruchomości metrohouse chojnice;10;0.0;4;2021-03-11;0;0;10;0;0;0;0;0;0;0;0;0;0
pogoda chojnice meteoprog;10;0.0;3;2021-03-11;0;10;10;10;10;10;10;10;10;10;10;10;0
solmed chojnice lekarze;10;0.0;3;2021-03-11;10;10;10;10;10;10;0;10;10;10;10;10;0
chojnice warszawa km;10;0.0;3;2021-03-11;10;0;10;10;10;10;10;10;10;10;10;10;0
osm chojnice forum;10;0.0;3;2021-03-11;0;0;10;0;0;0;0;0;0;0;0;0;0
galeria k&m chojnice jakie sklepy;10;0.0;4;2021-03-11;20;10;10;10;0;10;10;10;10;10;10;10;0
tymek koncert chojnice;10;0.0;3;2021-03-11;0;0;10;0;0;10;10;0;0;0;0;0;0
wybory samorządowe 2018 chojnice;10;0.0;4;2021-03-11;0;0;0;0;10;0;10;0;0;0;0;10;0
koncert dżem chojnice;10;0.0;3;2021-03-11;10;10;10;0;0;0;0;0;0;0;0;0;0
mydlarnia u franciszka chojnice;10;0.0;3;2021-03-11;10;10;0;10;10;10;10;10;10;10;0;10;0
kierski rowery chojnice;10;0.35;3;2021-06-22;10;10;10;10;20;10;10;10;10;10;0;0;2;kierski chojnice rowery
rowery chojnice kierski
for you chojnice;10;0.0;3;2021-03-11;0;0;10;0;10;10;0;0;0;10;0;10;0
hurtownia papiernicza chojnice kasztanowa;10;0.0;4;2021-03-11;10;20;10;10;10;10;10;10;10;10;10;0
beata zielińska chojnice kontakt;10;0.0;4;2021-03-11;0;0;0;0;0;10;0;0;0;0;0;0;0
chojnice kino kingsajz;10;0.0;3;2021-06-22;10;10;10;10;10;10;20;10;10;10;10;10;2;kino kingsajz chojnice
kino chojnice kingsajz
mrówka chojnice gazetka promocyjna;10;0.0;4;2021-03-11;10;10;10;10;10;0
wirtualne chojnice ogłoszenia;10;0.0;3;2021-03-11;0;0;10;0;0;0;0;0;0;0;0;0;0
mostostal chojnice upadłość 2011;10;0.0;4;2021-03-11;0;0;10;0;0;0;0;0;0;0;0;0;0
lo chojnice stare miasto;10;0.0;3;2021-03-11;0;0;10;10;10;10;10;0;0;0;0;0;0
sadzonki pomidorów chojnice;10;0.0;3;2021-03-11;10;10;10;0;20;10;0;10;0;0;0;0;0
kierowca b chojnice;10;0.0;3;2021-03-11;10;10;10;10;0;10;10;0;10;10;0;10;0
pomoc prawna chojnice;10;0.0;3;2021-03-11;10;10;10;10;0;10;0;10;10;10;10;10;0
miasto na trasie wałcz chojnice;10;0.0;3;2021-03-11;0;0;0;0;0;0;0;10;0;10;0;0;0
odzież dziecięca chojnice;10;0.0;3;2021-03-11;10;10;0;10;0;10;10;10;10;10;10;10;0
stancja chojnice;10;0.0;2;2021-03-11;10;10;20;10;10;10;10;10;10;10;10;10;0
resler chojnice oferta;10;0.0;3;2021-03-11;10;10;0;0;10;10;10;10;0;0;0;10;0
praca w przedszkolu chojnice;10;0.14;3;2021-05-15;20;20;20;10;10;10;10;10;20;10;20;10;0
usjo chojnice;10;0.0;2;2021-03-11;10;10;10;10;10;10;10;0;10;10;0;10;0
urząd miasta chojnice śmieci;10;0.0;4;2021-03-11;10;10;10;10;10;10;0;10;10;0;10;10;0
usg chojnice gdanska;10;0.0;3;2021-03-11;0;0;0;0;0;0;0;0;10;0;10;10;0
drobet chojnice cennik;10;0.0;3;2021-03-11;10;10;10;40;10;10;10;10;10;10;0;10;0
motolotnia chojnice;10;0.0;2;2021-03-11;10;10;10;10;20;10;20;10;20;10;10;0;0
14 lutego chojnice;10;0.0;3;2021-03-11;10;20;10;10;10;10;10;10;10;0;10;10;0
nomi chojnice;10;0.0;2;2021-03-11;10;10;10;10;10;10;0;0;10;0;0;0;0
jarosław burchat chojnice;10;0.0;3;2021-03-11;0;0;0;0;0;0;0;0;10;0;0;0;0
phu mg chojnice opinie;10;0.0;4;2021-03-11;10;10;10;10;10;10;10;10;10;10;10;0
black red white chojnice godziny otwarcia;10;0.0;6;2021-03-11;10;10;10;10;10;0;10;10;10;10;10;10;0
banery chojnice;10;0.0;2;2021-03-11;10;10;10;10;10;10;0;0;0;10;10;0;0
takko chojnice gazetka;10;0.0;3;2021-03-11;10;10;10;0;0;0;0;0;0;10;0;0;0
mzk chojnice ceny biletów;10;0.0;4;2021-03-11;10;10;10;10;10;10;10;10;10;10;10;0;0
agencja ochrony chojnice;10;0.0;3;2021-03-11;10;10;10;10;10;10;10;10;10;10;10;10;0
autohandel wrc chojnice;10;0.0;3;2021-03-11;0;10;0;0;10;10;10;10;10;10;0;10;0
markizy chojnice;10;0.0;2;2021-03-11;10;10;10;20;10;10;10;10;10;10;0;10;0
obi chojnice trampoliny;10;0.0;3;2021-05-21;0;0;10;10;0;20;20;10;0;0;10;0;0
auto komis elita chojnice;10;0.0;4;2021-03-11;10;10;10;0;10;10;10;10;10;10;10;10;0
comtel chojnice;10;0.0;2;2021-03-11;10;0;10;10;10;10;10;10;10;10;10;10;0
kupie auto chojnice;10;0.87;3;2021-03-11;30;10;10;10;10;10;0;10;10;10;0;0;0
pzu chojnice telefon;10;0.0;3;2021-03-11;10;10;10;10;10;0;0;10;10;10;0;0;0
zremb chojnice upadłość;10;0.0;3;2021-03-11;10;10;0
sklep house chojnice;10;0.0;3;2021-03-11;10;10;10;0;0;0;10;0;0;10;10;10;1;house sklep chojnice
targi mody i urody chojnice;10;0.0;4;2021-03-11;10;10;10;0;0;0;0;0;0;0;0;0;0
wypadek chojnice człuchów;10;0.0;3;2021-03-11;10;10;10;10;10;10;10;10;0;10;10;10;0
telekomunikacja polska chojnice;10;0.0;3;2021-03-25;10;10;0;10;0;10;10;0;0;10;10;10;0
szlaki rowerowe chojnice;10;0.0;3;2021-03-11;10;10;10;10;10;20;10;10;10;10;0
gościniec chojnice cennik;10;0.0;3;2021-03-11;0;0;10;10;10;10;10;10;10;10;0;10;0
dom i ogród chojnice;10;0.0;4;2021-03-11;10;10;10;10;10;10;0;10;0;10;10;10;0
neurolog chojnice prywatny gabinet;10;0.0;4;2021-03-11;10;10;10;10;10;10;10;10;10;0
chojnice mapa dojazdu;10;0.0;3;2021-03-11;10;10;10;10;10;10;10;10;10;10;0
rozkład jazdy pkp gdańsk chojnice;10;0.0;5;2021-03-11;10;30;10;20;10;30;10;10;20;10;10;10;1;rozkład jazdy pkp chojnice gdańsk
życie chojnic i okolic gazeta;10;0.0;4;2021-03-11;0;10;10;0;0;10;0;0;0;10;10;0;0
rozkład jazdy mzk chojnice szpital;10;0.0;5;2021-03-11;0;10;10;10;10;10;10;10;10;10;10;10;0
abacosun chojnice zabiegi;10;0.0;3;2021-03-11;10;10;10;0;10;0;10;10;10;10;10;10;0
płoty drewniane chojnice;10;0.0;3;2021-03-11;10;0;10;20;10;10;10;10;0;0;10;0;0
edk chojnice;10;0.0;2;2021-03-11;10;10;70;10;10;10;10;0
dobry dermatolog w chojnicach;10;0.0;4;2021-03-11;10;0;0;10;10;10;10;10;10;10;20;10;0
dermatolog chojnice kościerska;10;0.0;3;2021-03-11;10;10;10;10;10;0;10;10;10;10;10;0;0
meritum bank chojnice;10;0.0;3;2021-03-11;0;0;10;0;10;0;0;0;0;0;0;0;0
auto komis chojnice tucholska;10;0.0;4;2021-03-11;10;10;10;0
kanama fitness chojnice;10;0.0;3;2021-03-11;10;10;10;10;0;10;10;10;10;10;10;10;1;kanama chojnice fitness
enea chojnice planowane wyłączenia prądu;10;0.0;5;2021-03-11;10;10;10;10;10;10;10;0;10;10;10;10;0
neonet chojnice ul kasztanowa;10;0.0;3;2021-03-11;10;0;10;0;10;10;0;0;10;10;10;10;0
sklep zoologiczny chojnice dworcowa;10;0.0;4;2021-05-17;10;10;20;10;10;10;10;10;10;30;10;20;0
dworzec pkp chojnice telefon;10;0.0;4;2021-03-11;10;10;10;10;10;10;10;10;10;0;10;10;0
aktualne oferty pracy chojnice;10;0.12;4;2021-03-11;20;10;10;10;10;10;0;0;10;10;10;10;0
gimnazjum nr 3 chojnice;10;0.0;2;2021-03-11;10;10;10;10;10;10;10;10;10;10;0
galeria chojnice ul sukienników;10;0.0;3;2021-03-11;10;10;0;0;0;0;0;0;0;0;10;10;0
karczma mistral chojnice;10;0.0;3;2021-03-11;0;0;0;0;0;0;0;0;10;0;0;10;0
tablica pl chojnice meble;10;0.0;3;2021-03-11;0;0;10;0;10;0;0;0;0;0;0;0;0
fitnex chojnice trenerzy;10;0.0;3;2021-03-11;10;10;10;10;0
pogoda onet pl chojnice;10;0.0;3;2021-03-11;0;0;0;10;0;0;0;10;0;10;0;0;1;pogoda chojnice onet pl
studio paznokci chojnice;10;0.0;3;2021-03-11;10;10;10;10;10;10;10;10;10;10;0;10;0
urolog chojnice mickiewicza;10;0.0;3;2021-03-11;10;10;10;10;10;0
niepełnosprawni chojnice;10;0.0;2;2021-03-11;10;0;10;0;10;10;10;0;0;10;10;10;0
restauracja piast chojnice;10;0.0;3;2021-03-11;10;10;10;10;10;10;10;10;10;10;0
sanatorium kręgosłup chojnice;10;0.0;3;2021-03-11;10;10;10;10;10;10;10;10;10;10;10;0
mieszkania na sprzedaz chojnice urbaniak;10;0.0;5;2021-03-11;10;10;10;10;10;10;10;10;10;10;10;10;0
kebab chojnice cechowa;10;0.0;3;2021-03-11;0;0;0;0;0;0;0;10;0;0;0;0;0
prywatny dermatolog chojnice;10;0.0;3;2021-03-11;0;10;10;10;10;10;10;10;10;0;10;0;0
krs hospicjum chojnice;10;0.0;3;2021-03-11;10;20;10;20;0;0;0;0;0;10;0;0;1;hospicjum chojnice krs
sofort materiały budowlane chojnice;10;0.0;4;2021-03-11;10;0
wizażystka chojnice;10;0.0;2;2021-03-11;0;10;0;0;10;10;10;10;10;0;0;0;0
kamil więcławek chojnice;10;0.0;3;2021-03-11;0;0;0;10;0;0;10;0;0;0;0;10;0
sklep u kostka chojnice;10;0.0;3;2021-03-11;0;0;0;10;10;0;10;10;0;0;0;0;0
eurobank chojnice;10;0.0;2;2021-03-11;10;10;10;10;0;10;10;10;10;10;10;10;0
zsp 1 chojnice;10;0.0;2;2021-03-11;10;10;20;10;20;20;10;10;20;10;10;10;0
urząd gminy chojnice bip;10;0.0;4;2021-03-11;10;10;10;20;10;10;10;10;10;10;0;10;0
la sposa chojnice;10;0.0;3;2021-03-11;0;10;0;0;0;0;0;10;0;0;0;0;0
adrian k chojnice;10;0.0;2;2021-03-11;10;10;0;0;0;0;10;0;10;10;10;10;0
rugby chojnice;10;0.0;2;2021-03-11;10;10;10;0;10;10;10;10;10;10;10;0;0
miss i mister studniówki 2019 chojnice;10;0.0;6;2021-03-11;0;0;0;0;0;10;0;0;0;0;0;0;0
mrówka chojnice asortyment;10;0.0;3;2021-03-18;0;0;10;10;10;10;10;10;10;0;0;10;0
pogoda 15 dni chojnice;10;0.0;4;2021-03-11;10;10;10;10;10;10;10;10;10;0;20;10;0
bractwo rycerskie chojnice;10;0.0;3;2021-03-11;10;0;0;10;10;10;10;10;10;10;0;10;0
hotel chojnice polen;10;0.0;3;2021-03-11;10;0;0;0;0;10;0;10;0;10;0;10;0
artykuły metalowe chojnice;10;0.0;3;2021-03-11;0;10;0;10;10;0;10;10;20;10;0;10;0
marta olszewska chojnice;10;0.0;3;2021-03-11;10;10;10;10;10;10;10;0
bar pasibrzuch chojnice menu;10;0.0;4;2021-03-11;10;10;10;10;20;10;0;0;0;10;10;10;0
osiedle panorama chojnice;10;0.0;3;2021-03-11;10;10;10;10;10;0
bar chiński chojnice menu;10;0.0;4;2021-03-11;0;0;10;0;0;0;10;10;10;10;10;10;0
fundusze europejskie chojnice;10;0.0;3;2021-03-11;10;10;10;10;10;10;10;10;0
lekarz chirurg stomatolog chojnice;10;0.0;4;2021-03-11;0;10;0;10;0;0;0;0;0;10;0;0;0
wymiana opon chojnice towarowa;10;0.0;4;2021-03-11;10;0;10;20;10;10;10;10;10;10;30;10;0
górnik zabrze chojniczanka chojnice;10;0.0;4;2021-03-11;10;10;10;10;10;0;0;10;0;0;0;10;0
kosiarki spalinowe chojnice;10;0.0;3;2021-03-11;0;0;10;10;40;10;10;10;10;10;0;0;0
mks sandecja nowy sacz chojnice;10;0.0;5;2021-03-11;0;0;0;10;0;0;0;0;0;0;0;0;0
jakub adamczyk chojnice;10;0.0;3;2021-03-11;10;0;0;10;0;10;0;0;0;0;0;0;0
sklep z rowerami chojnice;10;0.0;3;2021-03-17;10;10;10;20;20;10;20;20;10;10;10;20;0
ccc chojnice buty;10;0.0;3;2021-03-11;10;10;20;30;10;10;10;10;20;10;0;10;0
szlachetna paczka chojnice;10;0.0;3;2021-03-11;10;0;0;0;0;0;0;10;10;10;50;110;0
