Słowo kluczowe;Śr. mies. liczba wyszukiwań;CPC (PLN);Liczba słów kluczowych;Dodano;Sezonowość styczeń;Sezonowość luty;Sezonowość marzec;Sezonowość kwiecień;Sezonowość maj;Sezonowość czerwiec;Sezonowość lipiec;Sezonowość sierpień;Sezonowość wrzesień;Sezonowość październik;Sezonowość listopad;Sezonowość grudzień;Liczba wariacji;Wariacje
ksef od kiedy;33100;0.79;3;2022-06-15;9900;12100;18100;27100;40500;40500;60500;110000;40500;33100;18100;5400;0
pętle;22200;0.87;1;2021-06-22;40500;27100;18100;22200;14800;18100;14800;18100;22200;22200;14800;27100;4;w pętli
petl
petle
petli
ciąg fibonacci;18100;0.0;2;2023-05-19;22200;18100;22200;18100;18100;14800;9900;12100;14800;22200;27100;22200;0
znaczenie emotki;12100;3.02;2;2021-03-10;14800;12100;12100;12100;12100;12100;12100;12100;12100;9900;12100;9900;2;emotki znaczenie
emotki znaczenia
prometheus;5400;0.0;1;2021-06-02;6600;5400;6600;5400;6600;5400;5400;5400;5400;5400;5400;5400;2;prometheus iii
prometheus ii
singleton;5400;0.0;1;2021-06-02;5400;5400;5400;5400;5400;6600;9900;5400;5400;4400;5400;4400;4;a singleton
e singleton
k singleton
singleton wa
webcon;5400;5.45;1;2021-03-11;4400;3600;5400;5400;4400;4400;4400;5400;6600;4400;4400;4400;0
spring and spring boot;3600;5.38;4;2022-12-11;4400;3600;4400;3600;3600;2900;2900;2900;2900;3600;4400;3600;0
lombok;3600;1.16;1;2021-03-11;6600;4400;3600;4400;4400;3600;4400;2900;2400;2900;2900;2900;0
iteracja;3600;0.0;1;2021-03-10;3600;4400;3600;2400;3600;4400;3600;3600;4400;3600;4400;4400;0
react native;3600;4.74;2;2021-06-22;4400;4400;4400;4400;5400;4400;3600;3600;2900;3600;2900;2400;1;react native i
ide;3600;6.51;1;2021-06-02;2900;2900;3600;4400;4400;3600;4400;4400;4400;3600;4400;3600;12;idziemy
idę
iść
idziesz
szedł
idź precz
idziemy na miasto
e ide
ku isc
nie nie ide
w miasto idziemy
u ide
pratt & whitney;2900;1.13;3;2022-08-01;3600;3600;3600;2900;1900;2400;2400;2400;2900;2900;2900;2400;0
anagramy z liter;2900;0.0;3;2025-03-28;2900;2900;3600;3600;2900;2900;2400;2400;2900;2900;2900;2400;0
what is git checkout;2400;0.0;4;2022-02-08;2400;2400;2900;1900;2400;1900;1900;2400;2400;2900;2900;2400;0
git with windows;2400;3.4;3;2022-02-08;2400;2400;2900;2400;2400;1900;1900;1900;1900;2400;2400;1900;0
merge git;2400;0.86;2;2023-04-07;2900;2400;2900;2400;2400;1900;1900;2400;2400;2900;2900;2400;0
checkout git;2400;0.0;2;2023-12-05;2400;2400;2900;1900;2400;1900;1900;2400;2400;2900;2900;2400;0
generator hasło;2400;0.09;2;2023-07-14;2900;2400;2900;2900;2400;2400;2400;2400;2400;2400;2400;2400;0
generator hasla;2400;0.09;2;2023-07-14;2900;2400;2900;2900;2400;2400;2400;2400;2400;2400;2400;2400;0
ksef co to jest;2400;0.77;4;2022-11-28;260;390;590;1000;1900;2400;2900;6600;5400;2400;2400;1000;0
ksef od kiedy obowiązkowy;2400;0.77;4;2022-06-15;1000;1300;1600;2400;2400;2400;2900;4400;2400;2400;1600;590;0
git tutorial;2400;1.66;2;2021-06-22;260;320;480;390;320;390;390;2900;6600;8100;6600;4400;3;tutorial git
git up tutorial
git pull tutorial
push git;1900;0.2;2;2022-02-08;2400;1900;2400;1900;1900;1600;1600;1900;1900;2400;2400;1900;0
git branch delete;1900;0.0;3;2022-02-08;2400;1900;2400;1600;1600;1600;1600;2400;1900;1900;2400;1900;0
git branch a;1900;1.14;2;2022-02-08;2400;1900;2400;1900;1900;1600;1600;1900;2400;2400;2400;1900;0
case switch;1900;0.55;2;2023-01-18;2400;1900;2400;1900;1600;1300;1000;1300;1600;2900;2900;2400;0
branch git;1900;1.13;2;2023-05-21;2400;1900;2400;1900;1900;1600;1600;1900;2400;2400;2400;1900;0
checkout in git;1900;0.0;3;2023-12-05;2400;2400;2400;1900;1900;1900;1900;1900;1900;1900;2400;2400;0
soft skill;1900;0.5;2;2024-06-27;2400;1900;2400;1900;1600;1900;1900;1600;1900;2400;2400;1600;0
jak obliczyć najmniejszą wspólną wielokrotność;1900;0.0;4;2025-01-09;1000;880;1000;720;880;210;110;170;8100;4400;4400;1300;0
emotka uśmiech;1900;0.0;2;2021-06-22;2400;1900;1300;1300;1900;2400;2400;1900;1900;1900;1900;1900;2;uśmiech emotka
emotka z uśmiechem
jdk;1900;4.14;1;2021-03-11;2400;1900;1900;1600;1900;2900;2400;1900;2400;1900;2400;1900;1;jdk ee
ksef api;1900;18.68;2;2022-09-19;480;590;590;880;1300;1600;1600;3600;4400;2900;2400;1600;0
technika pomodoro;1900;2.26;2;2021-03-11;1300;1300;4400;2400;2400;1600;2400;1600;1900;1300;1600;1300;1;pomodoro technika
rejestracja ksef;1900;2.71;2;2023-12-04;30;40;90;140;320;720;1600;8100;5400;3600;1900;880;0
pizzeria domino;1900;4.11;2;2021-03-10;1900;2400;1900;2400;2400;2400;2400;2400;1600;1600;1900;1900;2;domino pizzeria
pizzerie domino
install git;1600;1.29;2;2021-03-10;1600;1600;1900;1600;1600;1300;1600;1300;1300;1900;1600;1600;2;git install
git up install
java switch;1600;1.56;2;2021-03-11;1600;1300;1900;1600;1300;1000;880;1000;1000;2400;2400;1600;1;switch java
sharepoint logowanie;1600;0.0;2;2022-02-08;1600;1300;1300;1600;1300;1300;1300;1600;1600;1900;1600;1900;0
kolejka po ang;1300;0.0;2;2023-05-20;1300;1300;1600;1300;1600;1300;1300;1000;1300;1300;1300;1000;0
petla while;1300;0.0;2;2021-03-10;1600;1300;1600;1300;1000;590;210;390;1000;1900;2400;1600;0
setter;1300;0.0;1;2021-03-11;1300;1600;1600;1600;1300;1300;1300;1300;1300;1300;1300;1300;1;z setter
git for windows;1300;6.2;3;2021-03-10;1000;880;1000;1000;1000;1300;1300;1300;1600;1600;1900;1600;0
git amend commit;1000;0.0;3;2022-02-08;1000;1000;1300;1000;880;880;880;1000;1000;1000;1000;1000;0
kamien papier nozyce;1000;0.0;3;2022-02-08;1600;1000;1300;880;590;480;480;1300;1000;1300;1900;1300;0
metoda pomodoro;1000;0.06;2;2021-03-11;1900;1000;880;880;880;1900;720;480;880;880;1000;880;0
co to jest soft;1000;0.0;1;2021-06-22;880;1300;1600;1300;1000;880;880;880;590;720;720;880;2;soft co to jest
soft com
git co to;1000;1.41;3;2021-06-22;1000;1300;1300;1000;1000;880;880;720;880;1000;1000;1000;0
case switch java;1000;1.58;3;2023-01-18;1300;720;1000;1000;880;720;590;720;720;1600;1600;1000;0
java case switch;1000;1.58;3;2021-07-24;1300;720;1000;1000;880;720;590;720;720;1600;1600;1000;0
java switch case;1000;1.58;3;2021-07-24;1300;720;1000;1000;880;720;590;720;720;1600;1600;1000;0
soft skills;1000;1.33;2;2021-03-11;1300;1000;720;590;880;1300;1000;720;1300;880;1000;880;0
encja;1000;0.0;1;2021-03-10;1000;1000;590;480;1000;1300;1000;1000;1300;880;1000;880;0
debugowanie;1000;0.0;1;2021-03-11;880;880;1000;1300;1300;1000;1000;1000;1000;880;880;720;0
for operator java;880;0.0;3;2021-07-22;880;880;1000;720;590;590;480;720;720;1300;1000;720;0
iteracja co to;880;0.0;1;2022-12-05;1000;1000;1300;1000;880;720;480;480;590;880;1000;720;0
jak nauczyć się programowania;880;3.25;2;2023-08-23;1300;880;880;720;720;720;720;720;720;880;1000;880;0
śmieszne emotki;880;0.0;2;2021-03-10;880;880;1000;880;880;720;590;720;880;880;880;880;1;emotki śmieszne
siemens finance;880;1.29;2;2021-03-11;880;880;1000;880;720;720;720;720;880;880;1000;880;0
java operator;880;0.0;2;2021-03-11;880;880;1000;720;590;590;480;720;720;1300;1000;720;1;operator java
json schema;880;0.0;2;2021-03-11;880;880;880;880;880;880;880;720;720;720;880;720;1;schema json
low code;880;5.52;2;2021-03-10;720;720;590;880;1000;880;720;880;1000;1300;880;720;0
czy warto;880;0.0;2;2021-03-11;590;720;720;720;880;720;720;880;880;880;880;1000;2;ale czy warto
wow czy warto
java jdk;880;4.08;2;2021-03-11;880;880;720;880;1000;880;720;880;720;880;720;720;2;jdk java
java ee jdk
rozmowa kwalifikacyjna po angielsku;880;2.59;4;2021-06-22;720;880;880;880;720;880;880;1300;1000;880;590;720;2;po angielsku rozmowa kwalifikacyjna
rozmowa po angielsku kwalifikacyjna
git pull vs fetch;720;0.0;4;2022-02-08;720;720;880;720;720;720;720;720;590;720;590;590;0
git push tags;720;0.0;3;2022-09-06;720;720;720;590;590;720;720;720;720;720;720;720;0
essa emoji;720;0.0;2;2022-11-17;590;480;480;390;390;390;320;1000;1600;1300;880;1300;0
emotikony uśmiechy;720;0.0;2;2022-11-19;880;880;1000;720;880;720;590;590;720;880;880;720;0
lista umiejętności;720;0.3;2;2021-03-11;880;720;720;720;880;720;720;590;720;720;590;390;1;umiejętności lista
git checkout remote branch;720;0.0;4;2021-03-11;720;720;720;590;590;590;590;720;720;720;720;590;0
lotus mail;720;0.0;2;2021-03-11;590;880;880;1000;720;720;720;590;720;720;590;590;0
co znaczą emotki;720;0.0;3;2021-06-22;880;880;880;880;720;720;720;720;720;720;720;720;2;emotki co znaczą
co to znaczy emotki
git fetch;720;0.04;2;2021-03-10;1300;1300;1300;1300;1000;1000;1000;880;880;1000;880;720;0
git push;720;0.09;2;2021-06-22;880;720;720;590;590;880;720;720;720;590;720;720;2;git push u
git push pull
skills po polsku;720;0.0;3;2021-03-11;720;590;590;720;880;720;720;880;720;880;880;720;0
switch case;720;0.84;2;2021-03-11;720;480;390;590;1000;880;720;720;480;720;720;480;0
szukaj w google;720;0.0;3;2021-06-22;880;720;590;720;720;880;720;880;880;720;720;720;4;szukanie w google
google szukaj
szukaj google
szukaj z google
git reset soft;590;0.1;3;2022-08-01;480;480;720;480;480;480;590;590;590;590;590;590;0
singleton in java;590;1.99;3;2022-03-21;720;480;590;590;720;480;390;480;480;590;590;480;0
git remote branch delete;590;0.0;4;2022-02-08;720;590;720;480;590;480;480;590;590;590;590;590;0
git branches merge;590;1.26;3;2022-02-08;720;590;720;480;590;590;480;590;720;720;720;590;0
git branch switch;590;0.0;3;2022-02-08;720;590;590;590;590;590;590;590;590;720;720;590;0
git reset to head;590;0.0;3;2022-02-08;720;590;720;480;590;480;480;590;590;590;590;480;0
git checkout a tag;590;0.0;3;2022-02-08;590;590;720;590;480;480;590;480;590;590;590;480;0
git install on windows;590;0.0;3;2022-02-08;720;590;880;720;590;590;590;590;590;720;720;590;0
git install ubuntu;590;0.0;3;2022-02-08;590;590;590;480;480;390;480;590;590;590;590;590;0
ifs java;590;0.0;2;2022-08-25;590;480;720;480;390;260;210;390;480;1300;1000;590;0
p in java;590;1.91;3;2022-12-11;720;590;720;480;480;390;390;480;590;720;720;590;0
for if else java;590;0.49;4;2023-06-27;720;480;720;480;390;320;260;480;480;1000;880;590;0
hasła generator;590;0.16;2;2023-07-14;720;590;720;590;590;720;590;480;590;480;590;590;0
if else java;590;0.49;3;2021-06-22;720;480;720;480;390;320;260;480;480;1000;880;590;2;else if java
java else if
singleton java;590;2.0;2;2021-03-11;720;480;590;590;720;480;390;480;480;590;590;480;0
java se;590;0.0;2;2021-06-22;590;720;720;480;590;480;480;480;480;590;590;480;2;java se ee
java ee se
tablice java;590;0.0;2;2021-06-22;720;390;720;480;320;260;140;210;390;880;1300;590;3;java tablice
tablice w javie
tablica w java
program java;590;1.91;2;2021-03-11;720;590;720;480;480;390;390;480;590;720;720;590;5;program w java
program do javy
programy java
a java program
programy na java
kompetencje miękkie przykłady;590;0.57;3;2021-06-22;880;720;720;590;480;480;390;320;720;880;720;590;1;przykłady kompetencji miękkich
java ide;590;8.6;2;2021-03-11;590;590;720;590;480;390;390;480;590;880;590;590;2;ide java
java ee ide
process automation robotics;590;9.66;3;2021-03-11;720;590;590;590;720;590;480;590;590;590;590;480;0
ozdobniki do skopiowania;590;0.0;2;2023-05-19;720;590;720;720;720;720;590;720;590;590;590;480;0
tablica java;590;0.0;2;2025-07-08;720;390;720;480;320;260;140;210;390;880;1300;590;0
git tag;590;0.0;2;2021-03-11;720;590;590;480;590;720;590;480;590;590;720;480;0
automatyzacja procesów biznesowych;590;10.45;3;2021-03-10;480;590;390;590;720;590;390;590;590;1000;720;590;1;automatyzacji procesów biznesowych
hosting seo;590;3.59;2;2021-06-22;590;590;590;880;590;590;390;720;880;480;480;590;3;seo hosting
hosting pod seo
a seo hosting
pętla for;590;0.0;2;2021-03-11;480;170;170;590;1000;880;590;720;480;880;590;480;1;petla for
4 godzinny tydzień pracy;590;0.83;4;2021-03-11;720;720;590;720;590;590;480;590;720;480;480;480;1;4 godzinny tydzien pracy
git remove last commit;480;0.0;4;2022-08-01;590;480;590;480;480;480;390;590;480;590;590;480;0
git windows installation;480;0.0;3;2022-02-08;480;480;590;480;590;480;480;480;480;590;590;480;0
debugger co to;480;0.0;1;2023-05-20;590;320;390;320;320;320;260;480;590;720;720;480;0
git clone branches;480;0.0;3;2022-09-06;590;480;590;480;480;390;480;590;480;480;590;590;0
prometheus monitoring;480;12.67;2;2023-05-21;480;480;590;480;480;480;390;390;480;590;480;480;0
emotki ze znaków;480;0.0;2;2023-09-03;590;590;590;590;590;480;480;480;390;390;390;480;0
monitoring prometheus;480;12.66;2;2023-07-24;480;480;590;480;480;480;390;390;480;590;480;480;0
java equals;480;0.0;2;2021-03-11;590;390;590;480;590;480;320;320;390;590;590;480;1;equals java
stringbuilder java;480;0.0;2;2021-06-22;590;480;590;590;480;390;390;480;480;590;590;480;1;java stringbuilder
do while java;480;0.33;2;2021-06-22;480;390;590;390;320;260;210;320;320;720;880;480;1;java do while
roedl & partner;480;0.0;3;2022-08-01;590;590;720;590;480;390;480;480;480;590;480;480;0
java and operator;480;2.74;3;2021-03-11;390;590;590;590;480;480;480;320;390;590;590;320;0
anagram przykłady;480;0.0;2;2025-03-28;590;390;480;320;320;260;210;210;480;1000;720;480;0
git revert last commit;480;0.09;4;2021-03-10;590;590;590;480;480;590;480;390;390;480;480;480;0
testy jednostkowe;480;0.0;2;2021-06-22;590;590;390;320;390;480;480;390;720;390;590;480;1;test jednostkowy
automatyzacja procesów;480;10.11;2;2021-06-22;390;390;320;480;590;480;320;480;480;1000;590;480;2;automatyzacja procesu
proces automatyzacji
automatyzacja ai;480;8.4;2;2025-03-30;390;390;390;390;480;590;480;590;590;590;720;590;0
git reset last commit;390;0.0;4;2022-08-01;390;390;390;390;390;320;320;390;390;390;390;390;0
git merge revert;390;0.0;3;2022-02-08;390;390;480;320;320;320;320;480;390;390;390;390;0
git checkout commit;390;0.0;3;2022-02-08;390;390;390;320;320;320;320;390;390;390;390;320;0
znaczenie emotikony znaki graficzne;390;0.0;4;2022-08-11;480;590;590;390;480;390;320;320;480;390;390;320;0
low-code platform;390;1.55;3;2023-06-12;390;390;390;320;390;390;320;390;480;480;390;320;0
generuj hasło;390;0.0;2;2023-07-14;480;390;480;390;390;390;390;260;320;320;320;390;0
ci/cd co to;390;1.16;1;2023-09-20;480;480;590;480;390;390;390;390;320;390;390;320;0
revert commit;390;0.0;2;2023-10-12;390;390;480;390;390;390;390;320;390;390;390;390;0
gadżet dla programisty;390;0.11;2;2024-10-06;260;260;260;210;140;110;140;210;320;260;720;1300;0
windows bash;390;0.0;2;2021-04-21;480;390;590;390;390;390;320;320;390;480;480;480;1;bash windows
darmowe certyfikaty ssl;390;0.95;3;2021-03-11;480;390;480;320;390;390;320;320;320;390;320;390;1;certyfikaty ssl darmowe
stack java;390;0.0;2;2021-06-22;390;320;480;480;480;390;320;320;320;390;480;590;1;java stack
low code platforms;390;6.57;3;2021-03-11;390;390;390;320;260;210;210;390;480;480;390;320;0
boilerplate code;390;0.0;2;2021-03-11;480;390;590;390;390;320;390;480;320;390;390;390;0
webcon bps;390;13.57;2;2021-03-11;390;390;480;390;320;480;480;210;320;390;390;320;0
język java;390;1.89;2;2021-06-22;480;480;480;320;320;260;260;320;390;390;480;390;2;jezyk java
java język
pętla do while;390;0.0;2;2021-03-11;480;390;480;320;480;320;110;90;390;720;720;390;0
środowisko programistyczne;390;0.0;2;2021-06-22;590;320;390;320;320;210;170;210;390;590;480;390;1;środowiska programistyczne
singleton pattern java;390;0.0;3;2021-03-11;320;390;390;480;480;390;260;260;260;320;320;320;0
anagramy krzyżówka;390;0.0;2;2025-03-28;320;480;480;390;260;320;390;390;390;480;480;390;0
rohlig;390;1.41;1;2021-03-10;480;390;480;320;390;390;390;320;320;390;390;480;0
backend developer;390;2.44;2;2021-06-22;480;390;390;260;320;480;390;320;480;390;390;320;1;developer backend
alternatywa rozłączna;390;0.0;2;2021-03-11;720;590;390;390;320;390;210;210;260;590;590;480;0
tablica kodów ascii;390;0.0;3;2021-03-10;390;210;70;40;1000;720;480;320;320;320;480;480;0
it business process management;390;4.42;4;2023-09-11;320;260;210;260;320;320;320;480;480;720;480;390;0
switch case java;390;0.0;3;2021-03-11;390;320;260;390;720;590;390;390;390;480;390;320;0
ksef dokumentacja;390;0.0;2;2023-10-25;110;170;140;210;390;390;390;720;590;480;480;260;0
git create tag;320;0.55;3;2022-02-08;320;320;320;260;320;260;260;320;320;320;320;260;0
git reset commits;320;0.0;3;2022-02-08;320;320;320;260;260;260;260;390;320;320;390;320;0
git reset origin;320;0.0;3;2022-02-08;320;320;390;260;320;260;320;260;260;260;320;320;0
git push branches;320;0.0;3;2022-02-08;390;320;390;320;260;260;260;390;320;390;390;320;0
git merge master to branch;320;0.0;4;2022-08-23;390;320;320;260;260;260;260;390;320;390;390;320;0
git push a branch;320;0.0;3;2022-09-06;390;320;390;320;260;260;260;390;320;390;390;320;0
zdziwiona emotka;320;0.0;2;2022-12-19;390;320;480;390;390;260;260;210;260;320;320;320;0
show git config;320;0.0;3;2023-05-20;320;260;390;260;260;260;260;320;320;320;320;260;0
co robią programiści;320;2.65;3;2024-02-09;390;390;390;390;390;260;260;260;480;390;320;260;0
process business management;320;8.48;3;2023-09-11;390;320;390;320;320;320;260;260;260;320;390;390;0
stos c++;320;0.0;2;2022-08-01;390;320;390;390;480;260;70;90;170;320;390;320;0
github komendy;320;0.0;2;2021-03-11;390;320;390;260;260;210;170;210;320;390;390;260;0
react kurs;320;5.01;2;2021-06-22;480;480;390;480;260;320;210;260;260;320;260;210;1;kurs react
ozdobniki tekstu do skopiowania;320;0.0;3;2023-05-19;320;260;260;260;170;260;90;480;320;390;320;320;0
encje bazy danych;320;0.0;3;2025-05-25;590;260;320;210;260;260;70;70;480;720;590;320;0
java se development kit;320;7.11;4;2021-06-22;260;320;320;260;260;320;320;320;260;320;260;210;1;java se kit development
emoji malina do skopiowania;320;0.0;4;2025-04-19;260;260;260;260;170;260;260;390;260;260;720;260;0
kurs java;320;3.67;2;2021-03-11;320;320;320;260;320;390;390;320;320;260;320;260;3;kursy java
java kurs
kurs i java
lombok data;320;79.31;2;2021-03-10;480;320;390;320;320;320;260;260;260;260;210;170;0
ksef integracja;320;3.02;2;2022-09-19;90;90;140;170;260;320;260;480;480;480;390;170;0
sagitum;320;0.0;1;2022-08-12;320;320;260;320;390;320;320;390;390;480;320;320;0
operatory logiczne;320;0.0;2;2021-03-11;260;140;110;320;590;480;260;320;210;320;210;210;0
e doręczenia jak to działa;320;0.77;5;2025-05-20;210;260;210;210;260;260;320;880;480;320;210;210;0
suma logiczna;320;0.0;2;2021-03-11;390;140;110;210;320;320;260;390;480;390;320;320;0
integracja z ksef;320;6.37;3;2023-10-25;90;110;320;320;260;590;480;590;390;170;110;110;0
amend commit;260;0.0;2;2022-02-21;260;210;260;260;260;210;210;260;260;260;260;260;0
git push branch remote;260;0.0;4;2022-02-08;260;260;320;170;260;210;210;260;260;260;260;210;0
git revert hard head;260;0.0;4;2022-02-08;260;260;320;210;210;210;170;260;210;260;320;210;0
revert a commit;260;3.13;2;2022-02-08;260;210;260;320;320;320;320;320;260;320;260;260;0
commit amend;260;0.0;2;2022-02-08;260;210;260;260;260;210;210;260;260;260;260;260;0
ciąg fibonacciego liczby;260;0.0;3;2022-02-08;260;170;260;210;210;140;110;260;260;390;480;320;0
git mac;260;4.42;2;2022-02-08;320;320;390;260;260;210;210;210;320;390;320;260;0
dependencja;260;0.0;1;2023-05-21;260;210;320;210;210;210;170;210;390;390;260;210;0
wyraz utworzony z liter innego slowa;260;0.0;5;2023-06-14;320;590;590;170;110;90;110;90;110;210;260;480;0
zarobki programisty 2022;260;0.12;3;2023-12-21;110;40;40;20;260;320;390;390;390;480;480;320;0
jaki jezyk programowania na start;260;1.73;4;2021-03-10;480;320;320;210;210;90;40;260;210;260;260;210;0
pytania po angielski na rozmowie kwalifikacyjnej;260;0.5;6;2021-06-22;320;390;390;390;70;110;210;140;210;260;260;210;5;pytania na rozmowę kwalifikacyjną po angielsku
pytania na rozmowie kwalifikacyjnej angielski
pytania z angielskiego na rozmowie kwalifikacyjnej
pytania po angielsku na rozmowę kwalifikacyjną
pytania do rozmowy kwalifikacyjnej po angielsku
co to jest debugger;260;0.0;1;2021-03-11;320;210;260;210;210;210;170;170;210;260;260;260;0
lombok builder;260;0.0;2;2021-03-11;320;320;390;260;210;260;210;320;260;260;320;320;1;lombok to builder
sql pytania rekrutacyjne;260;0.99;3;2021-03-11;320;320;320;260;260;260;210;260;260;320;320;210;1;pytania rekrutacyjne sql
front end back end;260;1.92;4;2021-06-22;390;320;320;260;260;210;210;170;210;260;260;170;1;back end front end
jakie są prace;260;3.09;1;2021-03-11;320;260;390;320;260;260;320;210;210;320;320;210;0
wszystkie emotki do skopiowania;260;0.0;4;2021-03-10;260;260;260;170;170;320;260;260;210;260;260;260;0
git reset to origin;260;0.0;4;2021-03-10;260;260;260;260;260;260;260;260;210;260;210;210;0
webcon logowanie;260;0.0;2;2021-03-11;390;320;260;210;170;170;170;210;210;480;390;320;0
case in java;260;1.64;3;2022-12-11;260;210;320;260;260;170;140;170;170;390;390;260;0
java case;260;1.64;2;2021-06-22;260;210;320;260;260;170;140;170;170;390;390;260;2;case java
java do case
java case when;260;1.64;3;2021-07-22;260;210;320;260;260;170;140;170;170;390;390;260;0
jak zostać programistą;260;2.8;3;2021-06-22;320;260;260;260;260;260;260;170;260;210;260;210;4;jak zostac programista
jak zostać programista
jak zostac programistą
programista jak zostać
git fetch vs pull;260;0.0;4;2021-03-10;320;320;320;210;260;390;260;210;320;260;260;260;0
lombok java;260;0.0;2;2021-03-10;260;320;260;260;210;320;320;260;320;260;390;260;1;lombok to java
lpp logo;260;0.0;2;2021-03-10;390;260;210;170;210;260;320;260;320;210;260;260;0
java foreach;260;0.0;2;2021-03-11;210;170;170;210;390;320;260;210;170;260;260;210;1;foreach java
strefa vip;260;0.0;2;2021-03-11;590;390;260;210;170;210;210;210;170;210;170;170;0
gigachad co to znaczy;210;0.0;2;2022-03-22;70;70;90;90;50;90;40;210;140;140;1300;170;0
git merge branches to master;210;0.0;4;2022-02-08;260;210;260;210;210;210;210;170;170;210;210;210;0
git reset soft head;210;0.0;4;2022-02-08;170;170;210;170;210;170;260;170;260;170;210;210;0
git fetch vs git pull;210;0.0;5;2022-02-08;210;170;260;170;210;170;210;210;170;210;210;170;0
git windows bash;210;0.0;3;2022-02-08;210;170;260;170;170;140;170;170;210;260;210;210;0
a ascii;210;0.0;1;2023-05-19;320;210;260;210;210;170;110;110;140;260;320;320;0
git merge branch with master;210;0.0;5;2022-08-23;260;210;260;210;210;210;210;170;170;210;210;210;0
który dziś jest dzień roku;210;0.0;2;2022-10-11;50;90;260;170;260;210;210;260;260;320;320;170;0
konferencje it 2023;210;0.89;3;2022-12-21;590;480;390;260;10;10;10;20;70;210;210;260;0
emotikony dla dorosłych do pobrania;210;0.0;3;2022-11-19;260;320;320;320;210;140;170;210;260;210;140;210;0
protocol buffers;210;0.0;2;2023-06-19;210;210;260;210;210;210;210;210;210;210;260;210;0
platforma low-code;210;1.57;3;2023-10-25;260;210;320;210;210;260;170;170;210;210;210;170;0
silne hasła generator;210;0.38;3;2023-06-28;210;210;210;210;210;170;210;110;170;210;210;210;0
dekrementacja;210;0.0;1;2022-08-01;260;170;210;170;260;210;90;110;170;320;320;210;0
4 godzinne cialo;210;0.23;3;2021-05-18;210;170;210;170;320;210;210;260;210;140;170;170;0
javascript pytania rekrutacyjne;210;0.04;3;2021-06-22;210;170;210;170;320;210;260;260;170;210;210;170;1;pytania rekrutacyjne javascript
java co to;210;0.45;1;2021-06-22;320;260;320;170;210;210;170;170;210;210;210;210;4;co to java
co java
po co java
co zamiast javy
java język programowania;210;0.5;3;2021-03-11;320;260;260;210;210;170;140;110;170;210;260;210;2;język programowania java
programowanie w języku java
lombok value;210;0.0;2;2021-03-11;260;210;260;170;210;210;210;260;260;260;260;210;0
front end developer co robi;210;0.32;4;2021-03-11;320;260;320;210;170;210;210;210;210;260;320;210;1;co robi front end developer
czterogodzinny tydzień pracy;210;0.19;3;2021-03-11;260;170;210;320;170;110;140;210;170;170;170;210;1;czterogodzinny tydzien pracy
co to jest debugowanie;210;0.0;1;2021-06-22;320;210;260;210;170;170;140;170;210;260;260;260;1;debugowanie co to jest
java string compare;210;0.0;3;2021-03-11;170;260;320;320;210;210;140;140;140;210;210;170;0
co to stringi;210;0.0;3;2021-06-22;210;140;260;170;260;170;170;390;210;260;210;260;0
java oop;210;1.66;2;2023-06-13;260;170;210;170;170;140;140;210;210;260;260;170;0
backend co to;210;0.0;3;2021-04-06;210;260;210;210;210;170;480;210;170;170;170;170;0
git checkout tag;210;0.0;3;2021-03-10;320;260;260;210;260;320;170;170;210;210;210;170;0
jak nauczyc sie programowania;210;2.07;4;2022-03-21;260;170;210;210;210;210;210;170;170;210;140;140;0
emotikon zdziwienie;210;0.0;2;2021-04-21;320;210;210;210;260;260;210;170;170;210;210;210;1;zdziwienie emotikon
elektroniczny obieg dokumentow;210;10.54;3;2021-06-22;210;90;70;140;170;170;140;260;260;390;320;170;2;elektroniczny obieg dokumentów
obieg dokumentów elektronicznych
low code co to;210;3.47;4;2021-05-15;170;110;110;140;210;210;140;210;260;480;320;210;0
document management system;210;15.63;3;2021-03-11;170;210;110;320;170;110;110;210;210;320;210;210;0
platforma low code;210;5.8;3;2021-03-10;90;110;210;260;210;210;320;720;260;170;70;90;0
w java;170;0.0;1;2021-07-24;260;210;210;210;170;170;140;170;170;170;210;170;0
konsultacja cv;170;1.39;2;2021-07-24;140;170;210;210;140;170;110;140;110;210;170;90;0
systemy obiegu dokumentów;170;2.7;3;2021-09-02;170;170;260;210;210;140;140;140;110;140;170;210;0
języki programowania java;170;0.53;3;2022-03-21;210;210;260;170;210;110;110;110;170;210;170;170;0
git reset remote;170;0.0;3;2022-02-08;140;140;170;170;170;170;170;210;170;210;210;170;0
immutability in java;170;0.0;3;2022-10-14;170;170;170;140;210;140;110;210;170;210;210;170;0
immutable in java;170;0.0;3;2022-10-14;170;170;170;140;210;140;110;210;170;210;210;170;0
czym jest github;170;0.0;2;2022-11-26;260;210;210;210;210;140;110;110;170;170;170;210;0
i love you 100 razy do skopiowania;170;0.0;5;2023-05-20;210;390;260;210;170;110;170;110;90;90;140;210;0
origin git;170;0.0;2;2023-05-21;210;170;210;170;170;170;140;170;170;210;210;210;0
github podstawy;170;2.79;2;2023-05-30;210;170;210;170;140;110;140;110;110;210;210;140;0
emotki do druku pdf;170;0.0;3;2023-09-03;110;140;170;140;140;110;50;110;480;260;480;90;0
emotka piernika;170;0.0;2;2023-10-10;90;70;30;20;20;30;40;50;50;70;320;1000;0
emotki ze znaków na klawiaturze;170;0.0;3;2024-03-15;170;210;210;210;260;140;170;210;210;140;210;170;0
dart język programowania;170;0.0;3;2024-09-20;170;170;170;140;210;170;170;170;210;320;170;140;0
github co to jest;170;0.0;1;2021-06-22;260;170;210;210;210;170;140;170;140;170;210;170;1;com github
deserializacja;170;0.0;1;2022-08-01;170;170;140;140;170;140;140;170;140;170;140;140;0
git co to jest;170;0.0;1;2021-06-22;260;170;210;210;210;170;140;170;140;170;210;170;0
like emotka;170;0.0;2;2021-03-11;140;170;210;170;210;210;140;140;170;260;170;170;0
https educloud net pl;170;0.0;3;2022-08-01;210;320;390;260;30;10;0;0;0;170;390;260;0
cv programista;170;1.87;2;2021-06-22;210;210;210;260;170;170;110;90;140;170;110;90;3;cv programisty
programista cv
cv dla programisty
length java;170;0.0;2;2021-03-11;140;110;210;110;170;170;110;90;110;260;260;140;1;a length java
ide co to;170;0.0;1;2021-06-22;260;170;210;170;170;110;90;90;170;210;210;170;1;co ide
front end co to;170;2.06;4;2021-03-11;260;210;170;170;110;170;110;90;110;140;170;110;0
język programowania dla dzieci;170;0.47;3;2021-03-11;260;210;170;210;210;210;140;110;90;170;140;260;1;języki programowania dla dzieci
while java;170;0.0;2;2021-06-22;170;140;210;140;170;140;110;110;140;320;320;210;1;java while
tablice wielowymiarowe;170;0.0;2;2021-03-11;210;210;170;110;110;90;40;30;110;260;320;260;0
stringbuffer vs stringbuilder;170;0.0;3;2021-03-11;210;170;170;170;170;170;210;140;170;140;140;90;0
jak zacząć pracę w it;170;3.45;5;2021-03-10;210;260;260;210;210;170;140;170;170;140;110;140;2;jak zaczac prace w it
praca w it jak zacząć
cukier królewski producent;170;0.0;3;2021-03-11;110;390;320;140;110;140;140;110;110;110;110;110;0
java pytania rekrutacyjne;170;1.47;3;2021-03-11;70;170;320;210;320;140;170;110;140;110;110;90;1;pytania rekrutacyjne java
fajne emotki do pobrania;170;0.0;3;2024-01-21;170;170;260;170;170;110;110;210;210;140;140;170;0
ai do programowania;170;1.3;3;2025-03-16;320;170;210;210;170;140;90;90;70;210;170;210;0
co to jest encja;170;0.0;4;2025-04-01;210;140;170;140;140;110;70;50;260;260;260;170;0
low code developer;170;5.44;3;2021-03-11;110;170;260;170;70;90;90;70;140;140;90;110;0
jak zacząć programować;170;2.18;3;2021-03-11;260;210;170;170;170;170;140;140;140;140;140;90;3;jak zaczac programowac
programowanie jak zacząć
jak zacząć z programowaniem
git branches;170;0.0;2;2021-03-10;170;170;140;110;140;210;170;140;170;140;210;170;0
string java;170;0.0;2;2022-08-01;260;170;140;110;140;210;210;140;170;140;210;140;0
github branch;170;0.0;2;2021-03-11;170;170;140;110;140;210;170;140;170;140;210;170;0
bpm systems;170;6.53;2;2022-08-29;70;70;70;70;110;110;90;210;260;390;260;260;0
stringbuilder;170;0.0;1;2021-03-11;210;140;140;170;210;170;170;210;170;260;170;110;0
git merge branch;170;0.0;3;2021-03-11;210;210;170;170;170;170;140;170;140;170;170;110;0
struktury danych;170;0.0;2;2021-06-22;170;140;90;140;210;210;140;260;210;210;210;170;1;struktura danych
certyfikat ssl za darmo;170;5.57;4;2021-03-11;170;110;110;140;170;170;110;210;210;260;170;110;1;certyfikaty ssl za darmo
program do elektronicznego obiegu dokumentów;170;18.96;5;2021-03-11;110;90;70;140;170;140;110;210;260;390;260;210;1;elektroniczny obieg dokumentów program
obieg faktur;170;12.66;2;2021-06-22;50;110;140;170;110;170;170;320;260;170;50;140;1;obieg faktury
webinar hr;170;15.63;2;2021-04-13;50;70;140;170;110;210;210;320;260;140;50;90;0
najprostsze języki programowania;140;0.43;3;2022-03-21;170;110;140;110;140;110;110;110;90;140;170;110;0
stare języki programowania;140;0.0;3;2022-03-21;70;90;390;480;210;70;50;70;70;170;70;50;0
jakiego jezyka programowania uczyc sie w 2021;140;2.13;6;2022-03-21;140;90;90;90;110;90;140;140;170;170;170;110;0
value lombok;140;0.0;2;2023-03-22;140;140;170;110;140;110;140;140;110;140;140;110;0
instrukcja warunkowa if;140;0.0;3;2023-03-21;170;140;170;170;170;70;20;20;50;210;260;140;0
fibo java;140;0.0;2;2022-02-08;170;140;210;140;110;110;90;90;90;170;210;170;0
soft skills co to;140;0.46;2;2022-08-12;170;140;170;140;140;110;110;90;140;210;170;110;0
pętla java;140;0.0;2;2022-10-05;210;140;140;90;70;50;50;40;70;260;320;170;0
java equals hashcode;140;0.0;3;2022-11-27;110;110;140;110;170;140;140;140;110;110;140;110;0
java hashcode equals;140;0.0;3;2022-11-27;110;110;140;110;170;140;140;140;110;110;140;110;0
automation of processes;140;7.06;3;2022-10-06;170;140;170;140;170;170;110;110;170;210;140;140;0
tasker lpp logowanie;140;0.0;3;2022-11-23;70;90;90;70;50;110;140;210;390;260;110;90;0
github poradnik;140;1.88;2;2023-05-21;170;140;210;90;140;90;110;90;110;260;170;140;0
siemens finance logowanie;140;0.0;3;2023-05-20;110;110;210;170;170;90;140;140;140;170;140;140;0
webcon community;140;24.25;2;2023-10-25;140;140;170;110;170;140;140;110;90;110;140;110;0
pytania rekrutacyjne js;140;0.96;3;2023-07-24;140;140;140;110;140;90;170;110;140;140;140;90;0
test junit;140;3.01;2;2023-09-26;170;110;170;140;140;110;110;90;110;170;170;140;0
ikonki discord;140;0.0;2;2024-03-15;170;170;170;140;110;140;90;140;140;170;170;170;0
pytania po angielsku na rozmowie;140;0.8;3;2021-03-11;170;170;170;110;90;110;140;170;210;210;110;110;1;pytania na rozmowie po angielsku
break java;140;0.0;2;2021-06-22;170;110;170;140;140;140;140;90;90;210;210;170;1;java break
kolejka c++;140;0.0;2;2022-08-01;140;170;210;210;260;140;30;20;90;140;140;110;0
java back end;140;0.51;3;2021-03-11;140;110;170;110;140;170;170;140;140;170;140;110;1;back end java
rozmowa kwalifikacyjna angielski;140;0.18;3;2021-06-22;170;170;170;110;260;140;110;90;140;140;110;110;4;angielski rozmowa kwalifikacyjna
rozmowy kwalifikacyjne po angielsku
angielski na rozmowie kwalifikacyjnej
angielski na rozmowę kwalifikacyjną
java oracle jdk;140;0.0;3;2021-05-15;110;110;170;140;140;90;140;90;110;170;90;140;0
substring string java;140;0.0;3;2021-05-15;170;110;170;140;110;110;110;170;140;170;170;170;0
inkrementacja c++;140;0.0;2;2021-03-11;170;170;260;170;110;70;20;10;50;140;320;170;0
select case;140;0.0;2;2021-03-11;170;140;170;140;110;110;110;110;170;170;170;170;0
jak zacząć w it;140;2.71;2;2021-03-25;210;140;140;140;140;140;140;140;170;140;140;140;2;jak zaczac w it
it jak zaczac
operacje logiczne;140;0.0;2;2021-03-11;260;140;140;170;170;140;70;50;70;210;210;210;0
java clone;140;0.0;2;2021-03-11;170;210;170;170;140;110;90;70;70;140;140;140;1;java cli
java backend;140;0.51;2;2021-03-11;140;110;170;110;140;170;170;140;140;170;140;110;2;backend java
java ee backend
darmowy kurs java;140;0.72;3;2021-06-22;210;140;140;110;110;140;140;140;110;140;140;140;5;darmowy kurs javy
kurs java darmowy
java darmowy kurs
java kurs darmowy
darmowe kursy java
budimex gowork;140;0.0;2;2021-06-22;140;140;140;110;140;140;170;110;90;110;140;110;1;gowork budimex
hashcode and equals;140;0.0;3;2021-03-11;170;170;210;140;170;110;110;90;110;170;170;140;0
switch case default;140;0.0;3;2021-03-11;170;110;140;140;90;90;90;110;70;210;170;140;0
programowanie ai;140;2.76;2;2022-04-19;210;210;170;140;140;140;110;110;90;140;140;110;0
software developer junior;140;3.26;3;2023-09-14;170;110;170;110;110;110;140;140;170;170;170;110;0
google protobuf;140;0.0;2;2021-03-11;140;170;140;140;140;170;140;140;110;140;110;110;0
czym jest git;140;0.8;3;2021-06-22;260;210;210;210;210;140;110;140;140;170;170;210;0
koniec eldorado w it;140;0.0;4;2025-03-16;50;30;260;320;210;170;90;90;90;70;70;70;0
4 godzinne ciało;140;0.54;3;2021-03-11;170;260;260;210;210;170;210;210;170;210;140;140;0
git pull remote branch;140;0.0;4;2021-04-21;210;170;140;110;110;140;110;90;90;90;140;110;0
git config email;140;0.0;3;2021-03-10;170;170;110;110;110;140;140;140;140;90;140;140;0
jakie są języki programowania;140;0.0;4;2021-03-10;140;110;90;90;210;170;170;110;170;140;170;110;0
ksef co trzeba wiedzieć;140;0.9;4;2024-02-08;10;30;30;90;110;110;170;590;210;170;140;50;0
automatyzacja procesów w firmie;140;19.48;4;2021-03-10;50;70;110;110;70;140;170;320;320;170;30;50;0
git push remote;110;0.0;3;2022-08-01;110;110;140;70;140;110;140;110;110;110;110;110;0
git remote checkout;110;0.0;3;2022-02-08;140;110;170;110;110;110;90;110;140;110;110;140;0
git push branch origin;110;4.48;4;2022-02-08;110;70;110;140;110;90;140;90;70;90;90;90;0
git merge into master;110;0.0;4;2022-02-08;110;140;90;90;70;90;70;140;90;90;110;110;0
git remote push;110;0.0;3;2022-02-08;110;110;140;70;140;110;140;110;110;110;110;110;0
git commit and push;110;1.64;4;2022-02-08;170;110;140;90;110;90;90;90;90;140;170;110;0
git commit push;110;1.64;3;2022-02-08;170;110;140;90;110;90;90;90;90;140;170;110;0
code review co to;110;0.0;2;2022-02-08;110;90;140;90;90;90;90;90;140;140;110;90;0
kapibara emoji;110;0.0;2;2023-04-26;110;110;260;140;110;70;90;90;110;70;70;50;0
git reset head 1;110;0.0;3;2022-02-08;140;110;140;110;140;110;140;110;110;110;110;110;0
git checkout from remote;110;0.0;4;2022-02-08;140;110;170;110;110;110;90;110;140;110;110;140;0
how to install git;110;0.0;3;2022-02-08;140;110;170;110;110;110;110;110;110;140;110;140;0
git fetch all branch;110;0.0;4;2022-09-06;140;110;110;90;90;90;90;110;90;110;140;90;0
hashcode equals java;110;0.0;3;2022-11-27;110;110;140;110;110;90;70;70;70;140;140;110;0
machine learning in java;110;3.21;4;2022-12-03;140;90;140;110;90;110;70;70;70;110;90;140;0
github jest;110;0.0;1;2023-05-21;140;110;110;90;140;110;90;110;110;90;110;90;0
edytory kodu;110;0.0;2;2023-03-28;140;140;140;110;90;90;90;90;110;140;140;140;0
operator logiczny;110;0.0;2;2023-05-20;170;140;140;110;110;110;70;50;110;210;170;110;0
encja co to;110;0.0;1;2023-05-20;210;140;110;90;70;110;50;50;140;170;170;110;0
emotki messenger copy;110;0.0;3;2023-09-03;110;70;110;110;110;110;90;90;110;110;140;90;0
rapid development application;110;4.79;3;2023-09-14;170;140;140;90;110;110;50;70;140;140;140;110;0
obrazki z kropek do skopiowania;110;0.0;3;2024-01-11;110;140;140;110;170;110;70;90;110;70;50;90;0
application architectures;110;5.22;2;2024-10-04;140;110;140;110;90;90;90;50;90;90;90;110;0
programista junior;110;1.41;2;2021-06-22;170;170;140;110;110;110;110;110;110;110;90;90;1;junior programista
d emotka;110;0.0;2;2021-03-10;90;110;110;110;140;110;90;90;90;70;110;70;0
emotki buźki;110;0.0;2;2021-03-10;170;140;140;140;110;90;90;90;70;90;140;110;1;buźki emotki
kursy java online;110;1.32;3;2021-06-22;110;110;70;70;90;110;170;170;110;170;110;90;1;kursy online java
pętle java;110;0.0;2;2021-06-22;140;110;110;90;140;70;70;50;90;210;210;140;1;java pętle
metoda nauki pomodoro;110;0.04;3;2021-05-18;260;170;90;90;70;90;40;70;140;110;110;90;0
trema po angielsku;110;0.0;2;2021-03-11;140;90;170;90;140;110;70;90;110;140;140;110;0
co to są stringi;110;0.0;1;2021-03-11;140;140;110;90;110;140;170;140;70;90;110;110;1;po co są stringi
programowanie aspektowe;110;0.0;2;2022-08-01;140;110;110;110;110;110;90;90;170;110;110;90;0
rapid application development;110;4.81;3;2021-03-11;170;140;140;90;110;110;50;70;140;140;140;110;0
char to string java;110;0.0;3;2021-06-22;170;140;140;140;110;70;70;50;90;170;170;170;2;java string to char
java char string
omnichannel news;110;0.0;2;2021-03-11;140;110;110;70;110;90;90;110;90;90;110;90;0
bpms system;110;6.43;2;2021-05-09;170;140;140;110;90;90;90;90;50;140;140;140;0
pętla while java;110;0.0;3;2021-03-11;110;90;110;110;50;50;40;30;50;210;210;110;1;pętla do while java
java getter;110;0.0;2;2021-03-11;140;90;170;110;90;70;50;40;50;170;210;140;0
kariera w it po 30;110;2.41;3;2021-03-25;170;110;90;70;70;90;70;70;70;140;210;110;0
business process;110;7.47;2;2021-03-11;110;170;140;140;110;170;110;90;90;140;90;90;1;e business process
praca it junior;110;1.24;3;2021-06-22;170;90;90;90;70;90;140;90;90;140;110;70;4;praca junior it
junior it praca
it junior praca
praca dla juniorów it
java ai;110;3.64;2;2021-03-11;110;140;170;170;110;110;90;70;70;110;110;70;0
od czego zacząć naukę programowania;110;3.95;5;2021-06-22;70;210;170;140;90;110;90;70;90;90;70;70;2;nauka programowania od czego zacząć
nauka programowania od czego zaczac
business process management systems;110;8.23;4;2025-05-26;170;140;140;110;90;90;90;90;140;140;140;140;0
e doręczenia dla kogo;110;1.08;4;2025-05-20;260;90;390;170;10;10;10;10;10;50;50;170;0
elektroniczny obieg dokumentów programy;110;10.75;4;2023-09-26;50;50;30;30;10;20;40;20;30;30;20;30;0
jak sprawdzić wersję javy;110;0.0;4;2021-03-11;170;110;110;110;70;90;70;90;110;110;110;90;0
kurs java online;110;3.57;3;2021-06-22;170;110;70;70;70;70;50;40;90;140;170;170;4;java kurs online
kurs online java
java online kurs
java ee kurs online
tablica znaków ascii;110;0.0;3;2021-03-10;110;70;70;50;210;170;140;90;110;70;90;70;0
umiejętności miękkie przykłady;110;1.07;3;2021-03-11;140;140;70;90;140;170;110;70;140;140;110;90;0
wydarzenia it;110;3.65;2;2021-03-11;70;50;70;90;140;90;90;140;140;210;170;110;1;it wydarzenia
kurs programowania java;110;4.76;3;2021-06-22;110;90;110;90;110;90;50;90;110;140;110;90;1;java kurs programowania
java for machine learning;90;2.71;4;2021-07-22;110;90;140;110;90;90;70;70;70;110;90;110;0
backendu;90;0.0;1;2021-07-22;70;90;90;70;70;90;70;50;70;70;170;70;0
java junit;90;0.65;2;2022-02-08;90;70;110;70;110;90;90;70;50;90;90;70;0
git branch show remote;90;0.0;4;2022-02-08;110;110;90;90;90;110;90;110;110;110;90;90;0
machine learning with java;90;2.71;4;2022-04-19;110;90;140;110;90;90;70;70;70;110;90;110;0
jak zainstalowac java;90;0.0;3;2022-04-18;110;110;70;50;90;110;140;90;70;110;90;110;0
git reset soft head 1;90;0.0;4;2022-02-08;70;90;110;90;70;90;110;110;110;110;90;70;0
ciąg fibonacciego człowiek;90;0.0;3;2022-02-08;110;70;170;170;110;50;90;90;70;70;140;110;0
ciąg fibonacciego rekurencja;90;0.0;3;2022-02-08;110;90;140;90;90;40;10;10;20;110;170;110;0
git branch add;90;8.1;3;2022-02-08;110;90;110;110;90;70;110;70;90;110;90;90;0
emotikon do skopiowania;90;0.0;2;2023-05-18;90;90;110;90;70;70;90;90;50;90;90;70;0
git push origin main;90;0.0;4;2022-09-06;110;70;110;90;90;70;90;50;50;90;110;70;0
github actions tutorial;90;3.02;3;2022-08-13;90;110;110;70;70;90;90;70;90;70;70;70;0
iteracja a rekurencja;90;0.0;2;2022-12-05;140;110;110;90;110;50;20;20;50;90;110;90;0
pratt & whitney canada;90;0.0;4;2023-05-20;70;110;110;90;90;90;90;70;90;70;90;70;0
ai in java;90;1.83;3;2022-12-16;110;90;110;110;70;110;70;90;90;90;70;110;0
retail market kontakt telefoniczny;90;0.0;4;2023-04-04;110;50;90;30;70;110;70;170;110;50;50;90;0
zmienna java;90;0.0;2;2023-05-20;110;110;110;70;50;40;30;30;70;260;170;90;0
hermetyzacja java;90;0.0;2;2023-05-20;140;110;110;140;90;110;40;30;50;90;110;90;0
scratch papier kamień nożyce;90;0.0;4;2023-05-20;210;90;90;30;70;30;10;10;10;50;390;210;0
abort merge;90;0.0;2;2023-05-21;90;70;90;90;90;70;70;70;90;70;90;90;0
github jak używać;90;0.0;2;2023-05-21;140;90;110;70;50;50;50;70;50;140;90;90;0
machine learning and java;90;3.22;4;2024-02-16;90;90;140;110;90;110;70;70;70;70;90;70;0
ai for java;90;3.66;3;2023-09-16;110;90;110;110;70;110;70;90;50;90;70;110;0
ai with java;90;2.88;3;2023-11-14;110;90;110;140;70;110;70;90;90;110;70;110;0
machine learning java;90;0.46;3;2023-11-07;110;90;140;110;90;90;50;70;70;110;90;110;0
obrazy z kropek do skopiowania;90;0.0;3;2024-05-22;110;110;110;90;110;70;70;90;170;70;70;70;0
low-code development platform;90;2.1;4;2024-05-21;90;90;110;50;110;110;90;90;110;110;90;90;0
emotki do druku za darmo;90;0.0;3;2024-01-11;110;90;140;70;110;70;40;70;260;70;140;40;0
github tutorial pl;90;1.96;2;2024-08-06;110;90;90;70;70;50;70;70;70;170;110;90;0
gitflow workflow;90;0.0;2;2024-09-01;110;110;110;110;90;70;110;70;70;90;110;90;0
rapid application dev;90;6.19;3;2024-08-13;170;90;110;90;90;70;70;50;110;110;110;70;0
rapid application development rad;90;6.04;4;2024-08-22;170;90;110;90;90;70;70;50;110;110;110;70;0
technik programista zarobki;90;0.0;3;2021-03-10;110;90;90;90;110;90;90;70;110;70;50;70;0
emotki i ich znaczenie;90;0.0;4;2021-03-10;90;40;70;70;110;50;50;70;110;90;110;90;0
petla for java;90;0.0;3;2021-06-22;90;70;110;70;90;50;70;40;70;140;140;90;2;pętla for java
java pętla for
zadania rekrutacyjne java;90;0.3;3;2021-06-22;110;90;90;110;110;90;90;90;70;90;90;70;1;java zadania rekrutacyjne
java zmienne;90;0.0;2;2021-03-11;90;70;110;70;110;90;70;90;70;140;110;90;1;zmienne java
branża it jak zacząć;90;3.27;4;2021-06-22;140;140;90;90;110;70;90;110;70;70;90;70;1;jak zacząć w branży it
koniunkcja i alternatywa;90;0.0;2;2021-06-22;140;90;110;70;50;70;30;40;110;140;110;110;1;alternatywa i koniunkcja
php backend;90;0.0;2;2021-03-11;140;110;110;70;90;50;70;70;50;110;110;70;1;backend php
bpms meaning;90;0.0;2;2021-05-09;90;90;90;90;90;90;110;90;70;70;70;90;0
java default;90;0.0;2;2021-03-11;90;90;90;90;90;90;90;70;70;90;110;70;0
kod java;90;1.79;2;2021-03-11;110;90;110;70;70;70;50;50;110;140;90;90;0
document management;90;1.58;2;2021-06-22;90;70;90;70;90;90;70;70;70;110;110;70;1;management document
jak zainstalować java;90;0.0;3;2021-03-11;110;110;70;50;90;110;140;90;70;110;90;110;1;java jak zainstalować
git tutorial pl;90;1.97;2;2021-03-11;110;90;90;70;70;50;70;70;70;170;110;90;0
tablica stringów;90;0.0;2;2021-03-11;110;50;140;90;50;50;20;30;40;110;140;110;1;tablica stringow
obiekt java;90;0.0;2;2021-06-22;140;90;70;70;110;90;70;70;70;110;110;110;1;java obiekty
aplikacja java;90;0.19;2;2021-06-22;90;90;110;90;70;90;70;90;70;90;110;70;1;java aplikacja
planowanie pracy;90;2.48;2;2021-06-22;110;110;110;90;90;50;90;70;70;110;110;110;1;praca planowanie
operatory matematyczne;90;0.0;2;2021-03-11;140;90;70;70;90;70;30;40;90;140;140;70;0
laptopowy milioner;90;0.88;2;2021-04-21;70;140;110;110;110;70;70;90;70;50;70;70;0
webcon opinie;90;0.0;2;2021-03-10;70;110;70;90;90;90;110;70;70;110;50;50;0
git reset hard origin;90;0.0;4;2021-03-10;70;110;90;110;70;90;90;70;90;70;90;70;1;git reset hard to origin
marketing investment group nip;90;0.0;4;2021-03-10;110;110;110;110;90;90;70;90;90;90;90;90;0
git how to revert commit;90;0.0;5;2021-03-10;70;110;110;110;90;90;90;90;90;90;70;90;0
switch statement java;90;0.0;3;2021-03-11;110;70;90;90;70;70;90;70;70;110;110;70;0
oop co to znaczy;90;0.0;4;2025-05-25;110;140;110;90;90;90;50;90;90;90;70;70;0
anagramy słów;90;0.0;2;2025-03-28;320;260;90;50;30;30;30;70;50;70;70;110;0
koniec eldorado;90;0.65;2;2025-03-16;110;70;110;170;140;110;90;50;50;90;70;40;0
skille co to;90;0.0;3;2025-04-30;170;90;110;0;0;0;110;110;140;140;140;170;0
front end vs back end;90;0.0;5;2021-03-11;140;140;110;90;70;90;90;70;70;70;70;70;0
dzielenie całkowite;90;0.0;2;2021-03-10;140;50;20;30;70;110;110;90;90;90;110;70;0
znaki logiczne;90;0.0;2;2021-03-10;90;90;40;30;70;140;140;90;110;90;110;50;0
hashcode java;90;0.0;2;2021-06-22;140;110;50;50;70;90;110;70;70;70;110;90;1;java hashcode
platforma workflow;90;4.66;2;2021-03-11;90;50;50;50;50;70;50;110;140;210;140;90;0
krótki dialog rozmowa o pracę po angielsku;90;1.24;7;2021-06-22;70;70;70;70;70;70;50;90;90;90;90;110;1;krótki dialog rozmowa o prace po angielsku
kurs tworzenia aplikacji mobilnych;90;4.14;4;2021-06-22;50;40;50;50;110;110;90;110;110;170;140;90;2;tworzenie aplikacji mobilnych kurs
kurs tworzenie aplikacji mobilnych
portal nowy styl;70;0.0;3;2021-07-24;50;70;50;40;50;40;70;70;140;50;50;40;0
setter java;70;0.0;2;2022-02-08;110;30;70;50;70;70;40;40;40;90;90;90;0
elasticsearch co to;70;8.68;1;2022-02-08;70;90;90;70;70;70;70;50;90;50;70;50;0
back end co to;70;0.05;2;2022-02-08;90;70;70;50;50;90;50;50;50;70;70;50;0
management document;70;7.57;2;2022-02-08;90;70;90;70;70;50;70;70;70;110;110;70;0
początek programowania;70;2.57;2;2022-03-21;90;70;90;70;50;50;30;50;50;70;70;90;0
jak wejsc do it;70;3.96;2;2022-03-21;110;70;70;50;50;50;40;50;70;90;50;50;0
git bash for mac;70;0.0;4;2022-02-08;90;70;70;90;50;50;50;70;50;90;90;70;0
git flow hotfix;70;0.0;3;2022-02-08;70;70;110;40;50;70;70;70;50;90;90;70;0
git rebase co to;70;0.0;2;2022-02-08;90;110;90;70;70;70;70;50;50;90;110;50;0
business processes automation;70;10.97;3;2023-05-14;90;70;90;70;90;50;30;90;70;70;90;50;0
business automation process;70;11.03;3;2023-05-14;90;70;90;70;90;50;30;90;70;70;90;50;0
automation business process;70;11.03;3;2023-05-08;90;70;90;70;90;50;30;90;70;70;90;50;0
kapibara essa;70;0.0;2;2023-04-26;40;30;50;20;20;10;10;70;110;210;170;70;0
git checkout b;70;0.0;3;2022-02-08;50;70;70;70;70;50;50;70;90;70;70;70;0
git push origin branch;70;0.0;4;2022-02-08;90;70;70;70;70;50;40;40;40;90;70;90;0
git windows gui;70;0.0;3;2022-02-08;90;70;110;90;90;50;70;70;70;70;110;70;0
git pull merge;70;0.0;3;2022-02-08;90;70;70;70;70;50;70;70;70;70;90;70;0
emotikon radości;70;0.0;2;2023-05-19;70;50;90;50;30;30;30;30;40;110;110;90;0
emotikon co to;70;0.0;1;2023-05-19;90;90;70;70;40;40;40;30;170;140;90;70;0
ascii co to;70;0.0;1;2023-05-19;90;50;90;70;70;50;50;30;140;90;90;50;0
emotikony d;70;0.0;2;2023-05-19;70;90;90;70;70;70;40;70;70;70;70;90;0
git push commit;70;0.0;3;2022-09-06;70;50;70;50;90;70;50;70;70;70;70;50;0
autoboxing java;70;0.0;2;2022-08-28;90;70;70;110;70;40;50;50;70;90;70;70;0
java equals and hashcode;70;0.0;4;2022-11-27;70;70;90;70;90;70;50;50;50;70;70;50;0
pisane emotki;70;0.0;2;2022-11-28;110;90;70;70;90;50;50;50;70;110;50;90;0
automation of business processes;70;10.97;4;2022-10-06;90;70;90;70;90;50;30;90;70;70;90;50;0
jak wejść do it;70;3.99;2;2022-10-20;110;70;70;50;50;50;40;50;70;90;50;50;0
konferencja it warszawa;70;0.0;3;2023-02-07;70;70;90;70;70;70;30;40;90;110;110;50;0
tutorial co to znaczy po polsku;70;0.0;3;2023-05-20;90;90;70;70;40;40;40;70;50;90;70;50;0
serializacja danych;70;0.0;2;2023-05-20;90;70;70;70;70;70;40;70;30;70;70;70;0
junit in java;70;0.0;3;2023-05-20;90;70;110;70;70;50;50;50;50;90;90;70;0
melle partner logowanie;70;0.0;3;2023-05-21;90;70;110;70;50;50;50;50;110;70;50;30;0
skąd wiedzieć jak wypadłem na rozmowie;70;0.0;4;2023-06-02;70;70;90;70;70;30;40;70;70;90;70;40;0
python przykładowe projekty;70;0.0;3;2023-05-30;110;90;110;70;70;50;30;30;40;70;70;70;0
storm it;70;0.0;2;2023-05-21;110;110;90;90;90;50;40;50;70;90;90;50;0
stos python;70;0.0;2;2024-02-14;140;40;70;70;70;20;20;10;40;140;110;90;0
kb webcon;70;0.49;2;2023-07-27;70;70;70;70;90;90;70;70;90;70;90;50;0
darmowy kurs programowania dla początkujących;70;4.25;4;2023-07-12;110;140;140;70;70;50;70;50;70;40;50;50;0
generator haseł z wyrazów;70;0.0;3;2023-07-14;70;140;90;70;90;90;50;70;70;50;70;50;0
prezent dla informatyka programisty;70;0.47;3;2023-11-05;50;50;50;50;30;50;70;50;40;50;140;320;0
ai java;70;0.43;2;2023-12-28;90;90;90;90;50;50;50;40;40;70;50;90;0
metoda bąbelkowa;70;0.0;2;2024-06-30;70;70;110;140;140;30;10;10;50;50;90;90;0
wieże hanoi gra online;70;0.0;4;2024-09-03;140;70;90;50;70;40;20;10;70;70;140;40;0
narzędzia do pracy zdalnej;70;2.72;4;2021-06-22;50;70;50;70;50;70;50;30;50;50;90;70;2;praca zdalna narzędzia
narzędzia w pracy zdalnej
amerykański producent układów scalonych;70;0.0;4;2021-03-10;70;70;70;50;70;70;90;90;90;70;50;70;0
pierwsza praca w it;70;3.1;4;2021-06-22;110;110;70;70;90;70;70;50;40;50;50;40;1;pierwsza praca it
java setter;70;0.0;2;2021-03-11;110;30;70;50;70;70;40;40;40;90;90;90;1;setter java
operatory java;70;0.0;2;2021-06-22;70;50;70;30;40;50;40;40;50;140;110;50;1;java operatory
kurs java z certyfikatem;70;4.58;4;2021-06-22;110;90;50;50;50;50;70;40;50;70;50;40;1;kurs java certyfikat
sql zadania rekrutacyjne;70;0.4;3;2021-03-11;50;70;70;50;40;70;70;70;50;70;70;40;0
lombok requiredargsconstructor;70;0.0;2;2021-03-11;90;50;70;70;50;70;50;50;50;50;70;70;0
low code development platform;70;0.0;4;2021-05-15;90;90;110;50;10;10;10;90;110;110;90;90;0
wzorzec singleton;70;0.0;2;2021-03-11;90;70;90;50;70;170;40;40;50;70;50;50;0
php for backend;70;1.36;3;2021-05-15;70;70;70;50;70;40;40;70;90;90;90;50;0
home pl let's encrypt;70;2.68;3;2021-03-11;90;90;90;90;70;70;50;40;70;90;70;70;0
monitoring ang;70;0.0;2;2021-03-11;90;70;70;70;70;50;50;70;70;70;70;70;0
inkrementacja i dekrementacja;70;0.0;2;2021-05-15;110;70;70;70;70;40;20;10;50;110;110;70;0
pytania rekrutacyjne react;70;0.0;3;2021-03-11;70;70;70;30;90;70;70;90;50;50;50;70;0
tablica w javie;70;0.0;3;2021-05-18;50;50;90;70;70;40;30;20;30;140;110;70;0
react native ios;70;0.0;3;2021-03-11;90;70;90;70;70;70;50;50;50;90;70;70;0
jak zaczac prace w it bez doswiadczenia;70;3.07;7;2021-03-18;170;170;90;110;90;40;40;40;30;50;50;50;0
projekty open source;70;0.27;3;2021-06-22;90;70;70;70;70;70;70;50;70;90;90;70;1;projekt open source
fizzbuzz java;70;0.0;2;2021-03-11;90;50;70;70;90;70;50;30;90;90;90;50;0
java funkcje;70;0.0;2;2021-03-11;70;70;70;50;50;40;30;30;50;110;90;70;3;funkcja java
funkcje java
funkcje w java
backend development;70;0.86;2;2021-06-22;70;50;50;40;50;50;50;70;70;70;50;70;1;development backend
rzutowanie java;70;0.0;2;2021-06-22;140;70;110;70;50;40;20;30;30;110;140;90;1;java rzutowanie
python backend developer;70;0.6;3;2021-03-11;90;70;90;70;90;50;70;70;70;90;70;70;2;backend python developer
backend developer python
aplikacje hybrydowe;70;0.16;2;2021-06-22;90;70;90;50;70;70;70;40;50;50;50;50;1;aplikacja hybrydowa
instrukcja switch c++;70;0.0;3;2021-03-11;110;90;70;70;50;30;10;10;30;70;110;90;0
webcon praca;70;12.33;2;2021-03-11;90;90;90;90;50;70;70;70;110;50;70;50;0
darmowe emotki na telefon;70;0.0;3;2021-03-11;90;70;110;70;70;70;50;70;110;70;70;90;0
co to znaczy debugowanie;70;0.0;4;2021-04-21;110;90;50;50;70;70;70;50;70;70;90;90;0
protobuf vs json;70;0.0;3;2021-03-11;70;50;70;50;50;70;70;70;90;50;70;40;0
zmienna string;70;0.0;2;2021-03-11;70;90;90;50;90;70;30;20;40;90;70;50;0
webcon academy;70;0.0;2;2021-03-10;70;90;90;70;50;70;70;40;50;70;70;50;0
document control;70;3.68;2;2022-02-08;70;70;70;70;90;90;90;70;90;70;70;70;0
czego warto się uczyć;70;0.0;4;2021-03-10;70;70;90;50;70;50;70;70;50;50;50;40;0
backend po polsku;70;0.0;3;2021-03-11;110;70;50;70;70;50;50;50;40;50;70;70;0
aplikacja e time lpp;70;0.18;4;2025-03-10;40;40;50;70;110;90;40;70;70;70;70;70;0
citizen development;70;7.12;2;2025-05-09;90;70;70;50;50;50;40;40;50;70;110;50;0
jak zacząć naukę programowania;70;2.4;4;2021-03-11;50;40;30;40;30;50;70;50;70;90;140;110;1;nauka programowania jak zacząć
hashcode;70;0.0;1;2021-03-11;70;70;50;70;70;70;90;50;70;90;90;40;0
operatory arytmetyczne;70;0.0;2;2021-03-11;110;40;20;10;70;110;90;50;90;90;70;70;0
java getter setter;70;0.0;3;2021-06-22;50;40;40;50;70;90;70;50;50;110;70;50;2;java setter getter
getter i setter java
styl negocjacji;70;0.0;2;2023-03-27;70;40;40;70;70;50;10;10;20;50;30;30;0
fifo queue;70;0.0;2;2021-03-10;70;70;70;40;30;70;70;50;70;50;90;50;0
emotikony do wklejenia;70;0.0;3;2021-03-11;50;50;40;90;90;90;70;50;70;50;50;40;0
eventy it;70;4.92;2;2023-10-06;30;30;20;30;90;70;50;110;110;170;140;50;0
elektroniczny obieg dokumentów faktury;70;27.02;4;2021-03-17;40;30;20;30;70;70;50;50;70;170;140;50;0
elektroniczny obieg wniosków urlopowych;70;0.0;4;2022-02-08;50;20;30;40;70;90;20;90;90;210;110;70;0
proces hr;70;0.0;2;2023-03-30;40;20;20;30;70;70;50;110;140;170;110;70;0
budowanie aplikacji;70;24.08;2;2021-03-23;50;40;30;50;50;50;40;90;110;170;140;90;0
cyfrowy obieg dokumentów;70;8.26;3;2022-02-08;30;30;30;40;50;70;50;110;90;210;110;90;0
digitalizacja procesów biznesowych;70;18.0;3;2021-07-01;40;20;30;30;70;140;30;50;90;110;170;140;0
system obiegu korespondencji;70;21.34;3;2021-03-11;50;30;20;50;50;70;40;110;110;170;90;50;0
elektroniczny obieg korespondencji;70;20.43;3;2021-03-18;40;20;40;50;70;90;30;70;70;140;90;50;0
hosting www ranking;70;6.55;3;2021-06-22;70;30;40;50;40;70;30;50;140;110;70;50;2;ranking hostingów www
ranking hosting www
controlling it;70;0.0;2;2023-06-13;70;70;90;70;70;90;40;70;70;90;110;110;0
tani serwer www;70;8.35;3;2021-03-10;70;20;50;70;90;70;90;70;90;90;90;30;3;najtańsze serwery www
najtańszy serwer www
serwer www tani
platforma bpm;70;4.26;2;2021-03-11;20;20;40;40;50;90;140;170;110;90;50;30;1;bpm platform
elektroniczny obieg dokumentów w przedsiębiorstwie;70;0.0;5;2024-05-26;30;40;70;50;30;70;90;210;140;70;10;20;0
git amend last commit;50;0.0;4;2022-02-08;50;50;70;40;30;50;30;30;30;90;40;40;0
git commit amend no;50;0.0;3;2022-02-08;-1;-1;-1;-1;-1;-1;-1;-1;-1;-1;-1;-1;0
programowanie sztuczna inteligencja;50;2.13;3;2022-04-19;70;90;70;50;50;40;40;40;40;50;70;70;0
ascii java table;50;0.0;3;2023-05-18;70;30;50;40;40;50;40;30;40;70;70;50;0
value java;50;0.0;2;2023-03-22;70;50;70;50;40;50;40;40;50;90;70;70;0
git reset master;50;0.0;3;2022-02-08;40;40;50;40;40;50;50;50;40;50;50;50;0
fibo giełda;50;0.22;2;2022-02-08;70;70;90;50;50;50;30;50;30;70;70;50;0
git windows ssh;50;0.0;3;2022-02-08;50;50;70;40;40;40;30;30;50;50;50;50;0
git flow release;50;0.0;3;2022-02-08;50;70;70;40;50;70;40;40;40;70;70;40;0
programista na swoim multisport;50;0.0;3;2023-05-19;70;70;70;50;50;30;40;50;90;50;50;70;0
java developer backend;50;3.66;3;2022-06-17;50;50;70;70;50;40;30;50;50;50;40;50;0
java operatory logiczne;50;0.0;3;2022-08-31;50;40;70;50;50;40;40;30;50;90;70;50;0
github pull;50;0.0;2;2022-09-06;50;40;70;50;70;40;30;40;50;50;50;40;0
cqrs co to;50;0.0;1;2022-06-06;70;50;50;50;50;40;70;40;40;30;30;50;0
bitbucket co to;50;0.0;1;2022-07-26;50;50;50;50;50;40;30;40;50;50;40;50;0
soft skills po polsku;50;0.0;3;2022-08-12;50;40;40;50;50;40;70;50;70;30;40;30;0
ksef webinar;50;4.37;2;2022-09-19;70;50;90;40;50;90;70;30;30;20;30;40;0
program do pisania kodu;50;0.0;3;2022-10-20;70;70;50;50;50;40;70;40;50;90;70;50;0
technika nauki pomodoro;50;0.06;3;2022-10-12;110;70;50;30;20;30;20;20;50;40;50;40;0
branza it od zera;50;3.86;3;2022-09-22;140;90;10;10;10;10;10;110;90;70;20;10;0
wydarzenia it 2023;50;0.76;3;2023-01-05;170;90;110;90;10;10;10;10;20;30;90;90;0
czym jest encja;50;0.0;2;2023-05-20;70;50;70;40;50;50;30;10;70;70;50;70;0
gra w papier kamień nożyce;50;0.0;4;2022-12-15;70;40;50;50;50;90;40;40;30;70;110;70;0
faktura microsoft ireland jak księgować;50;0.0;4;2023-02-16;40;70;70;50;40;50;40;40;40;40;70;30;0
urlaubsantrag;50;3.55;1;2023-03-20;70;40;70;50;50;50;70;40;30;50;50;90;0
serializacja i deserializacja;50;0.0;2;2023-05-20;70;70;90;50;50;40;40;50;30;40;50;50;0
kajdanki emoji;50;0.0;2;2023-05-20;50;70;50;70;50;40;40;70;40;50;50;50;0
python projekty do portfolio;50;2.06;3;2023-05-30;70;70;70;50;40;40;40;30;20;70;70;50;0
eventy it 2023;50;2.47;3;2024-02-19;140;110;70;70;70;50;70;50;10;10;20;40;0
checkout branch from remote;50;0.0;4;2023-12-05;50;50;70;50;50;50;50;50;70;50;70;40;0
1 ascii;50;0.0;1;2023-12-09;70;40;70;50;50;40;30;30;40;50;70;70;0
webcon kb;50;0.0;2;2023-07-27;50;50;50;50;50;50;50;50;30;70;70;50;0
webcon co to jest;50;0.0;1;2023-07-27;50;70;70;70;40;50;70;40;30;30;50;30;0
emotki z kropek;50;0.0;2;2023-09-03;70;50;50;50;50;90;50;70;50;40;50;70;0
symbole gry papier nożyce kamień w scratchu;50;0.0;6;2023-08-04;90;50;20;30;20;10;10;10;10;20;210;110;0
pomodoro co to;50;0.0;1;2023-07-10;70;70;40;50;40;30;40;30;50;40;50;50;0
elektroniczny obieg dokumentów ranking;50;7.45;4;2023-07-03;50;40;50;30;50;50;50;40;90;30;70;40;0
react staż;50;1.74;2;2024-07-22;50;40;40;90;90;90;70;50;30;40;30;30;0
junior front end developer zarobki;50;2.16;5;2021-06-22;140;90;90;70;50;50;40;40;20;30;30;20;1;zarobki junior front end developer
java junit test;50;0.46;3;2021-03-10;50;40;50;40;70;50;30;30;30;70;50;50;0
emotikony i ich znaczenie;50;0.0;2;2021-03-10;70;30;40;40;40;30;50;50;90;90;70;50;1;emotikony i ich znaczenia
programowanie jezyki;50;1.44;2;2021-06-22;50;40;50;50;70;70;40;30;70;70;70;40;1;programowanie języki
java przykładowe programy;50;0.31;3;2021-03-11;70;50;50;50;40;40;50;30;40;70;30;50;1;java przykładowy program
backend or back end;50;0.0;4;2021-03-11;70;40;50;50;50;50;50;30;30;30;40;40;0
operator matematyka;50;0.0;2;2021-03-11;50;40;70;40;50;50;40;20;30;50;70;40;0
tolowercase java;50;0.0;2;2021-03-11;40;50;50;40;50;40;40;30;40;50;70;50;0
pętle w programowaniu;50;0.0;3;2021-05-15;50;50;50;70;50;30;20;10;50;90;110;50;0
java backend developer;50;0.89;3;2021-03-11;70;50;50;50;50;50;50;70;50;50;70;50;1;backend developer java
front end a back end;50;1.64;5;2021-06-22;50;50;50;50;50;50;40;50;50;50;40;30;5;front end i back end
front end to back end
back end to front end
front end o back end
back end e front end
java 64 bit najnowsza;50;0.0;4;2021-03-11;-1;-1;-1;-1;-1;-1;-1;-1;-1;-1;-1;-1;1;najnowsza java 64 bit
środowisko ide;50;0.0;2;2021-03-11;50;90;90;50;40;30;30;30;70;90;70;70;0
typy testów oprogramowania;50;0.0;3;2021-03-11;70;50;50;50;70;40;40;40;30;50;50;50;0
junior software developer zarobki;50;3.04;4;2021-03-11;70;70;50;70;40;40;40;70;50;50;50;70;0
java adnotacje;50;0.0;2;2021-03-11;50;50;40;50;50;50;50;40;50;50;70;50;1;adnotacje java
kto to programista;50;0.78;1;2021-03-11;70;50;70;50;140;40;30;20;40;50;40;20;1;programista kto to
kurs java online za darmo;50;3.27;4;2021-03-11;70;70;70;40;70;30;50;30;40;70;50;30;0
wyrażenia logiczne;50;0.0;2;2021-03-11;90;50;50;40;30;40;30;20;40;90;70;30;0
java double to string;50;0.0;3;2021-06-22;90;40;70;50;40;40;20;30;30;110;90;70;3;java string to double
string to double java
java double string
petla for each;50;0.0;3;2021-03-11;70;50;50;30;40;40;20;40;30;50;70;50;0
emotikony do maila;50;0.0;2;2021-06-22;50;50;50;50;30;40;40;40;30;20;50;70;3;emotikony w mailu
emotikony na maila
emotikony mail
git zmiana brancha;50;0.0;3;2021-03-11;70;40;50;30;30;40;40;40;50;50;40;50;0
bpms software;50;8.03;2;2021-05-09;70;50;70;50;50;50;30;40;50;50;70;70;0
lombok constructor;50;0.0;2;2021-03-11;50;40;50;30;40;40;50;50;40;50;50;50;0
backend technologies;50;0.0;2;2021-03-11;50;50;90;70;40;40;40;50;50;70;50;40;0
lombok getter;50;0.0;2;2021-03-11;50;50;50;40;40;40;50;40;30;50;50;50;0
lombok tostring;50;0.0;2;2021-03-11;70;50;50;70;50;40;40;50;50;50;50;50;0
jestem programistą;50;0.0;2;2021-03-11;40;70;50;50;30;40;40;50;40;40;70;50;0
java se development kit 8;50;0.0;4;2021-03-11;70;90;50;50;40;40;30;40;50;110;50;70;0
struktury danych java;50;0.0;3;2021-03-11;50;50;70;50;50;50;20;30;30;50;70;70;0
próba generalna po angielsku;50;0.0;3;2021-03-11;90;50;50;70;90;70;30;50;50;70;40;50;0
od jakiego języka programowania zacząć;50;2.69;4;2021-06-22;70;40;70;40;30;30;30;30;40;70;70;40;3;od jakiego języka zacząć programowanie
w jakim języku zacząć programować
programowanie od jakiego języka zacząć
immutable objects in java;50;0.0;4;2021-03-11;50;50;50;70;40;30;30;70;50;50;50;40;0
intranet bps;50;0.0;2;2021-03-11;50;70;70;40;50;70;50;50;70;40;50;50;0
rodzaje pętli;50;0.0;2;2021-05-15;50;70;70;30;50;30;20;20;20;70;70;50;0
rozmowa o pracę po angielsku dialog;50;0.0;4;2021-06-22;40;30;90;20;90;50;70;70;50;50;90;70;3;rozmowa o prace po angielsku dialog
dialog rozmowa o prace po angielsku
dialog po angielsku rozmowa o prace
tochararray java;50;0.0;2;2021-03-11;70;50;50;50;70;40;50;40;40;70;70;70;0
emotikon like;50;0.0;2;2021-03-11;50;30;70;70;50;40;40;20;40;50;50;40;0
jak zacząć pracę w it bez studiów;50;2.85;4;2021-03-11;70;50;70;40;50;30;50;40;30;70;50;50;0
instrukcja switch;50;0.0;2;2021-03-11;90;70;50;70;50;30;10;10;50;110;90;50;1;switch instrukcja
git get remote branch;50;0.0;4;2021-03-10;40;50;70;50;50;50;50;40;40;40;30;40;0
typy danych java;50;0.0;3;2021-06-22;40;50;70;70;40;40;30;30;50;140;70;40;1;java typy danych
intranet lpp;50;0.0;2;2021-03-11;40;30;40;50;20;50;90;40;50;50;40;30;1;lpp intranet
czy programowanie jest dla mnie;50;2.54;1;2021-03-11;90;40;50;50;40;40;30;70;70;70;70;50;0
praca programista java junior;50;1.23;4;2021-03-11;50;40;40;50;40;70;40;70;90;90;90;50;0
co lepsze technik informatyk czy technik programista;50;0.0;7;2021-03-11;50;40;50;50;110;50;90;30;30;40;40;40;0
darmowe emotki;50;0.0;2;2021-03-10;40;70;50;70;90;70;40;30;40;50;30;50;0
lombok equalsandhashcode;50;0.0;2;2021-03-11;30;70;70;70;50;50;50;50;70;50;50;40;0
uśmiech na klawiaturze;50;0.0;3;2021-03-11;50;50;70;90;50;40;50;50;50;50;50;50;0
gov pl web e doreczenia;50;0.0;5;2025-02-12;170;10;10;10;10;10;10;10;20;10;70;320;0
ładne emotki do skopiowania;50;0.0;3;2024-01-05;50;50;50;50;50;50;40;70;40;40;40;30;0
designer desks;50;2.58;2;2022-02-08;90;50;40;50;40;50;70;30;50;70;40;50;0
pogłębianie wiedzy;50;0.0;2;2021-03-11;40;110;70;70;40;50;40;30;30;50;50;40;0
oop co to;50;0.0;3;2025-05-25;50;70;70;50;70;40;40;50;40;40;40;30;0
co to jest encja w bazie danych;50;0.0;7;2025-04-01;110;50;50;40;50;40;20;10;90;90;50;40;0
java singleton example;50;0.0;3;2021-03-11;70;90;90;70;70;70;50;50;50;70;70;70;0
funkcja switch;50;0.0;2;2021-03-11;110;90;110;70;90;70;20;20;70;140;170;90;0
nwd w matematyce;50;0.0;3;2025-04-07;20;20;20;10;10;10;10;10;70;210;260;40;0
immutable java;50;0.0;2;2021-03-11;40;40;40;30;50;50;40;50;70;90;30;40;0
git push to remote;50;0.0;4;2021-03-10;70;50;50;40;30;50;50;30;50;50;50;30;0
kolejka lifo;50;0.0;2;2021-03-11;50;50;40;30;70;70;50;70;50;40;30;40;0
obieg dokumentów w firmie transportowej;50;0.0;5;2021-03-17;20;10;10;40;50;50;30;50;70;110;90;50;0
program do obsługi obiegu dokumentów;50;0.0;5;2023-08-04;40;20;20;30;50;50;20;70;70;110;110;30;0
java if;50;0.0;2;2021-03-11;50;40;30;70;140;70;40;40;50;70;40;50;1;if java
char to int java;50;0.0;4;2021-06-22;70;40;50;70;70;70;70;50;40;70;50;40;3;java char to int
java int to char
int to char java
pytania rekrutacyjne po angielsku;50;1.18;4;2021-06-22;70;70;70;50;30;50;30;40;40;50;30;30;1;pytania rekrutacyjne angielski
obieg wniosków urlopowych;50;0.0;3;2021-03-11;30;10;10;20;50;50;30;50;70;140;70;50;0
zarządzanie procesami hr;50;0.0;3;2021-03-11;20;20;10;20;20;20;20;40;50;170;90;90;0
krajowy system e faktur na czym polega;50;0.0;7;2025-04-24;20;30;30;50;50;30;40;90;70;70;70;40;0
obsługa korespondencji wychodzącej;50;0.0;3;2021-03-11;30;10;10;30;40;40;30;50;90;110;90;70;0
zarządzanie obiegiem dokumentów w firmie;50;0.0;5;2021-03-11;30;20;20;20;50;40;30;50;90;140;90;50;0
procedura obiegu dokumentów w firmie;50;4.5;5;2021-03-11;30;20;10;20;50;50;40;70;70;110;90;50;0
serwer seo;50;0.0;2;2021-03-11;20;10;20;110;50;50;40;50;70;90;90;50;0
automatyzacja procesów biznesowych firmy;50;0.0;4;2021-03-11;20;10;10;20;40;50;20;40;90;110;70;40;0
elektroniczny obieg informacji;50;0.0;3;2021-03-10;10;20;50;50;30;70;70;110;90;40;10;20;0
elektroniczny obieg umów;50;0.0;3;2021-03-11;10;20;40;50;30;50;90;170;70;70;10;30;0
automatyzacja firmy;50;22.62;2;2021-03-11;30;50;50;40;30;70;70;140;110;50;30;40;0
aplikacja do kodowania;40;2.12;3;2021-07-14;40;40;50;30;30;20;20;20;40;50;50;50;0
dart programowanie;40;0.0;2;2021-06-21;70;50;50;20;20;10;30;20;30;70;70;70;0
wszystko git;40;0.0;1;2021-06-26;50;30;40;40;50;40;50;40;50;50;50;20;0
systemy do obiegu dokumentów;40;13.19;3;2021-09-02;50;30;20;50;30;90;70;70;40;30;30;50;0
download java 32 bit jdk;40;0.0;5;2021-07-24;40;40;30;30;40;30;30;40;20;30;50;40;0
commit it;40;0.0;2;2022-02-08;50;50;40;30;40;40;40;40;50;40;40;50;0
jak zostać it;40;2.39;2;2022-03-21;40;40;40;40;40;20;40;50;50;20;50;40;0
co to backend;40;0.0;1;2022-03-21;50;40;50;50;40;30;30;50;50;40;30;50;0
git remote add branch;40;0.0;4;2022-02-08;50;40;40;40;30;30;30;40;30;40;40;40;0
git revert to commit hash;40;0.0;4;2022-02-08;40;40;40;40;20;30;40;30;40;30;50;40;0
git commit branch;40;0.0;3;2022-02-08;40;40;50;30;50;30;50;50;50;40;40;40;0
markdown hyperlinks;40;0.0;2;2022-02-08;50;40;40;30;40;40;30;30;30;30;40;50;0
markdown ordered list;40;0.0;3;2022-02-08;40;40;50;40;40;30;40;30;50;40;30;30;0
gowork cedc;40;0.0;2;2022-02-08;30;30;50;30;30;30;30;50;50;40;30;40;0
co to są anagramy;40;0.0;1;2023-05-18;40;30;40;30;10;10;20;10;50;110;70;30;0
jak działa git;40;0.0;2;2023-03-21;40;30;50;50;30;30;30;20;20;40;40;30;0
git reset branch to commit;40;0.0;4;2022-02-08;40;30;40;40;40;40;50;30;50;30;40;30;0
git reset mixed;40;0.0;3;2022-02-08;40;40;40;30;30;70;40;30;40;30;40;20;0
git reset soft last commit;40;0.0;5;2022-02-08;30;30;50;40;40;30;30;30;40;40;50;50;0
git tutorial rebase;40;0.0;3;2022-02-08;40;40;40;30;40;50;50;40;40;50;50;40;0
commit branch git;40;0.0;3;2022-02-08;40;40;50;30;50;30;50;50;50;40;40;40;0
ciąg fibonacciego javascript;40;0.0;3;2022-02-08;50;40;30;10;30;20;10;20;40;50;70;50;0
fibonacciego spirala;40;0.0;2;2022-02-08;30;10;30;30;20;30;20;50;50;50;50;70;0
git push with tags;40;0.0;4;2022-02-08;40;30;50;40;20;40;40;40;50;50;50;30;0
git pull fetch;40;0.0;3;2022-02-08;30;30;50;20;40;50;40;50;50;50;40;40;0
git pull push;40;0.0;3;2022-02-08;50;40;40;40;40;50;40;40;40;40;40;30;0
git branch from master;40;0.0;4;2022-02-08;40;30;50;30;30;40;20;30;40;40;30;30;0
git bash install;40;0.0;3;2022-02-08;40;40;40;50;40;40;40;30;40;50;50;30;0
github push pull;40;0.0;3;2022-09-06;50;40;70;40;40;40;40;40;40;40;40;30;0
git push to master;40;0.0;3;2022-09-06;40;30;40;30;40;40;40;30;40;40;50;30;0
gitlab push pull;40;0.0;3;2022-09-06;50;40;70;40;40;40;40;40;40;40;40;30;0
roedl gliwice;40;0.0;2;2022-09-08;50;40;30;30;30;50;20;30;40;50;30;30;0
java typy proste;40;0.0;3;2022-08-19;40;30;40;10;40;40;40;30;20;110;70;20;0
udemy kursy java;40;0.92;3;2022-06-06;40;50;40;30;40;20;30;30;40;50;50;30;0
bitbucket rename branch;40;0.0;3;2022-07-26;50;40;50;30;40;20;50;40;30;40;40;40;0
soft skills przykłady;40;0.8;3;2022-08-12;70;50;40;40;40;40;20;20;40;40;50;50;0
slf4j lombok;40;0.0;2;2022-08-13;50;50;50;30;40;40;50;40;40;30;50;40;0
typy referencyjne java;40;0.0;3;2022-08-19;30;50;40;40;30;30;30;20;30;50;50;40;0
immutable objects;40;0.0;2;2022-10-14;40;40;50;40;50;40;50;40;40;30;50;40;0
string is immutable;40;0.0;3;2022-10-14;30;40;40;50;50;50;30;30;20;30;30;40;0
literały java;40;0.0;2;2022-10-14;20;70;30;10;10;10;10;10;10;210;70;20;0
lpp login;40;0.0;2;2022-11-23;20;20;10;20;10;50;40;70;140;30;50;50;0
jak znaleźć pracę w it bez doświadczenia;40;2.94;4;2022-10-05;30;40;40;40;30;40;40;30;40;30;40;20;0
slodkie emotki do skopiowania;40;0.0;3;2023-01-12;40;40;40;30;40;50;40;20;30;30;30;50;0
java string literal;40;0.0;3;2022-12-11;40;20;50;50;30;30;20;40;20;50;30;40;0
java stringbuffer;40;0.0;2;2022-12-11;40;40;50;50;40;50;30;40;30;50;50;50;0
zdziwiona mina emotikon;40;0.0;3;2022-12-19;40;50;50;50;50;20;40;20;20;30;40;40;0
inkrementacja javascript;40;0.0;2;2023-05-20;70;30;40;30;40;20;20;10;40;70;90;40;0
just play zarobki;40;0.0;3;2023-02-06;40;50;30;20;10;50;50;40;30;50;70;50;0
lombok logger;40;0.0;2;2023-05-20;40;40;50;40;40;30;50;50;50;50;50;50;0
junit intellij;40;0.0;2;2023-05-20;70;40;40;40;50;40;40;20;20;50;50;30;0
jak zostać programistą po 40;40;2.98;3;2023-06-20;20;70;50;30;30;50;30;40;50;20;30;20;0
webcon developer;40;26.59;2;2023-10-25;50;30;40;40;40;40;40;70;30;20;50;40;0
webcon logo;40;0.0;2;2023-10-25;40;50;50;30;40;50;40;30;20;40;50;30;0
euvic logo;40;0.0;2;2023-11-29;50;40;40;40;40;50;40;30;40;40;40;30;0
metoda pomodoro nauka;40;0.0;3;2023-07-10;70;50;10;20;30;20;20;10;110;70;20;10;0
pomodoro nauka;40;0.04;2;2023-07-10;90;50;40;30;30;40;20;10;40;50;50;30;0
generowanie hasla;40;0.0;2;2023-07-14;40;40;50;40;40;40;70;50;70;30;30;20;0
technika pomodoro na czym polega;40;0.04;4;2023-07-10;10;20;30;20;70;40;50;70;50;20;20;20;0
ci/cd co to jest;40;1.31;1;2023-09-20;40;40;30;30;30;40;30;30;20;40;40;50;0
ile zarabia programista senior;40;0.0;4;2023-10-17;40;40;50;40;50;50;40;30;20;20;10;20;0
czołg emoji;40;0.0;2;2023-09-20;70;50;40;30;30;40;30;50;30;30;40;40;0
pisanie emoji;40;0.0;2;2023-11-15;40;30;40;40;40;30;30;40;20;50;40;30;0
kurs java od podstaw darmowy;40;2.9;4;2024-01-03;50;50;50;50;30;20;30;10;30;50;50;40;0
debugowanie kodu;40;0.0;2;2024-09-27;50;50;50;50;50;40;40;30;20;50;50;40;0
podstawowe struktury danych;40;0.0;3;2024-09-11;50;70;50;40;30;20;20;20;20;50;20;20;0
groovy trim;40;0.0;2;2021-03-10;30;40;30;30;30;40;40;20;50;40;40;30;0
mddp outsourcing accounting office warsaw;40;6.49;5;2025-01-11;70;40;30;20;30;20;30;40;10;90;70;30;0
fraikin kraków;40;2.39;2;2024-11-27;30;30;40;20;50;50;50;40;50;40;30;40;0
c++ fifo;40;0.0;2;2021-03-10;70;40;40;50;90;40;20;10;20;30;50;50;0
lombok log;40;0.0;2;2021-03-10;40;40;50;40;50;30;30;50;50;50;50;50;0
charsequence to string;40;0.0;2;2021-03-10;40;40;40;40;40;30;30;30;40;40;40;30;0
program do java;40;1.99;2;2021-05-16;50;40;40;40;30;30;20;20;30;50;40;30;0
immutable object;40;0.0;2;2021-03-11;50;40;70;40;30;30;20;20;40;40;30;30;0
java komentarze;40;0.0;2;2021-03-11;50;40;50;30;30;20;10;30;30;90;70;30;2;komentarze java
komentarz java
porównywanie stringów c++;40;0.0;3;2021-03-11;50;30;50;50;30;20;10;10;20;40;50;70;0
szkolenia onboardingowe;40;2.32;2;2021-03-11;50;50;50;40;50;30;30;30;20;40;30;20;1;szkolenie onboardingowe
czy java jest darmowa;40;0.0;2;2021-03-11;50;30;40;40;40;40;40;40;50;50;40;40;0
co to jest backend;40;0.1;1;2021-03-11;50;30;50;90;30;40;40;40;20;30;50;40;0
java 8 development kit;40;0.0;4;2021-05-15;30;30;30;20;20;70;40;50;20;50;40;30;0
singleton class;40;0.0;2;2021-03-11;40;40;40;30;30;40;40;30;30;40;40;30;0
stack lifo;40;0.0;2;2021-03-11;50;40;50;70;30;30;30;20;30;40;40;30;0
podcast programowanie;40;0.0;2;2021-03-11;70;30;40;30;20;30;20;40;30;30;40;40;0
git reset hard to commit;40;0.0;5;2021-06-22;40;40;50;40;50;50;30;30;50;50;50;50;1;git reset hard commit
merge ang;40;0.0;2;2021-03-11;30;30;50;50;50;40;40;40;50;30;40;40;0
wzorzec projektowy singleton;40;0.0;3;2021-05-15;70;30;50;30;50;50;10;20;20;20;30;40;0
react native kurs;40;5.58;3;2021-06-22;70;70;40;50;30;30;50;20;40;30;30;20;1;kurs react native
java fifo queue;40;0.0;3;2021-03-11;50;30;30;30;50;40;20;30;20;30;40;50;0
cancel merge git;40;0.0;3;2021-03-11;30;30;30;40;30;30;30;50;40;40;40;30;0
backend developer praca;40;2.81;3;2021-03-11;40;40;40;50;30;30;50;40;40;40;50;30;0
programowanie dla 5 latka;40;9.28;2;2021-03-11;50;40;40;20;30;10;20;10;40;40;50;70;0
string stringbuilder;40;0.0;2;2021-03-11;70;30;50;40;50;30;40;50;40;50;30;40;0
czy programista to trudny zawód;40;1.33;3;2021-03-18;30;30;50;40;50;70;20;20;20;50;20;20;0
java sdk 11;40;0.0;3;2021-05-15;40;30;40;30;40;30;40;30;30;40;40;40;0
debugować co to znaczy;40;0.0;2;2021-03-11;70;50;20;40;50;20;30;20;50;50;40;50;0
pisanie aplikacji mobilnych;40;25.22;3;2021-03-11;50;50;40;40;40;40;50;50;40;30;40;40;0
siemens financial services;40;4.07;3;2021-03-11;30;40;50;40;40;30;30;50;40;30;40;40;0
java poradnik;40;1.73;2;2021-03-11;50;50;50;30;40;30;20;20;50;50;30;10;1;poradnik java
spring framework co to;40;2.85;2;2021-06-22;70;40;40;50;50;30;20;20;30;70;50;30;0
działania logiczne;40;0.0;2;2021-03-11;50;40;40;40;50;30;20;10;40;70;70;50;0
hashcode and equals in java;40;0.0;5;2021-03-11;40;40;50;40;50;50;50;30;30;40;70;40;0
reszta z dzielenia java;40;0.0;3;2021-03-11;50;50;50;40;20;20;20;20;40;70;70;40;0
java se 15;40;0.0;3;2021-05-15;50;70;50;30;20;0;0;0;40;70;70;70;0
git config global username;40;0.47;4;2021-03-11;40;50;30;50;50;50;50;30;50;40;30;20;0
git merge remote branch;40;0.0;4;2021-06-22;50;50;40;40;40;30;20;30;20;30;30;40;1;git pull merge remote branch
github gui;40;0.0;2;2021-03-11;50;30;70;50;40;30;30;20;40;50;30;40;0
java podstawowe komendy;40;1.74;3;2021-03-11;50;40;50;20;30;20;20;30;30;90;70;40;1;podstawowe komendy java
github fetch;40;0.0;2;2021-03-11;50;50;50;50;40;30;40;30;30;40;50;40;0
rodzaje testowania oprogramowania;40;0.0;3;2021-03-11;70;70;50;40;20;30;20;30;30;30;30;10;0
jak wejść do branży it;40;2.25;3;2021-03-25;70;40;50;30;20;20;20;20;40;40;40;40;0
buźki do kopiowania;40;0.0;3;2021-03-11;40;50;50;40;20;40;30;20;20;50;90;50;0
rodzaje testów it;40;0.0;3;2021-03-11;50;40;40;20;30;30;30;20;20;50;50;50;0
a leave application;40;0.0;2;2021-03-11;70;20;30;30;20;20;20;20;20;70;70;50;0
jdk 15;40;0.0;2;2021-05-15;70;40;50;40;40;20;20;30;30;70;50;70;0
kursy programowania java;40;1.84;3;2021-06-22;70;50;50;30;20;30;30;20;40;50;40;50;8;kurs programowanie java
programowanie java kurs
kurs programowania w java
kurs programowania w javie
programowanie w javie kurs
programowanie w java kurs
kurs java programowanie
java programowanie kurs
rapid development;40;0.0;2;2021-03-11;50;50;50;40;30;40;30;30;50;50;50;50;0
gry jaszczurki;40;0.0;2;2021-03-11;30;50;50;40;40;20;20;20;20;30;70;50;4;gry o jaszczurkach
jaszczurka gra
gry z jaszczurkami
gry w jaszczurki
junior front end developer bez doświadczenia;40;3.04;5;2021-03-18;40;50;50;50;50;50;50;50;50;30;30;20;0
jak wejsc;40;0.0;2;2021-03-11;50;30;40;40;40;30;30;40;30;30;50;30;0
co to jest debugowanie komputera;40;0.0;2;2021-03-11;50;50;50;50;40;40;30;30;30;30;50;70;0
full stack co to znaczy;40;1.61;3;2021-03-11;40;30;40;30;40;20;40;40;40;30;40;30;0
low code dev;40;9.06;3;2021-05-14;50;40;50;50;50;40;40;50;20;30;30;20;0
instrukcje warunkowe java;40;0.0;3;2021-03-11;40;30;50;30;30;20;10;20;20;70;70;30;0
dokumenty kosztowe;40;0.0;2;2021-03-11;30;70;50;50;50;30;50;50;40;40;30;30;1;dokument kosztowy
git reset branch;40;0.0;3;2021-03-10;30;50;50;50;40;40;40;30;50;30;30;20;0
język programowania aplikacji mobilnych;40;1.78;4;2021-03-11;70;50;50;50;50;30;30;30;40;50;40;40;0
jvm jre jdk;40;0.0;3;2021-03-11;40;30;50;70;70;40;40;30;20;50;30;30;0
firma echo;40;0.94;2;2021-03-11;50;50;40;40;40;50;50;40;30;50;40;40;1;echo firma
fifo c;40;0.0;2;2021-03-11;50;20;50;30;70;50;10;10;10;30;30;50;0
document workflow;40;1.47;2;2021-03-11;50;50;30;30;40;20;40;20;50;30;50;40;0
java 15;40;0.0;2;2021-03-11;50;50;70;50;50;50;50;30;30;30;40;30;0
string append java;40;0.0;3;2021-03-11;30;50;50;50;30;30;30;30;20;50;40;30;0
zintegrowane środowisko programistyczne;40;0.0;3;2021-03-10;30;30;90;50;50;40;20;10;30;50;30;20;0
switch znaczenie;40;0.0;2;2021-03-10;40;50;40;40;40;40;50;20;30;40;50;40;0
tablica char;40;0.0;2;2021-03-11;50;50;70;70;40;40;20;10;30;50;90;40;0
aplikacja do pracy zdalnej;40;3.67;4;2021-03-18;30;20;50;30;40;40;30;20;40;30;90;30;1;aplikacje do pracy zdalnej
jaki język programowania na początek;40;2.86;5;2021-03-10;40;70;40;30;30;30;40;30;30;30;40;30;1;programowanie jaki język na początek
buźki emotikony do pobrania;40;0.0;4;2021-03-10;30;30;40;30;50;30;20;40;90;50;50;50;0
rzeczpospolita cyfrowa;40;0.0;2;2021-06-22;40;20;30;40;40;90;40;50;40;50;50;30;1;cyfrowa rzeczpospolita
jak napisać program;40;2.56;3;2021-03-10;40;70;50;40;50;40;30;30;40;70;40;30;1;jaki program napisać
operatory logiczne java;40;0.0;3;2021-03-11;30;50;30;50;30;30;10;10;30;70;50;30;0
eod uniwersytet rzeszowski;40;0.0;3;2021-03-11;30;40;40;40;70;50;40;20;50;110;30;30;0
jakie są emotki;40;0.0;3;2021-03-11;30;50;50;40;30;30;20;20;50;50;70;40;0
jakiego języka programowania się uczyć;40;3.41;5;2021-03-11;40;70;30;30;40;30;30;30;40;30;40;20;1;jakiego jezyka programowania sie uczyc
java switch default;40;0.0;3;2021-03-11;40;30;50;50;40;40;40;30;30;70;30;50;0
funkcja switch c++;40;0.0;3;2021-03-11;40;50;70;50;30;30;10;10;30;70;70;40;0
lombok sneakythrows;40;0.0;2;2021-03-11;30;40;50;50;70;40;50;40;40;30;30;20;0
anagramy co to;40;0.0;3;2025-03-28;110;70;0;0;0;0;20;20;40;70;90;90;0
e doręczenia jak wysłać pismo;40;1.6;5;2025-05-20;140;90;140;140;0;0;0;0;0;0;0;0;0
jak zmienić branżę;40;0.0;3;2021-03-11;50;40;30;40;50;30;40;40;30;30;40;20;0
webcon kraków;40;3.38;2;2021-03-10;30;40;40;40;40;50;40;30;30;40;40;20;0
nowy styl kariera;40;0.0;3;2021-03-10;30;20;30;40;40;40;40;30;50;30;50;40;0
różne emotki;40;0.0;2;2021-03-10;50;40;30;20;50;40;40;30;50;40;30;20;0
getter setter;40;0.0;2;2021-03-11;70;30;30;40;30;40;40;40;70;50;50;40;0
elektroniczny obieg dokumentów firmy;40;0.0;4;2023-09-26;10;10;10;10;10;0;10;0;0;10;0;10;0
biblioteki programistyczne;40;0.0;2;2021-03-10;30;10;10;10;170;50;30;20;20;20;20;10;0
operator przypisania;40;0.0;2;2021-03-11;50;20;10;70;50;50;40;40;30;50;70;50;0
grafana co to jest;40;0.0;4;2021-03-11;30;20;20;30;30;30;20;70;90;90;90;30;0
aplikacje java;40;0.0;2;2021-06-22;40;40;30;30;30;70;30;50;50;30;40;30;4;java aplikacje
aplikacja w javie
aplikacje w javie
aplikacje na java
workflow bpm;40;5.2;2;2022-08-17;10;10;10;20;30;40;20;50;70;90;70;70;0
programista it;40;5.7;2;2021-03-11;70;30;30;40;40;30;40;40;30;40;50;40;0
git online;40;0.0;2;2021-03-10;50;40;40;30;20;30;30;30;40;30;40;70;0
github merge;40;0.0;2;2021-03-10;30;40;30;30;30;50;70;50;40;30;50;50;0
react native js;40;0.0;3;2021-03-11;40;20;20;10;10;30;20;40;50;90;50;50;0
krajowy system e faktur opinie;40;0.0;5;2025-04-24;20;20;20;30;30;20;20;40;70;90;70;20;0
certyfikat ssl free;40;10.74;3;2021-03-11;30;20;20;30;30;30;10;30;50;70;70;50;0
automatyzacja onboardingu;40;41.31;2;2022-12-02;20;30;30;10;20;30;70;140;50;50;20;20;0
benchmark java;30;0.0;2;2021-07-20;30;20;40;40;30;30;40;30;30;30;40;30;0
backend java developer;30;2.81;3;2021-07-24;40;50;50;40;50;40;30;20;10;30;30;20;0
podcasty o programowaniu;30;0.0;2;2021-09-02;40;30;40;30;40;30;30;30;40;30;40;30;0
ionic app;30;0.0;2;2022-02-08;20;30;30;40;40;40;40;40;30;20;40;20;0
lombok data vs value;30;0.0;4;2022-02-08;20;20;30;20;20;30;40;30;20;30;20;20;0
git create branch and checkout;30;0.0;5;2022-02-08;30;30;40;20;40;40;20;40;30;30;40;40;0
platforma no code;30;5.53;2;2022-03-23;20;50;40;30;30;20;30;30;10;20;10;10;0
od jakiego jezyka zaczac programowac;30;3.85;4;2022-03-21;50;40;40;20;30;20;10;30;50;30;20;30;0
praca w it od czego zacząć;30;2.92;4;2022-03-21;50;20;50;20;20;10;20;30;20;40;30;30;0
git merge remote branches;30;0.0;4;2022-02-08;40;30;30;40;30;30;30;40;40;40;30;30;0
git revert revert;30;0.0;3;2022-02-08;40;30;30;10;20;30;30;30;30;20;30;30;0
automation for manufacturing;30;13.07;3;2022-02-08;10;10;10;30;40;40;30;90;50;20;40;20;0
git instalacja;30;0.0;2;2022-02-08;30;40;30;20;10;30;20;20;30;30;40;20;0
git branch m;30;0.0;3;2022-02-08;40;20;30;30;30;30;30;20;20;20;20;40;0
what is git branches;30;0.0;4;2022-02-08;20;30;30;40;30;20;40;20;30;40;40;30;0
git flow init;30;0.0;3;2022-02-08;30;30;40;20;30;20;30;20;40;20;30;40;0
git add tag to commit;30;0.0;4;2022-02-08;40;20;20;20;30;20;20;20;40;40;40;40;0
git commit git push;30;0.0;4;2022-02-08;40;30;30;20;20;40;40;20;30;20;40;20;0
git commit am;30;0.0;3;2022-02-08;30;50;50;40;30;20;20;20;20;30;30;20;0
dzień dobry emotki;30;0.0;3;2022-04-01;90;70;0;0;0;0;0;0;0;50;70;50;0
programowanie obiektowe polimorfizm;30;0.0;3;2023-05-11;50;50;40;20;30;50;20;20;40;20;20;20;0
czym jest spring;30;0.0;2;2023-04-30;30;30;30;20;30;20;10;30;20;30;30;20;0
instrukcja warunkowa if else;30;0.0;4;2023-03-21;50;70;50;30;40;20;10;0;30;20;30;20;0
git reset to commit hash;30;0.0;4;2022-02-08;30;30;30;20;30;30;20;30;30;30;20;20;0
git reset master to origin;30;0.0;4;2022-02-08;40;20;30;30;30;20;30;20;30;20;30;30;0
ciąg fibonacciego złota liczba;30;0.0;4;2022-02-08;30;30;20;40;20;20;10;10;10;40;40;50;0
ciąg fibonacciego przyroda;30;0.0;3;2022-02-08;30;70;50;50;30;20;10;10;10;20;40;30;0
git pull all;30;0.0;3;2022-02-08;30;30;50;30;40;30;50;30;20;30;30;20;0
git push rebase;30;0.0;3;2022-02-08;20;20;30;20;30;30;30;30;30;40;20;30;0
git gui for ubuntu;30;0.0;4;2022-02-08;30;40;40;30;20;20;20;30;30;50;30;30;0
git branch from branch;30;0.0;4;2022-02-08;30;30;20;30;30;30;30;20;30;20;30;20;0
kod ascii jak używać;30;0.0;3;2023-05-19;30;20;30;20;30;20;10;10;30;40;40;40;0
liczba pierwsza java;30;0.0;3;2023-05-18;40;20;40;20;20;10;10;10;20;90;90;30;0
ascii spacja;30;0.0;2;2023-05-19;40;30;30;30;40;20;10;10;20;40;30;30;0
programista dzisiaj;30;0.0;2;2023-05-18;50;30;30;20;10;20;10;10;10;90;40;40;0
benchmarking java;30;0.0;2;2023-05-20;30;30;40;30;30;10;30;30;30;30;40;30;0
fibonacci iteracyjnie;30;0.0;2;2023-05-20;40;20;70;30;20;10;10;10;20;50;50;50;0
co to jest paradygmat programowania;30;0.0;2;2022-09-16;30;40;30;20;20;20;10;10;50;30;20;20;0
operatory relacyjne;30;0.0;2;2022-08-31;50;20;50;10;30;20;10;10;10;40;70;50;0
operatory bitowe java;30;0.0;3;2022-08-31;30;20;30;50;10;10;10;10;10;50;50;30;0
gitlab push;30;0.0;2;2022-09-06;20;20;30;20;30;20;30;20;40;30;20;30;0
github push to repo;30;0.91;3;2022-09-06;40;30;30;40;30;20;30;30;30;40;20;20;0
git fetch remote;30;0.0;3;2022-09-06;30;30;40;20;30;50;30;30;30;30;30;30;0
fetch pull git;30;0.0;3;2022-09-06;40;30;40;20;20;30;30;20;30;20;40;40;0
git commit to branch;30;0.0;3;2022-09-06;20;20;20;30;30;40;30;20;30;20;20;30;0
podcast o programowaniu;30;0.0;2;2022-05-27;40;30;40;30;40;30;30;30;40;30;40;30;0
java obiektowość;30;0.0;2;2022-06-30;50;40;50;40;30;20;10;10;30;30;20;30;0
singleton java class;30;0.0;3;2022-11-27;20;10;30;40;30;30;20;20;30;30;30;20;0
immutable strings java;30;0.0;3;2022-10-14;30;30;30;40;40;20;20;40;30;40;30;30;0
konkatenacja java;30;0.0;2;2022-10-14;40;40;50;20;20;10;10;10;20;50;50;30;0
emotikony znaki graficzne znaczenie;30;0.0;4;2022-11-24;0;0;0;0;0;0;40;50;90;110;0;0;0
fiverr jak zacząć;30;0.0;2;2022-11-24;70;40;40;30;10;20;10;10;10;70;50;20;0
abstrakcja programowanie obiektowe;30;0.0;3;2022-11-02;70;50;50;20;20;30;10;10;30;40;10;10;0
funkcja find c++;30;0.0;3;2022-12-28;40;30;40;40;20;10;10;10;30;30;40;50;0
agregacja java;30;0.0;2;2023-05-20;30;30;20;20;40;30;10;10;10;40;30;30;0
prometheus java;30;0.0;2;2023-05-21;30;30;30;20;30;30;40;40;30;30;30;30;0
rekurencja w programowaniu;30;0.0;2;2023-05-20;70;30;50;30;30;30;10;10;10;40;40;20;0
rekurencja i iteracja;30;0.0;2;2023-05-20;40;20;50;20;40;30;10;10;20;30;30;40;0
community webcon;30;2.17;2;2023-05-21;30;20;40;30;20;30;20;20;20;30;50;30;0
operacje bitowe java;30;0.0;3;2023-05-21;110;50;20;40;10;10;10;10;10;20;40;30;0
gra w papier kamień nożyce scratch;30;0.0;5;2022-12-15;70;30;20;10;10;10;10;10;10;10;110;70;0
switch case enum java;30;0.0;4;2022-12-11;40;30;30;40;30;30;20;30;10;40;30;30;0
что такое pull request в github;30;0.0;6;2023-02-15;10;10;50;10;10;50;10;10;50;10;10;110;0
x kom przemyśl;30;0.0;3;2023-04-16;30;20;20;30;30;10;50;20;30;30;20;30;0
hermetyzacja a enkapsulacja;30;0.0;2;2023-05-20;70;30;40;50;20;30;20;10;10;20;10;30;0
pętla iteracyjna;30;0.0;2;2023-05-20;40;30;50;40;20;20;20;20;10;30;30;40;0
deadlock co to;30;0.0;1;2023-05-20;40;30;30;20;30;20;20;20;30;50;30;40;0
protocol buffers google;30;0.0;3;2023-06-19;30;40;30;30;30;20;30;40;30;30;20;30;0
programowanie obiektowe przykłady;30;0.0;3;2023-06-19;50;30;50;20;30;20;10;10;20;50;40;40;0
dzień informatyka 2023;30;0.0;3;2023-06-15;50;50;90;70;10;10;10;10;10;20;10;0
git repozytorium;30;0.0;2;2023-05-30;30;20;30;20;30;30;20;30;30;40;30;20;0
ikonki emoji znaczenie;30;0.0;3;2023-05-21;50;30;40;20;20;20;20;20;20;50;40;30;0
emoji nie wiem;30;0.0;2;2023-05-21;40;40;30;30;40;30;30;10;30;20;30;30;0
roedl und partner;30;0.0;3;2023-12-09;20;30;40;40;20;20;20;20;20;70;20;10;0
c fifo;30;0.0;2;2023-10-30;50;20;50;30;30;30;10;10;10;30;30;50;0
webcon szkolenia;30;14.29;2;2023-07-27;30;30;30;40;30;20;40;30;50;40;30;20;0
webcon nip;30;0.0;2;2023-07-27;20;40;30;30;40;30;30;30;30;30;20;20;0
webcon download;30;0.54;2;2023-07-27;40;40;40;20;20;10;10;20;20;10;40;30;0
webcon cennik;30;0.93;2;2023-07-27;40;40;50;30;20;20;10;20;10;20;30;20;0
rad jak wygląda;30;0.0;2;2023-08-10;20;40;40;40;40;30;10;10;10;30;70;30;0
emotki pobierz za darmo;30;0.0;3;2023-09-03;50;10;20;10;10;0;10;10;10;90;90;70;0
emotki word;30;0.0;2;2023-09-03;40;40;50;30;30;30;30;20;20;30;50;40;0
composer co to;30;0.0;1;2023-09-01;50;30;40;40;30;20;10;20;20;30;70;50;0
młodszy specjalista junior co to znaczy;30;0.0;4;2023-08-08;30;30;40;30;40;40;40;30;30;30;40;20;0
wady pracy programisty;30;2.64;3;2023-08-03;20;20;30;30;40;30;20;20;20;30;20;20;0
node js pytania rekrutacyjne;30;0.0;4;2023-07-24;30;40;20;30;20;30;30;20;30;40;40;30;0
generator mocnych haseł;30;0.0;3;2023-07-14;40;20;30;30;30;20;20;20;20;30;30;30;0
ci cd co to jest;30;0.0;2;2023-09-20;40;40;30;30;30;20;20;30;20;40;40;50;0
back end developer co to;30;0.0;3;2023-09-14;40;30;20;20;40;30;30;30;30;30;40;30;0
pisanie emotikonami;30;0.0;2;2023-11-15;40;30;30;30;30;30;20;20;30;40;30;20;0
mitsubishi electric nip;30;0.0;3;2024-05-13;30;30;30;20;40;40;40;30;30;30;30;40;0
to list java;30;0.0;2;2024-01-25;30;20;30;40;30;20;20;40;10;30;20;20;0
przykładowy kod java;30;0.0;3;2024-07-13;20;40;50;20;20;20;30;10;20;40;30;30;0
konstruktor kopiujący java;30;0.0;3;2021-05-15;40;10;40;90;20;30;10;10;10;30;30;50;0
podsumowanie roku pytania;30;0.0;2;2025-01-11;90;10;10;10;10;10;10;0;0;10;10;210;0
pętla w pętli;30;0.0;2;2021-05-15;50;30;30;20;20;20;10;10;10;70;50;30;0
komendy java;30;0.0;2;2021-03-11;40;30;40;30;20;30;20;20;30;50;40;20;0
python back end developer;30;2.99;4;2021-06-22;40;30;30;40;40;20;30;30;20;20;30;30;1;back end developer python
string vs stringbuilder;30;0.0;3;2021-03-10;40;30;40;30;40;30;20;20;30;40;40;30;0
co można programować;30;2.33;3;2021-03-11;40;50;40;30;30;30;10;20;20;30;30;20;0
programista jak zacząć;30;4.02;3;2021-03-11;30;20;40;40;30;30;30;40;30;30;30;20;0
kolejka java;30;0.0;2;2021-06-22;40;20;30;40;70;50;20;20;10;30;30;70;2;java kolejka
kolejki java
umiejętności i kompetencje przykłady;30;0.0;4;2021-03-11;50;50;40;50;40;30;20;20;20;30;20;20;0
java switch case enum;30;0.0;4;2021-03-11;30;20;30;20;30;30;20;30;10;40;30;30;1;switch case java enum
front end programming;30;2.65;3;2021-03-11;30;30;40;20;20;20;30;30;20;20;20;20;0
java benchmark;30;3.07;2;2021-03-11;30;20;40;40;30;40;30;20;20;30;40;30;0
backend programming;30;0.52;2;2021-03-11;30;20;40;30;40;20;30;20;20;40;40;20;0
java se oracle;30;0.0;3;2021-05-15;30;40;50;30;30;30;20;20;30;50;30;20;0
najtańszy hosting www;30;3.27;2;2021-06-22;20;40;40;50;40;30;30;20;20;30;30;30;1;najtanszy hosting www
git jak używać;30;0.0;3;2021-03-11;50;50;50;40;40;40;10;10;20;30;30;20;0
java 8 substring;30;0.0;3;2021-05-15;30;40;30;30;30;20;20;30;20;30;40;40;0
cv for junior developer;30;1.46;4;2021-03-11;30;20;50;30;10;30;40;20;20;20;30;20;0
co to są umiejętności miękkie;30;0.61;2;2021-03-11;40;40;70;50;30;20;20;10;20;30;30;20;0
comarch test kwalifikacyjny pytania;30;0.0;4;2021-03-11;10;10;50;70;170;10;10;20;10;10;10;10;1;comarch testy kwalifikacyjne pytania
zmienna typu string;30;0.0;3;2021-03-11;30;30;50;20;40;30;10;10;30;40;50;30;0
jak zacząć karierę w it;30;3.18;3;2021-03-11;40;30;20;20;40;20;30;40;50;50;40;30;0
oracle java se;30;0.0;3;2021-03-11;30;40;50;30;30;20;30;20;30;50;30;20;0
java back end developer;30;2.46;4;2021-03-11;40;50;50;40;50;30;30;20;10;30;30;20;1;back end java developer
gdzie szukać pracy jako programista;30;3.34;3;2021-03-11;40;40;30;30;40;30;40;20;30;30;30;10;3;programista gdzie szukać pracy
gdzie szukać pracy programista
gdzie programiści szukają pracy
jak zacząć uczyć się programowania;30;3.3;3;2021-03-11;40;30;30;40;20;10;30;30;30;30;30;30;0
junior developer wymagania;30;1.72;3;2021-03-11;40;40;20;30;20;20;30;20;10;40;40;30;0
co to jest testowanie;30;2.74;1;2021-03-11;50;20;40;30;40;30;20;20;20;30;50;30;0
konwersja string na int;30;0.0;3;2021-03-11;30;20;30;20;20;10;10;10;40;50;40;40;1;konwersja int na string
python fifo;30;0.0;2;2021-03-11;40;30;40;40;30;20;20;10;10;20;40;40;1;fifo python
pierwsza rozmowa kwalifikacyjna;30;0.27;3;2021-03-11;50;30;40;50;20;40;20;30;20;30;10;10;0
java fifo;30;0.0;2;2021-03-11;50;30;30;40;70;30;20;20;20;10;30;50;0
java se runtime environment 14;30;0.0;5;2021-05-15;20;10;10;20;10;50;50;50;40;30;30;20;0
tim ferriss 4 godzinny tydzień pracy;30;2.87;5;2021-03-11;40;30;40;10;30;40;20;40;40;30;30;30;1;tim ferriss 4 godzinny tydzien pracy
timothy ferriss 4 godzinny tydzień pracy;30;1.03;5;2021-03-11;50;20;40;20;30;20;20;30;20;20;20;40;1;4 godzinny tydzień pracy timothy ferriss
język programowania przyszłości;30;0.0;3;2021-03-18;50;40;30;30;40;20;20;20;10;40;20;40;1;języki programowania przyszłości
deklaracja tablicy java;30;0.0;3;2021-05-05;50;20;40;20;10;20;10;10;20;70;90;30;0
operacje na tablicach java;30;0.0;3;2021-03-11;40;40;30;20;10;10;10;10;10;50;90;50;0
typy prymitywne java;30;0.0;3;2021-03-11;40;40;40;30;30;20;10;20;20;50;70;20;0
umiejętności i kompetencje;30;0.05;2;2021-06-22;40;30;40;20;30;20;30;20;30;40;30;30;1;kompetencje i umiejętności
java porównanie stringów;30;0.0;3;2021-03-11;40;20;30;20;10;20;20;20;10;50;40;20;0
programowanie dla 7 latka;30;3.57;2;2021-03-11;30;30;20;10;20;10;10;10;30;30;50;50;0
firma osadkowski;30;0.0;2;2021-03-11;20;30;40;20;20;40;30;20;20;30;30;20;0
lombok getter setter;30;0.0;3;2021-03-11;30;30;30;30;30;30;30;20;30;30;30;20;1;getter setter lombok
cv programista bez doświadczenia;30;0.44;3;2021-03-11;40;20;30;30;10;30;30;30;30;30;50;30;1;cv programisty bez doświadczenia
metoda split;30;0.0;2;2021-03-11;30;50;50;20;40;20;20;10;20;30;20;50;0
programista back end;30;0.86;3;2021-03-11;30;30;20;30;30;30;30;30;30;40;40;30;0
szereg fibonacciego;30;0.0;2;2021-03-11;40;20;40;10;40;30;10;10;20;40;40;40;0
dzielenie java;30;0.0;2;2021-03-11;30;20;30;20;20;20;10;10;20;70;70;30;0
bps kariera;30;0.0;2;2021-03-11;40;30;50;20;30;30;30;30;30;30;30;20;0
p programowanie;30;0.0;2;2021-06-22;40;20;40;20;40;20;10;40;10;30;20;20;0
developer a programista;30;0.0;2;2021-03-11;40;30;10;20;30;40;20;20;30;30;30;10;1;programista a developer
react tutorial pl;30;3.02;2;2021-03-11;50;40;30;30;10;20;30;20;30;20;30;30;0
typ referencyjny java;30;0.0;3;2021-03-18;30;50;40;40;30;20;20;20;20;50;50;40;0
react a react native;30;0.81;3;2021-03-11;30;50;50;40;30;30;40;20;20;30;20;30;0
json schema validator java;30;0.0;4;2021-03-11;20;40;40;20;30;30;30;30;30;30;30;30;0
netbeans jdk;30;0.0;2;2021-03-11;30;20;40;20;30;20;20;20;10;70;30;30;1;jdk netbeans
projektowanie aplikacji mobilnych kurs;30;2.38;4;2021-03-11;40;20;30;10;30;20;30;30;50;50;40;40;0
backend języki;30;0.0;2;2021-03-11;40;20;40;20;20;30;10;10;20;40;50;30;0
leave at request;30;0.0;3;2021-03-11;40;30;20;30;30;30;20;30;20;30;20;20;0
arraylist to array;30;0.0;3;2021-06-22;30;40;40;40;30;20;30;20;30;20;30;30;1;array to arraylist
string charat;30;0.0;2;2021-03-11;30;50;40;40;30;30;20;30;30;30;40;30;0
ubuntu bash;30;0.0;2;2021-03-10;20;40;40;40;50;30;20;20;20;40;40;30;0
ciąg znaków;30;0.0;2;2021-03-10;30;30;20;40;30;30;20;20;20;30;40;20;0
co to jest pętla;30;0.0;1;2021-05-15;40;20;50;20;30;10;10;30;10;40;50;30;0
czy ciężko zostać programistą;30;2.07;3;2021-03-11;40;30;30;20;20;20;30;20;50;40;30;20;0
kierunek programista;30;2.69;2;2021-03-11;20;20;30;30;30;20;20;20;20;40;30;20;0
rozmowa po angielsku rekrutacja;30;3.16;4;2021-03-11;50;90;20;20;20;20;40;30;30;30;40;20;0
skąd to zwątpienie tekst;30;0.0;4;2021-03-10;50;30;50;40;40;50;20;20;30;30;30;30;0
emotikony online;30;0.0;2;2021-03-10;30;20;30;20;40;40;30;40;30;20;30;20;0
emotki komputerowe;30;0.0;2;2021-03-10;30;30;40;30;30;20;40;10;20;30;20;20;0
php pytania rekrutacyjne;30;0.98;3;2021-03-10;20;50;20;40;30;30;20;30;30;40;30;10;1;pytania rekrutacyjne php
konstrukcja definicja;30;0.0;2;2021-03-10;20;30;30;30;30;30;10;20;30;50;20;20;0
emotikony do wydruku;30;0.0;3;2021-03-10;40;40;30;20;20;10;10;20;70;40;40;10;0
technik programista praca;30;0.85;3;2021-03-10;30;50;30;20;40;70;20;20;40;30;40;20;0
co będzie za 10 lat;30;0.0;5;2021-03-11;20;50;40;30;40;30;20;20;10;10;10;20;0
typ string;30;0.0;2;2021-03-11;30;40;20;30;20;20;10;10;70;40;20;20;0
ide programowanie;30;0.0;2;2021-03-11;40;20;40;30;30;40;30;20;30;30;30;30;0
java switch example;30;0.0;3;2021-03-11;40;40;30;20;40;30;30;30;30;30;40;30;0
ksef rejestracja;30;3.71;2;2023-10-25;30;20;30;30;40;50;50;10;10;10;10;40;0
tablica string;30;0.0;2;2021-03-11;30;30;50;40;20;20;10;10;30;40;50;20;0
java developer pytania rekrutacyjne;30;0.0;4;2021-03-11;20;50;30;30;70;40;20;20;20;20;10;10;0
typy proste java;30;0.0;3;2021-03-11;20;30;50;50;20;30;10;10;30;70;20;10;0
programowanie dla 6 latka;30;4.56;4;2021-03-11;20;50;30;20;10;10;20;10;30;30;50;50;0
enkapsulacja python;30;0.0;2;2025-05-25;40;30;30;20;50;30;30;20;20;30;30;30;0
e doręczenia co to takiego;30;1.43;5;2025-05-20;90;50;140;50;0;0;0;0;0;30;20;10;0
ai programowanie;30;2.1;2;2025-08-14;30;30;30;50;50;50;30;30;10;10;10;40;0
aplikacje sharepoint;30;0.0;2;2021-03-11;30;30;50;20;30;30;30;30;20;20;30;30;0
fabryka wzorzec projektowy;30;0.0;3;2025-03-04;30;30;40;30;50;40;30;20;20;40;20;10;0
emotki emocje znaczenie;30;0.0;3;2025-04-25;40;40;40;0;0;0;0;20;50;70;30;50;0
tablica string c++;30;0.0;3;2021-03-11;70;30;70;30;30;20;10;20;40;90;70;70;0
elektroniczny obieg dokumentów wymagania;30;0.0;4;2024-08-01;10;10;10;10;0;10;0;10;0;10;0;0;0
stack trace in java;30;0.0;4;2024-09-12;40;20;20;20;20;20;20;50;30;30;20;20;0
procesy finansowe;30;0.0;2;2021-03-11;20;10;20;10;10;30;40;30;50;70;70;50;0
historia języków programowania;30;0.0;3;2021-03-11;30;20;10;10;30;30;50;50;20;20;40;30;1;języki programowania historia
typy zmiennych java;30;0.0;3;2021-06-22;20;20;10;10;70;30;40;20;40;20;50;50;1;java typy zmiennych
front end technologies;30;0.0;3;2021-03-11;30;30;40;30;20;30;40;30;30;20;40;30;0
emotikon p;30;0.0;2;2021-06-22;50;30;30;30;40;20;30;40;30;20;40;20;1;p emotikon
obieg elektroniczny dokumentów w firmie;30;0.0;5;2023-09-26;10;10;10;10;0;0;0;10;0;0;0;0;0
programowanie od czego zacząć;30;4.41;4;2021-03-11;50;110;90;70;50;40;70;50;50;70;50;40;2;od czego zacząć programowanie
od czego zaczac programowanie
git manual;30;0.0;2;2021-03-10;20;30;20;40;20;30;20;30;30;30;30;30;0
ide do pracy po angielsku;30;0.0;5;2021-03-11;20;10;30;30;20;10;10;40;40;40;40;50;1;idę do pracy po angielsku
java instalacja;30;0.0;2;2021-03-11;40;40;20;40;40;20;30;40;40;30;30;20;2;instalacja java
instalacja javy
hosting seo co to jest;30;0.0;5;2021-06-22;20;10;10;20;20;30;10;40;40;50;50;30;2;co to jest hosting seo
seo hosting co to jest
cyfrowa transformacja hr;30;0.0;3;2024-07-23;30;10;20;10;10;20;10;30;30;90;50;50;0
kurs programowania aplikacji mobilnych;30;4.64;4;2021-03-11;10;10;10;10;20;30;20;40;50;70;50;50;1;programowanie aplikacji mobilnych kurs
bpms workflow;30;0.0;2;2021-05-09;10;10;10;10;20;30;20;40;50;90;70;70;0
digitalizacja w firmie;30;0.0;3;2023-06-04;20;10;10;20;20;10;10;30;50;70;50;30;0
data warehouse co to;30;0.0;4;2024-08-06;30;10;10;20;20;10;10;30;40;70;50;70;0
kurs pisania aplikacji mobilnych;30;0.0;4;2021-03-11;30;20;20;30;30;20;20;40;40;50;70;40;0
tworzenie aplikacji na urządzenia mobilne;30;0.0;5;2021-03-11;20;10;20;20;20;20;10;30;40;70;40;10;0
google wyszukaj na stronie;30;0.0;4;2021-03-11;30;10;10;20;20;20;20;40;30;70;50;30;0
lotus notes 2022;30;0.0;3;2023-03-16;20;10;10;20;20;50;10;40;40;50;50;50;0
programowanie dla 10 latka;30;3.06;4;2021-03-11;30;20;20;20;30;20;20;20;20;30;70;70;0
jak znaleźć pracę jako junior developer;20;1.46;4;2021-06-15;20;20;20;30;10;10;10;10;10;30;20;20;0
java 11 switch;20;0.0;3;2021-07-22;20;30;30;20;20;20;10;30;20;20;20;20;0
git rebase push;20;0.0;3;2022-02-08;20;30;20;20;20;20;30;20;30;20;20;20;0
software developer co robi;20;1.39;3;2022-08-01;20;20;30;10;20;10;30;20;30;20;20;10;0
git create and checkout branch;20;0.0;5;2022-02-08;10;20;10;10;20;20;10;10;20;20;20;10;0
git create branch from master;20;0.0;5;2022-02-08;20;20;30;20;30;20;20;30;20;20;20;20;0
git create checkout branch;20;0.0;4;2022-02-08;20;10;20;10;20;20;10;20;10;20;30;20;0
singleton matematyka;20;0.0;2;2022-03-21;30;10;10;10;10;20;10;10;20;50;40;20;0
naucz sie programowania;20;1.83;3;2022-03-21;20;20;30;20;20;20;10;10;10;10;10;20;0
języki programowania front end;20;2.62;4;2022-03-21;30;10;30;10;20;20;10;20;30;30;20;30;0
języki programowania dla początkujących;20;2.53;3;2022-03-21;20;10;30;20;20;20;10;30;10;30;30;20;0
czy można nauczyć się programowania samemu;20;2.36;3;2022-03-21;20;20;20;20;10;10;10;20;20;20;30;20;0
plan nauki programowania;20;2.44;3;2022-03-21;20;20;20;30;20;10;20;30;20;30;40;20;0
o co chodzi w programowaniu;20;1.38;2;2022-03-21;20;20;30;30;40;20;20;30;20;20;30;30;0
git merge stash;20;0.0;3;2022-02-08;10;10;20;20;30;10;20;10;10;20;10;20;0
git merge main;20;0.0;3;2022-02-08;20;20;20;20;20;20;20;20;20;20;20;10;0
git revert push;20;0.0;3;2022-02-08;30;20;30;10;10;10;20;20;20;20;20;20;0
git revert no commit;20;0.0;3;2022-02-08;20;20;30;20;20;20;30;30;20;20;10;30;0
github desktop tutorial;20;0.0;3;2022-02-08;20;20;20;10;20;20;20;10;10;30;20;10;0
git flow branch name;20;0.0;4;2022-02-08;30;30;30;20;20;20;10;20;20;20;20;20;0
sourcetree for ubuntu;20;0.0;3;2022-02-08;10;20;30;10;30;20;10;10;20;30;20;20;0
git branching tutorial;20;0.0;3;2022-02-08;20;20;20;20;20;20;40;20;20;20;30;20;0
git branch from tag;20;0.0;4;2022-02-08;20;10;10;20;10;10;10;20;10;10;10;20;0
git diff cached;20;0.0;3;2022-02-08;20;10;20;10;10;20;20;10;20;20;20;10;0
git add remote ssh;20;0.0;4;2022-02-08;20;10;20;10;20;10;10;20;10;20;20;10;0
git revert last commit pushed;20;0.0;5;2022-02-08;20;20;10;20;20;30;30;20;20;30;20;20;0
sharepoint zaloguj;20;0.0;2;2022-02-08;30;20;20;20;20;20;20;20;20;20;20;20;0
git add tag and push;20;0.0;5;2022-02-08;20;20;20;20;10;10;10;10;10;10;10;20;0
git add git commit git push;20;0.0;6;2022-02-08;20;20;20;10;10;10;20;10;20;30;20;10;0
cv zmiana branży;20;0.79;3;2022-02-17;30;40;30;20;20;20;10;20;20;20;30;20;0
dzień dobry emotikony;20;0.0;3;2022-04-01;10;10;40;30;30;30;20;40;20;20;10;10;0
deep learning java;20;0.0;3;2022-04-19;10;10;10;20;20;10;10;20;20;20;30;20;0
automatyzacja w firmie;20;11.1;2;2022-04-22;30;20;30;20;20;10;20;10;10;20;20;10;0
instrukcja if else;20;0.0;3;2023-05-11;30;20;20;10;10;10;10;10;10;30;40;20;0
spring boot co to jest;20;0.0;2;2023-04-30;40;30;20;20;20;20;20;10;10;20;20;20;0
spring co to jest;20;0.0;1;2023-04-30;20;20;20;20;20;10;10;20;10;20;20;20;0
nauka gita;20;0.0;2;2023-03-21;30;20;10;20;10;10;20;30;20;30;30;10;0
jak używać git;20;0.0;2;2023-03-21;20;10;10;20;20;20;20;10;20;20;10;20;0
instrukcja warunkowa to;20;0.0;2;2023-03-21;30;10;30;20;30;10;0;0;0;20;20;10;0
git reset to origin master;20;0.0;4;2022-02-08;20;10;30;10;20;10;10;20;20;20;10;20;0
git reset to branch;20;0.0;3;2022-02-08;20;10;20;10;10;20;30;20;10;20;30;20;0
git reset repo;20;0.0;3;2022-02-08;30;20;30;20;20;20;10;20;30;20;40;30;0
git reset soft vs hard;20;0.0;5;2022-02-08;30;20;10;20;20;20;30;20;20;20;20;20;0
commit git co to;20;0.0;2;2022-02-08;20;10;10;10;20;20;30;10;20;20;10;10;0
git tutorial branch;20;0.0;3;2022-02-08;30;20;30;20;20;20;30;20;20;30;30;20;0
ciąg fibonacciego youtube;20;0.0;3;2022-02-08;20;20;20;20;10;30;10;10;10;20;30;20;0
git push to origin;20;0.0;3;2022-02-08;20;20;20;20;20;20;20;20;30;30;20;30;0
git push hard;20;0.0;3;2022-02-08;10;20;20;10;20;10;10;20;20;20;10;20;0
git push with ssh;20;0.0;4;2022-02-08;30;10;20;10;20;20;20;20;10;30;30;20;0
git pull git fetch;20;0.0;4;2022-02-08;20;20;10;20;20;20;20;20;10;20;30;10;0
git pull co to;20;0.0;2;2022-02-08;30;30;30;20;30;20;10;20;20;30;20;20;0
git pull prune;20;0.0;3;2022-02-08;20;20;10;10;10;10;20;20;20;20;20;20;0
install github for windows;20;0.0;4;2022-02-08;20;10;20;10;20;10;10;20;10;10;20;20;0
git branch co to;20;0.0;2;2022-02-08;30;20;20;20;30;20;20;20;20;20;20;30;0
git flow install;20;0.0;3;2022-02-08;30;30;30;20;20;20;20;20;20;20;30;20;0
git bash komendy;20;0.0;3;2022-02-08;40;20;40;30;20;10;10;10;10;40;30;20;0
retail challenge;20;0.0;2;2022-02-08;10;20;10;10;10;10;20;10;50;20;10;10;0
abstrakcja hermetyzacja polimorfizm dziedziczenie;20;0.0;4;2023-05-20;30;20;20;10;20;20;10;10;20;20;10;10;0
ciąg fibonacciego informatyka;20;0.0;3;2023-05-18;40;40;30;20;30;10;10;10;10;40;20;20;0
co to sortowanie bąbelkowe;20;0.0;2;2023-05-19;10;10;20;30;20;10;10;10;10;20;50;20;0
składnia pętli for;20;0.0;3;2023-05-20;20;20;30;20;20;10;0;10;10;20;50;20;0
algorytm dijkstry java;20;0.0;3;2023-05-20;50;10;20;40;20;20;10;10;10;10;30;50;0
świat it;20;0.0;2;2022-08-24;40;10;20;10;20;10;10;10;10;30;20;20;0
github merge pull request;20;0.0;4;2022-09-06;20;20;30;20;20;20;20;10;20;20;20;20;0
git push revert;20;0.0;3;2022-09-06;10;10;20;30;10;10;20;20;20;20;10;20;0
git push new branch to github;20;0.0;5;2022-09-06;30;20;20;20;10;10;10;10;30;30;20;20;0
git clone branch remote;20;0.0;4;2022-09-06;20;20;30;20;20;20;20;10;20;30;20;10;0
fetch vs pull git;20;0.0;4;2022-09-06;20;10;20;10;20;30;20;20;10;20;10;10;0
java typy prymitywne;20;0.0;3;2022-08-19;20;20;20;20;30;30;20;20;30;20;30;30;0
na sharepoincie;20;0.0;1;2022-06-02;10;30;30;20;10;20;30;10;20;20;20;10;0
hard skills co to;20;0.0;2;2022-07-12;20;20;20;10;20;30;10;10;30;20;20;10;0
przyszłość branży it;20;0.0;3;2022-07-13;20;30;30;30;20;20;30;20;10;30;20;10;0
ocr ai;20;2.15;2;2022-04-28;30;30;50;50;10;20;10;10;10;10;10;30;0
backendowiec;20;0.0;1;2022-06-06;20;20;20;10;20;10;20;30;20;10;20;20;0
acid it;20;0.0;2;2022-02-17;20;20;20;20;20;10;20;10;10;20;20;30;0
typy proste;20;0.0;2;2022-08-19;40;20;20;10;10;10;10;20;30;40;50;10;0
instrukcja warunkowa java;20;0.0;3;2022-08-19;20;10;30;10;10;10;10;10;10;30;40;20;0
code platform;20;9.45;2;2022-09-15;10;20;20;10;10;20;50;50;10;10;20;10;0
low code program;20;8.72;3;2022-09-15;20;20;30;30;30;10;20;10;10;20;10;30;0
ksef a pef;20;2.14;2;2022-09-19;20;20;20;10;20;30;20;10;10;10;20;20;0
start w it;20;2.6;2;2022-09-19;30;20;30;20;20;30;30;20;10;20;20;10;0
hashcode and equals contract;20;0.0;4;2022-11-27;10;10;10;10;20;10;10;20;20;20;20;20;0
hashcode equals;20;0.0;2;2022-11-27;20;20;20;20;30;50;20;20;30;20;20;20;0
docusign weryfikacja podpisu;20;0.0;3;2022-11-28;20;30;20;20;30;10;10;20;10;10;30;10;0
słodkie emoji do skopiowania;20;0.0;3;2023-01-12;20;10;20;20;10;20;50;20;20;30;20;20;0
pratt and whitney canada;20;0.0;4;2023-05-21;10;10;20;20;10;10;20;20;10;20;20;10;0
modulo programowanie;20;0.0;2;2023-05-21;20;10;20;20;10;10;10;10;10;30;40;20;0
inoffice lpp;20;0.0;2;2023-03-03;30;10;20;20;20;10;10;20;10;20;10;20;0
faktura microsoft ireland jak księgować 2021;20;0.0;5;2023-02-16;10;50;40;30;10;20;30;10;10;10;10;0;0
jak być programistą;20;2.91;1;2022-12-15;40;20;20;10;20;10;20;20;10;20;10;20;0
pisanie kodu online;20;0.0;3;2023-04-01;20;20;20;20;20;20;10;10;20;20;20;30;0
edytory do programowania;20;0.0;2;2023-03-28;20;20;20;10;10;10;10;10;20;30;20;10;0
tekst na emotki;20;0.0;2;2023-03-28;20;20;20;20;10;10;10;20;10;40;30;20;0
kolejka priorytetowa python;20;0.0;3;2023-05-20;40;10;50;30;20;10;10;10;10;20;40;40;0
junit assertthat;20;0.0;2;2023-05-20;20;20;20;20;20;10;10;20;10;20;10;20;0
junit co to;20;0.0;1;2023-05-20;20;30;30;20;20;10;10;20;20;20;30;20;0
wzorzec cqrs;20;0.27;2;2023-05-20;20;30;30;20;30;20;20;20;20;20;10;20;0
serializacja co to;20;0.0;1;2023-05-20;40;30;20;20;30;20;20;20;20;20;30;20;0
openssh github;20;0.0;2;2023-05-20;20;20;20;20;10;20;10;10;20;20;30;30;0
pop java;20;0.0;2;2023-05-20;20;10;20;30;20;10;10;10;10;20;20;30;0
encja java;20;0.0;2;2023-05-20;20;20;20;20;20;10;20;10;10;20;20;20;0
programista java junior zarobki;20;1.35;4;2023-06-02;20;10;20;10;10;10;10;10;10;30;40;30;0
java developer jak zostać;20;3.9;3;2023-06-02;30;20;20;10;10;10;20;10;10;30;20;10;0
szyfr ramsaya online;20;0.0;3;2023-05-21;20;10;20;10;10;10;30;20;10;10;20;10;0
suus kontakt telefoniczny;20;0.73;3;2023-06-23;10;10;40;10;10;20;10;10;30;20;20;20;0
insertsort;20;0.0;1;2024-02-26;50;20;20;40;20;40;10;10;10;20;20;10;0
ksef specyfikacja;20;2.71;2;2023-10-25;30;20;20;20;30;20;20;10;10;20;20;30;0
checkout commit;20;0.0;2;2023-12-05;20;10;20;10;10;10;10;30;20;30;10;10;0
checkout revision git;20;0.0;3;2023-12-05;10;10;20;20;20;20;20;20;10;20;20;20;0
webcon gowork;20;26.57;2;2023-10-25;40;30;30;20;10;10;20;10;20;10;20;50;0
narzędzia low code;20;3.1;3;2023-10-25;0;0;50;20;20;10;10;50;10;0;0;0;0
ascii z;20;0.0;1;2023-12-09;20;30;30;20;10;10;10;10;10;20;20;20;0
praca webcon;20;11.97;2;2023-07-27;20;30;20;20;30;50;20;10;20;30;20;10;0
obieg dokumentów co to jest;20;1.34;2;2023-08-04;10;20;30;20;10;10;10;10;10;20;20;10;0
kwadraty fibonacciego;20;0.0;2;2023-08-28;10;20;10;40;90;10;10;0;10;10;10;10;0
italki faktura;20;5.54;2;2023-07-13;30;20;20;20;10;10;20;10;20;20;20;20;0
style negocjacji miękki twardy rzeczowy;20;0.0;5;2023-07-20;20;10;10;10;50;20;10;10;20;50;30;10;0
jak dostac prace w it;20;2.64;3;2023-08-03;30;10;20;20;20;10;10;20;20;10;10;10;0
co to jest biblioteka w programowaniu;20;0.0;2;2023-06-30;0;20;20;10;20;10;10;10;20;20;20;20;0
junior developer co robi;20;0.0;3;2023-07-24;30;30;20;20;10;20;10;10;10;20;40;20;0
zadania rekrutacyjne javascript junior;20;0.0;4;2023-07-24;30;20;20;30;30;10;20;10;10;30;20;20;0
zadania rekrutacyjne java junior;20;1.39;4;2023-07-24;20;20;50;30;30;20;20;10;10;10;20;10;0
gen haseł;20;0.0;2;2023-07-14;20;30;20;10;30;20;10;20;10;20;30;20;0
co to jest obiekt programowanie;20;0.0;2;2023-10-29;50;20;40;20;20;30;20;10;10;20;30;10;0
jaki język programowania wybrać quiz;20;1.63;5;2023-09-24;30;30;30;10;10;10;20;10;20;30;30;20;0
rad programowanie;20;0.0;2;2023-10-03;70;30;20;20;40;30;10;10;20;40;20;20;0
jaki język programowania jest najłatwiejszy;20;0.0;4;2023-09-24;20;20;20;10;20;20;20;10;20;20;30;20;0
pętla co to;20;0.0;1;2023-12-18;0;0;0;30;40;20;30;30;30;20;30;0;0
czy programista to wolny zawód;20;0.0;3;2023-12-13;30;30;30;30;30;10;20;10;10;10;20;30;0
negocjacje rzeczowe co to;20;0.0;2;2024-03-13;20;10;20;10;10;10;10;0;30;70;70;20;0
dekretowanie faktur kosztowych;20;0.0;3;2024-05-16;30;20;20;10;20;20;10;30;10;20;20;10;0
obieg dokumentu;20;3.8;2;2024-05-26;30;20;30;20;20;20;30;20;20;20;20;30;0
praca puro hotel;20;0.0;3;2024-01-15;50;40;20;10;10;20;10;10;10;10;10;10;0
system binarny to;20;0.0;2;2024-09-26;10;10;10;20;10;10;10;10;10;30;40;30;0
aplikacje low code;20;5.26;3;2024-05-17;20;20;70;40;20;10;20;10;10;20;30;30;0
lifo java;20;0.0;2;2021-03-10;30;10;10;10;20;20;10;10;20;10;20;20;0
hello world program in java;20;0.0;5;2021-03-10;10;20;20;10;10;10;10;10;10;30;20;10;1;a hello world program in java
java se development kit 16;20;0.0;5;2021-05-15;10;10;10;10;40;30;30;20;20;10;10;10;0
jak zainstalować java na windows 10;20;0.0;3;2024-11-12;40;20;30;30;20;20;10;10;10;10;30;30;0
digital process automation;20;9.76;3;2021-03-10;10;10;20;10;20;20;20;20;20;20;20;10;0
lombok hashcode;20;0.0;2;2021-03-10;20;20;20;20;20;20;20;20;10;20;20;10;0
ionic 4;20;0.0;1;2021-03-10;10;10;10;20;20;20;30;30;30;20;30;20;0
java dobre programy;20;0.0;3;2021-04-21;10;10;10;10;20;20;20;10;10;20;30;10;0
int length c++;20;0.0;3;2021-03-11;40;20;20;20;10;10;10;10;20;30;40;20;0
php backend developer;20;0.98;3;2021-03-10;20;10;20;20;20;20;20;10;20;20;20;10;1;backend developer php
ile trzeba wysłać cv żeby dostać pracę;20;0.0;5;2021-05-18;30;30;30;20;30;20;20;20;30;20;30;10;0
java while break;20;0.0;3;2021-03-10;20;10;10;10;20;20;20;10;20;30;20;20;0
java se development kit 15;20;0.0;5;2021-05-15;30;20;10;10;0;0;0;0;10;90;20;30;0
javascript funkcje wbudowane;20;0.0;3;2021-03-10;30;20;40;10;20;10;10;20;30;30;20;1;funkcje wbudowane javascript
git programowanie;20;0.62;2;2021-03-10;30;40;30;10;10;20;10;10;20;30;20;20;0
java netbeans download;20;0.0;3;2021-03-10;10;10;10;10;20;10;10;10;10;20;20;20;1;netbeans java download
react js android app;20;3.72;4;2021-03-11;20;10;20;10;10;10;20;20;10;30;10;20;0
java algorytmy;20;0.0;2;2021-03-11;10;30;20;40;10;20;10;20;30;30;20;30;0
pierwszy program w javie;20;0.0;4;2021-06-22;20;10;20;10;20;10;50;30;20;20;10;10;1;java pierwszy program
git add user;20;0.0;3;2021-03-11;30;20;30;20;20;30;30;20;10;30;30;20;0
c switch string;20;0.0;3;2021-03-11;20;10;30;20;10;20;10;10;10;20;20;20;0
stack fifo;20;0.0;2;2021-03-11;30;20;20;20;30;30;20;20;20;20;30;30;0
bpms online;20;3.09;2;2021-05-09;20;20;20;10;20;10;10;10;10;10;20;20;0
kursy dodatkowe;20;0.18;2;2021-03-11;30;30;20;10;20;20;10;20;20;30;10;10;1;dodatkowe kursy
konica logo;20;0.0;2;2021-03-11;10;10;10;40;10;10;20;10;10;10;10;20;0
java se jdk;20;0.0;3;2021-03-11;20;30;30;20;30;30;10;10;20;30;20;30;1;jdk java se
java development kit jdk;20;4.6;4;2021-03-11;30;30;30;40;20;10;20;10;10;20;20;20;0
ad active directory;20;0.0;3;2021-03-11;20;30;30;20;20;20;20;20;40;30;20;20;0
stack push pop;20;0.0;3;2021-03-11;20;10;20;10;10;30;20;10;10;10;10;10;0
lombok builder example;20;0.0;3;2021-03-11;20;20;20;10;30;20;20;20;20;30;30;20;0
java se runtime environment 13;20;0.0;5;2021-05-15;10;10;10;10;50;40;20;20;10;10;10;10;0
backend strony internetowej;20;1.86;3;2021-03-11;20;20;30;10;20;30;10;20;10;30;10;30;0
php back end developer;20;4.2;4;2021-03-11;20;10;20;20;20;20;20;10;20;20;20;10;1;back end developer php
devops days krakow;20;0.0;3;2021-03-11;10;10;40;110;20;10;10;10;10;10;10;10;0
react native jest;20;0.0;2;2021-03-11;30;10;20;10;10;20;20;10;10;10;10;10;0
backend dev;20;2.04;2;2021-03-11;30;30;20;20;30;20;20;40;20;40;10;20;0
rohlig suus webbooking;20;0.0;3;2021-03-11;10;40;10;20;20;20;30;10;20;20;10;10;0
obiektowość java;20;0.0;2;2021-05-15;20;20;20;10;20;10;10;20;10;30;20;20;0
java sdk 10;20;0.0;3;2021-05-15;10;10;10;20;40;20;20;20;20;20;20;10;0
business process management system;20;1.63;4;2021-03-11;20;20;10;10;10;10;10;10;10;20;20;20;0
rozmowa kwalifikacyjna język angielski;20;0.0;4;2021-06-22;20;20;30;20;20;20;10;10;10;10;10;10;1;język angielski rozmowa kwalifikacyjna
java copy;20;0.0;2;2021-03-11;10;10;20;20;20;10;10;10;10;20;10;20;0
sprawdzenie wersji java;20;0.0;3;2021-06-22;20;20;10;20;20;20;20;10;10;10;10;10;1;java sprawdzenie wersji
tabela java;20;0.0;2;2021-06-22;30;20;30;30;20;20;20;10;20;40;30;20;3;java tabele
java tabela
tabel java
idempotent rest;20;0.0;2;2021-03-11;20;20;30;10;20;10;20;30;30;30;30;20;0
jakie języki programowania mają przyszłość;20;0.0;3;2021-03-11;30;10;20;10;20;10;20;20;20;30;30;20;0
backend developer co to;20;0.0;2;2021-06-22;30;20;30;20;20;20;20;20;10;30;40;10;0
web developer back end;20;0.0;4;2021-03-11;30;20;20;20;30;20;20;20;20;20;10;10;0
jak zrobić program;20;0.0;2;2021-03-11;20;20;20;10;20;20;10;10;30;10;30;10;0
lombok equals;20;0.0;2;2021-03-11;10;20;20;10;30;10;20;10;20;10;10;20;0
emotikony zwierzęta;20;0.0;2;2021-03-11;20;30;20;10;20;20;20;10;30;20;30;20;0
pytania java;20;0.0;2;2021-03-11;20;10;10;20;10;10;10;30;10;20;20;20;0
zamiana string na int java;20;0.0;4;2021-03-11;20;20;20;10;10;10;10;10;10;30;30;20;0
stringbuilder reverse;20;0.0;2;2021-03-11;10;20;30;20;20;20;20;20;20;10;20;10;0
poziomy testowania oprogramowania;20;0.0;3;2021-03-11;30;50;20;10;10;20;10;10;10;20;20;30;0
python junior wymagania;20;0.0;3;2021-04-06;30;20;20;10;10;10;10;20;20;20;20;20;0
java string isempty;20;0.0;3;2021-03-11;30;20;30;30;20;30;20;20;20;10;20;20;0
ibm notes poczta;20;0.0;3;2021-03-11;30;20;30;10;10;20;10;10;20;20;10;10;0
robotic process automation tool;20;16.62;4;2021-03-11;10;10;20;30;10;20;30;20;10;10;20;10;0
nieudana rozmowa kwalifikacyjna;20;0.0;3;2021-03-11;20;40;50;20;40;20;20;10;20;20;20;10;0
jak znaleźć pierwszą pracę w it;20;3.72;4;2021-03-11;20;30;20;10;10;20;20;20;20;20;30;10;0
java front end developer;20;3.73;4;2021-03-11;20;30;10;10;10;10;10;20;20;30;10;10;0
inkrementacja java;20;0.0;2;2021-03-11;20;20;20;10;10;10;10;10;10;30;20;20;0
workflow management systems;20;29.02;3;2021-03-11;30;20;20;20;30;30;30;20;20;30;30;20;0
low code no code platforms;20;8.86;4;2021-03-11;20;30;40;20;30;20;30;20;10;20;20;10;0
groovy boolean;20;0.0;2;2021-03-11;20;20;30;20;20;20;10;20;20;20;30;20;0
czy warto być programistą;20;0.26;2;2021-03-11;20;10;20;20;20;10;10;10;20;10;20;10;0
jak napisać program w notatniku;20;0.0;3;2021-03-11;20;30;20;20;20;10;10;10;10;20;20;20;0
java development kit oracle;20;0.0;4;2021-05-15;10;10;10;20;20;20;10;10;10;40;20;20;0
java development kit 8;20;0.0;3;2021-03-11;20;20;20;20;30;30;30;20;10;20;30;10;0
javascript co można zrobić;20;0.0;2;2021-03-11;30;20;20;20;20;10;10;10;10;30;20;20;0
wszystkie emotki świata;20;0.0;3;2021-04-22;10;20;20;20;20;20;10;10;10;20;10;30;0
co to jest środowisko programistyczne;20;0.0;2;2021-03-11;30;10;10;10;20;20;10;10;30;20;20;10;0
java if string;20;0.0;3;2021-03-11;30;10;10;10;10;20;20;10;20;30;40;30;0
sprawdzanie wersji java;20;0.0;3;2021-06-22;20;10;20;10;10;20;10;10;20;20;10;10;1;java sprawdzanie wersji
kurs tworzenia aplikacji;20;2.76;3;2021-03-11;20;20;20;40;10;20;20;20;20;20;20;30;0
bpm rusztowania;20;0.0;2;2021-03-11;10;20;30;20;20;20;20;10;20;20;30;10;0
emotikony do pobrania na komputer;20;0.0;3;2021-03-11;20;20;20;10;20;10;10;10;10;20;20;20;0
klasa object java;20;0.0;3;2021-05-15;20;30;50;20;20;10;10;10;10;20;40;10;0
jak zostałem programistą;20;0.0;2;2021-03-11;20;10;20;10;20;10;20;30;20;30;20;20;0
śmieszne emotikony do pobrania;20;0.0;3;2021-03-11;30;20;40;10;40;10;20;20;30;10;10;30;0
anywhere elementor pro;20;0.0;3;2021-03-11;20;10;10;10;20;20;10;10;10;20;20;20;0
pętla switch;20;0.0;2;2021-03-11;30;20;30;20;20;10;10;10;20;40;40;30;0
roedl outsourcing nip;20;0.0;3;2021-03-11;20;20;30;20;20;20;20;20;20;20;20;10;0
zaproszenie na rozmowę kwalifikacyjną po angielsku;20;0.0;4;2021-03-11;20;10;20;20;10;30;10;10;20;30;30;20;0
switch case break;20;0.0;3;2021-03-11;20;20;20;20;10;10;10;20;10;20;20;10;0
co to jest algorytm iteracyjny;20;0.0;2;2021-03-11;20;10;20;10;10;10;10;10;10;40;20;30;0
stack push;20;0.0;2;2021-03-11;30;10;20;30;20;20;10;10;10;20;20;20;0
backend web development;20;5.88;3;2021-06-22;20;30;20;20;30;20;20;20;20;20;10;10;1;web development backend
web developer co robi;20;2.05;3;2021-03-11;30;30;20;10;10;20;10;30;30;30;40;10;0
java do czego;20;0.0;2;2021-03-11;30;20;20;30;10;20;20;20;20;30;10;20;1;do czego java
front end vs back end developers;20;0.0;6;2021-03-18;30;20;20;20;20;20;10;30;10;20;30;20;0
südzucker polska sa;20;0.0;3;2021-03-11;10;10;10;10;10;10;40;30;20;20;20;10;0
lombok spring;20;0.0;2;2021-03-11;10;20;20;20;10;30;20;10;10;10;10;20;0
switch case enum;20;0.0;3;2021-03-11;20;10;20;10;20;20;10;10;10;10;20;10;0
o co pytać na rozmowie kwalifikacyjnej it;20;0.0;4;2021-03-11;20;10;20;10;10;10;10;40;20;20;10;10;0
java rusz głową wydanie iii;20;0.0;4;2021-03-11;20;20;50;50;10;10;10;10;10;20;20;20;1;rusz głową java wydanie iii
java zmienne środowiskowe;20;0.0;3;2021-03-11;30;20;40;20;20;20;10;20;20;30;30;20;2;zmienne środowiskowe java
zmienna środowiskowa java
ionic tutorial;20;0.0;2;2021-03-11;10;20;20;10;30;10;20;20;20;20;10;20;0
java od czego zacząć;20;2.65;3;2021-03-11;10;10;20;10;10;10;20;20;30;30;30;30;0
klasa string;20;0.0;2;2021-03-11;20;10;20;30;20;10;10;10;10;40;30;20;0
java jak zacząć;20;3.0;3;2021-03-11;40;40;40;10;10;10;10;10;10;10;10;10;0
lombok tutorial;20;0.0;2;2021-03-11;10;20;20;10;20;10;20;20;10;20;20;10;0
azure sharepoint;20;3.74;2;2021-03-11;20;20;20;10;20;10;20;10;10;20;10;10;0
java rozmowa kwalifikacyjna;20;0.0;3;2021-03-11;20;20;20;20;30;30;30;10;10;30;30;30;1;rozmowa kwalifikacyjna java
metoda tostring java;20;0.0;3;2021-03-11;50;20;20;20;10;20;10;10;10;20;20;20;0
node js developer zarobki;20;0.0;4;2021-03-11;20;10;10;10;10;10;10;10;10;30;30;20;0
string to string;20;0.0;3;2021-03-11;10;10;20;20;20;20;10;10;10;10;20;20;0
developer programista;20;0.0;2;2021-03-11;20;30;20;20;20;20;10;10;10;10;10;10;1;programista developer
kurs java za darmo;20;4.07;3;2021-03-11;20;20;20;10;20;20;20;10;20;50;20;30;0
jaki język do aplikacji mobilnych;20;1.43;4;2021-03-11;20;30;20;20;10;10;20;30;20;30;20;20;0
jak zacząć przygodę z programowaniem;20;4.22;3;2021-03-11;30;30;20;20;30;10;20;20;10;30;30;20;0
java se runtime environment 9;20;0.0;5;2021-05-15;30;20;20;20;30;20;20;20;20;20;20;20;0
czego się uczyć;20;0.0;2;2021-03-30;30;20;30;20;10;20;10;10;20;20;30;20;0
jak zostać freelancerem programista;20;1.99;3;2021-03-11;20;20;30;10;20;10;10;10;10;20;20;20;0
jakie pytania po angielsku na rozmowie kwalifikacyjnej;20;0.0;7;2021-03-11;30;30;20;10;20;30;20;20;30;30;30;20;1;jakie pytania na rozmowie kwalifikacyjnej po angielsku
tworzenie tablicy java;20;0.0;3;2021-06-22;10;20;30;30;20;10;10;10;20;20;30;30;1;java tworzenie tablicy
rozmowa po angielsku na rozmowie kwalifikacyjnej;20;2.76;6;2021-03-11;10;20;30;30;20;20;20;20;10;10;10;0;0
programowanie backend;20;2.75;2;2021-03-10;20;20;20;20;10;20;20;10;20;20;20;10;0
typowe pytania na rozmowie kwalifikacyjnej po angielsku;20;1.28;7;2021-06-22;20;40;50;30;20;20;20;10;10;10;20;10;1;typowe pytania po angielsku na rozmowie kwalifikacyjnej
java string charat;20;0.0;3;2021-03-11;20;30;30;30;40;20;30;20;10;20;10;10;0
java historia;20;0.0;2;2021-06-22;20;20;30;20;10;20;10;10;20;20;10;20;1;historia do java
junior react developer zarobki;20;0.0;4;2021-03-18;20;10;20;20;20;30;20;20;20;20;10;10;0
obrazki ascii do skopiowania;20;0.0;4;2021-03-11;10;50;10;10;10;10;30;20;10;10;20;20;0
java switch case default;20;0.0;4;2022-12-11;20;20;20;20;30;10;10;10;20;20;20;10;0
java switch case example;20;0.0;4;2021-03-10;30;20;20;20;20;10;10;10;20;20;20;20;0
switch case default java;20;0.0;4;2021-03-11;20;20;20;20;30;10;10;10;20;20;20;10;0
ładne emoji do skopiowania;20;0.0;3;2024-01-05;10;10;10;10;10;10;30;10;50;30;10;30;0
śmieszne znaki do skopiowania;20;0.0;3;2023-08-31;20;30;20;20;20;10;30;20;20;10;10;10;0
rzadkie emotki;20;0.0;2;2024-05-28;30;30;20;30;20;10;20;30;20;20;20;30;0
java runtime 8;20;0.0;2;2023-06-04;30;20;40;20;10;20;20;20;20;10;20;40;0
jakie certyfikaty it warto zrobić;20;1.75;5;2021-03-11;10;10;10;20;20;30;20;10;20;30;10;10;0
jaka jest najnowsza wersja javy;20;0.0;5;2021-03-11;20;30;20;20;30;20;40;30;20;20;20;10;0
ścieżki kariery w it;20;1.95;4;2021-03-25;10;30;20;20;20;30;10;10;20;10;10;10;0
danwood projekty;20;1.21;2;2021-03-11;30;10;10;30;10;20;10;10;10;20;20;20;0
system ósemkowy na dwójkowy;20;0.0;4;2025-04-30;20;20;10;10;30;10;0;0;30;70;50;30;0
jak założyć e doręczenia dla szkoły;20;2.01;6;2025-05-20;40;20;20;20;0;0;10;0;10;10;20;50;0
jak wygrać papier kamień nożyce;20;0.0;5;2025-05-07;10;20;20;20;30;20;30;20;20;20;30;20;0
e doręczenia ile trwa;20;0.0;4;2025-05-20;50;30;110;40;0;0;0;0;0;0;0;0;0
krajowy system e doręczeń;20;1.55;4;2025-02-12;40;10;20;10;10;10;10;10;10;10;20;50;0
while true java;20;0.0;3;2021-03-11;10;20;20;20;20;20;10;10;20;30;30;10;0
biblioteka programowanie;20;0.0;2;2025-04-11;30;10;30;10;20;20;10;20;20;20;20;30;0
java przykładowy kod;20;0.0;3;2021-03-11;90;50;40;40;20;30;20;20;40;70;70;40;0
książka 4 godzinny tydzień pracy;20;0.38;5;2021-03-11;40;10;20;20;30;20;20;30;20;20;30;20;2;4 godzinny tydzień pracy książka
4 godzinny tydzien pracy ksiazka
w czym pisać aplikacje mobilne;20;2.21;5;2021-06-22;50;40;40;20;10;10;20;20;30;20;40;30;0
e doręczenia notariusz;20;0.0;3;2025-05-20;90;20;20;10;0;0;0;0;0;0;0;50;0
documents workflow;20;13.4;2;2025-04-07;20;30;50;20;30;30;30;20;10;20;10;20;0
testowanie jednostkowe;20;0.0;2;2021-03-11;50;10;10;10;10;20;10;30;10;10;10;10;0
p emotikona;20;0.0;2;2022-08-26;10;10;10;10;10;10;10;10;10;0;10;10;0
checkout remote branch;20;0.0;3;2021-03-10;20;30;20;20;20;20;20;10;20;10;10;10;0
typy stringów;20;0.0;2;2021-03-10;30;10;30;20;20;10;20;30;20;20;20;20;0
skrecz minecraft;20;0.0;2;2022-02-08;10;20;10;10;20;20;40;30;20;20;40;50;0
buźki do wydrukowania;20;0.0;3;2022-06-15;30;10;10;20;40;50;50;10;20;10;10;10;0
instrukcja przypisania;20;0.0;2;2021-03-11;10;20;10;10;10;10;10;10;10;30;50;40;0
operacje matematyczne;20;0.0;2;2021-03-11;20;30;10;20;20;40;20;30;40;20;30;20;0
fibonacci giełda;20;0.0;2;2021-03-11;30;20;20;20;30;20;30;10;30;20;20;20;0
intuicyjny interfejs;20;0.0;2;2021-03-11;20;20;10;10;10;20;20;20;10;20;10;20;0
co to jest stack;20;0.0;4;2021-03-10;20;20;20;20;20;20;30;20;30;20;40;20;0
fifo c++;20;0.0;2;2023-10-30;50;20;30;30;30;20;10;10;10;20;30;30;0
środowisko deweloperskie;20;0.0;2;2021-03-11;30;40;40;30;30;20;30;20;20;30;30;30;0
char array to string;20;0.0;4;2021-03-11;40;30;40;40;30;40;30;30;30;30;30;30;0
fajne emotikony;20;0.0;2;2021-03-10;30;20;10;20;20;40;30;20;20;20;30;20;1;emotikony fajne
znaki graficzne do skopiowania;20;0.0;4;2021-03-11;20;20;10;10;10;20;10;30;30;30;20;10;0
tutoriale java;20;0.0;2;2021-03-10;20;10;10;10;10;20;10;30;50;70;40;20;0
umiejętności miękkie lista;20;0.33;3;2021-03-11;20;20;20;40;30;10;10;20;20;20;10;10;0
sudzucker polska sa;20;0.0;3;2021-03-10;10;20;20;20;10;30;20;30;10;40;30;20;0
automatyzacja it;20;13.12;2;2021-06-21;10;10;10;10;10;10;20;20;30;70;40;50;0
download java home;10;0.0;3;2021-06-27;10;10;10;10;10;0;10;10;10;10;10;10;0
how to be a backend developer;10;0.0;6;2021-06-29;0;0;10;10;10;10;0;0;0;0;10;0;0
pierwsza praca rozmowa kwalifikacyjna;10;0.0;4;2021-07-12;10;10;10;10;10;10;10;10;10;10;10;10;0
nauka programowania dla najmłodszych;10;0.0;3;2021-06-23;10;10;10;10;10;10;10;10;10;10;10;10;0
angular ionic vs react native;10;0.0;5;2021-06-28;0;10;0;10;0;0;10;0;0;10;10;10;0
backend programowanie;10;0.51;2;2021-07-22;10;10;10;10;10;10;10;10;10;10;10;10;0
java for ai;10;3.69;3;2021-07-22;10;10;10;20;10;10;10;10;10;10;10;10;0
cv junior;10;0.0;2;2021-07-21;10;10;10;10;10;10;0;10;10;0;10;10;0
pierwsze cv programisty;10;0.0;3;2021-07-21;10;10;10;10;10;10;0;10;10;10;10;10;0
rad for web;10;0.0;3;2021-06-12;0;0;0;0;10;0;0;0;10;0;10;0;0
office 365 workflow app;10;0.0;4;2021-09-02;0;0;0;0;0;10;0;0;0;0;0;0;0
web developer wymagania;10;0.0;3;2021-07-22;10;10;10;10;10;10;10;10;10;20;10;10;0
junior developer co trzeba umieć;10;0.0;3;2021-07-27;10;10;10;10;10;10;10;0
storm java;10;0.0;2;2021-07-24;10;10;10;10;10;10;10;10;10;10;10;10;0
java developer jak zostac;10;0.0;3;2021-07-24;10;10;10;10;10;10;10;0;10;10;10;10;0
lombok java builder example;10;0.0;4;2021-07-24;0;0;0;0;10;0;0;0;0;0;0;0;0
java as a backend;10;0.0;3;2021-07-24;0;0;10;0;0;0;0;10;0;10;0;0;0
back end and front end;10;0.0;5;2021-07-24;10;10;10;10;10;10;10;10;10;10;10;10;0
hostinghouse directadmin;10;0.0;2;2021-07-24;10;10;10;10;10;10;10;10;10;10;10;10;0
front end e back end;10;0.0;5;2021-07-24;0;0;10;0;0;0;10;0;10;0;0;10;0
netbeans java editor;10;0.0;3;2021-07-24;0;0;0;10;0;0;0;0;0;0;0;10;0
requiredargsconstructor lombok;10;0.0;2;2021-07-24;10;10;10;10;10;10;10;10;10;10;10;10;0
requiredargsconstructor lombok example;10;0.0;3;2021-07-24;10;10;0;10;10;10;10;0;10;0;10;0;0
php front end or backend;10;0.0;5;2021-07-24;10;10;10;10;10;10;10;10;10;10;10;10;0
jdk win 10;10;0.0;2;2021-09-02;10;10;10;10;10;10;10;10;10;10;10;10;0
java jre 15;10;0.0;3;2021-07-22;10;10;10;10;10;10;10;10;10;0
lombok java data;10;0.0;3;2021-07-22;10;0;10;0;10;0;10;10;10;10;10;0;0
lombok java builder;10;0.0;3;2021-07-22;10;10;20;10;10;10;10;10;10;10;10;10;0
lombok java jar;10;0.0;3;2021-07-22;0;10;0;0;0;0;0;0;0;0;0;0;0
lombok java getter setter;10;0.0;4;2021-07-22;10;0;10;0;0;0;10;0;10;0;0;10;0
lombok java tostring;10;0.0;3;2021-07-22;0;0;0;0;0;0;0;0;0;10;0;10;0
java lombok getter setter example;10;0.0;5;2021-07-22;10;10;0;0;0;0;0;0;0;0;0;0;0
web designer desk;10;0.0;3;2021-07-24;0;0;10;0;0;0;0;0;0;10;0;0;0
programista na rozmowie kwalifikacyjnej;10;0.0;3;2021-07-21;10;20;20;10;10;20;10;10;10;10;20;20;0
react js android;10;0.0;3;2021-06-20;10;10;10;10;10;10;10;10;10;10;10;10;0
office process automation;10;0.0;3;2021-06-21;0;0;0;0;0;10;10;10;0;0;10;0;0
java testy integracyjne;10;0.0;3;2021-07-24;20;10;10;10;20;10;10;10;10;20;20;10;0
workflow vs business process management;10;0.0;5;2022-02-08;0;0;0;0;0;10;0;0;0;0;0;0;0
business process management platform;10;0.0;4;2022-02-08;10;10;10;10;10;0
business process management digital transformation;10;0.0;5;2022-02-08;0;0;0;0;0;0;0;10;0;10;10;0;0
business process management models;10;0.0;4;2022-02-08;10;10;10;10;10;0;0;0;0;10;10;10;0
bpm solutions gartner;10;0.0;3;2022-02-08;0;10;0;0;10;0;0;0;10;0;0;0;0
list of low code platforms;10;0.0;5;2022-02-08;10;0;10;10;0;0;0;10;10;10;0;10;0
business process management features;10;0.0;4;2022-02-08;10;0
bpm tools gartner;10;0.0;3;2022-02-08;10;10;10;10;10;10;10;0
protobuf c++ example;10;0.0;3;2022-02-08;10;0;10;10;10;10;10;10;10;10;10;10;0
java oracle com jdk;10;0.0;4;2022-02-08;10;10;10;10;10;0
content management workflow;10;0.0;3;2022-02-08;10;0;10;0;0;10;0;0;0;0;0;0;0
document control system software;10;0.0;4;2022-02-08;0;10;0;0;0;10;0;0;10;0;10;0;0
business process management definition gartner;10;0.0;5;2022-02-08;0;0;0;0;0;0;0;0;0;10;0;0;0
java se jre 7 download;10;0.0;4;2022-02-08;0;10;10;0;0;0;0;0;0;0;0;0;0
business workflow automation;10;0.0;3;2022-02-08;10;10;10;0;0;0;0;0;10;10;0;10;0
bpm workflow software;10;0.0;3;2022-02-08;0;10;0;0;0;0;0;0;0;0;0;0;0
środowiska java;10;0.0;2;2022-02-08;10;10;10;10;10;10;10;10;10;20;10;10;0
business process management engine;10;0.0;4;2022-02-08;10;10;10;0
business process management companies;10;0.0;4;2022-02-08;10;10;10;0
document management software with workflow;10;0.0;5;2022-02-08;10;10;10;10;10;10;10;10;10;10;0
webcon consulting india ltd;10;0.0;4;2022-02-08;0;0;0;0;0;0;0;0;10;0;0;0;0
web con com;10;0.0;3;2022-02-08;10;10;10;10;10;10;10;10;10;10;10;10;0
o co pytać na rozmowie kwalifikacyjnej programista;10;0.0;4;2022-02-08;10;10;10;10;10;0;0;10;10;10;10;10;0
junior it cv;10;0.0;3;2022-02-08;10;10;10;10;10;10;10;10;10;10;10;10;0
podcasty o it;10;0.0;3;2021-09-02;20;10;10;20;20;10;10;10;10;10;20;10;0
business process management is;10;0.0;4;2022-02-08;10;20;10;20;10;10;10;10;10;10;10;10;0
workflow k2;10;0.0;2;2021-09-02;10;10;10;10;10;10;10;10;10;10;10;10;0
was ist ein workflow management system;10;0.0;6;2021-09-02;0;0;0;0;0;0;0;0;0;0;0;10;0
google protobuf c;10;0.0;3;2021-07-23;0;10;0;0;10;0;0;0;0;0;0;10;0
backend facebook;10;0.0;2;2021-07-22;10;20;20;10;20;10;10;10;10;20;10;10;0
backend aplikacji;10;0.0;2;2021-07-22;20;10;20;10;10;10;20;10;20;10;10;10;0
protocol buffers php;10;0.0;3;2021-07-22;10;0;0;10;10;0;0;10;0;10;10;10;0
java if case;10;0.0;3;2021-07-22;10;10;10;10;10;10;0;10;10;10;10;0;0
java 64 jdk;10;0.0;3;2021-07-22;10;10;10;10;10;10;10;0;10;10;10;10;0
developer java junior;10;0.0;3;2021-07-22;10;10;10;10;10;10;10;0
java jre jdk;10;0.0;3;2021-07-22;10;10;10;20;10;20;10;10;10;20;20;10;0
aspectj java;10;0.0;2;2021-07-24;10;10;10;10;10;10;10;10;10;10;10;10;0
java as operator;10;0.0;3;2021-07-24;10;0;10;10;10;0;0;0;10;0;10;0;0
java 8 update 54;10;0.0;4;2021-07-24;0;10;0;0;0;10;0;0;0;10;0;0;0
ide java 2020;10;0.0;3;2021-07-24;0;0;10;0;0;0;10;10;10;10;10;0;0
java 15 jdk;10;0.0;3;2021-07-24;10;10;10;10;10;10;10;10;10;10;10;0
system nanoseconds java;10;0.0;3;2021-07-24;0;0;0;0;10;0;0;0;0;0;0;10;0
java 32 jdk;10;0.0;3;2021-07-24;10;10;10;10;10;10;10;10;10;10;10;0;0
java 7 switch case;10;0.0;4;2021-07-24;0;0;0;10;0;0;10;0;0;0;0;0;0
java 8 case;10;0.0;3;2021-07-24;10;10;0;0;10;0;10;10;10;10;0;0;0
netbeans react;10;0.0;2;2021-07-24;10;10;10;10;10;10;10;10;10;10;10;10;0
netbeans 2020;10;0.0;2;2021-07-24;10;10;0;10;10;0;10;10;10;10;10;10;0
java co znaczy;10;0.0;3;2021-07-24;10;10;20;10;10;10;10;10;10;10;10;10;0
co robi java;10;0.0;2;2021-07-24;10;10;20;10;10;10;10;10;10;10;10;10;0
java 2 c;10;0.0;3;2021-07-24;10;0;0;0;0;0;0;0;0;0;0;10;0
java virtual machine jdk;10;0.0;4;2021-07-24;0;0;0;0;0;0;10;0;0;0;0;0;0
java in machine learning;10;0.0;4;2021-07-24;0;10;10;10;10;0;10;10;0;0;10;10;0
sun java netbeans download;10;0.0;4;2021-07-24;0;0;0;0;0;0;0;0;0;10;0;0;0
rapid application development platform;10;0.0;4;2022-02-08;10;0;10;0;0;10;10;0;10;0;10;10;0
business process management workflow automation;10;0.0;5;2022-02-08;0;0;0;0;0;0;0;0;10;10;0;0;0
web designer home office;10;0.0;4;2022-02-08;0;0;0;10;0;0;0;0;0;10;0;0;0
lombok to builder;10;0.0;2;2022-02-08;10;0;10;0;0;0;10;0;0;0;10;0;0
business process management benefits;10;0.0;4;2022-02-08;10;10;10;10;10;10;10;10;10;0
how to automate your business processes;10;0.0;5;2022-02-08;0;0;0;0;0;0;0;10;0;0;0;0;0
business process management gartner;10;0.0;4;2022-02-08;10;10;10;10;10;10;10;10;0
what is rapid application development;10;0.0;5;2022-02-08;0;10;0;10;10;10;10;0;0;10;0;10;0
business process management information systems;10;0.0;5;2022-02-08;0;0;0;0;0;0;0;0;0;10;0;0;0
bpm low code;10;0.0;3;2022-02-08;10;0;0;0;0;0;0;0;10;10;10;10;0
invoice workflow;10;0.0;2;2022-02-08;10;10;10;10;10;10;10;0;10;10;10;10;0
bpa process;10;0.0;2;2022-02-08;0;10;10;10;10;10;10;10;10;0;0;10;0
darmowy ssl home pl;10;0.0;3;2022-02-08;20;10;10;10;10;10;10;10;10;10;10;10;0
backend or back end developer;10;0.0;5;2022-02-08;10;10;10;10;0;0;10;0;0;0;10;0;0
automation in food and beverage industry;10;0.0;6;2022-02-08;0;0;10;0;0;0;0;0;0;0;0;0;0
workflow and business process management;10;0.0;5;2022-02-08;0;0;0;0;0;0;0;0;0;0;10;0;0
bpm kontakt;10;0.0;2;2022-02-08;10;10;10;10;10;10;10;10;10;10;10;0
process management tools;10;14.81;3;2022-02-08;10;10;50;20;10;10;10;10;10;10;10;10;0
business process automation system;10;0.0;4;2022-02-08;10;0;10;10;0;0;0;0;0;0;10;0;0
business process automation benefits;10;0.0;4;2022-02-08;10;10;10;10;10;10;10;10;0
electronic workflow management system;10;0.0;4;2022-02-08;0;0;0;0;0;10;0;0;10;0;10;0;0
cloud based document management systems;10;0.0;5;2022-02-08;10;0;0;0;0;10;10;0;0;0;10;0;0
business operations management software;10;0.0;4;2022-02-08;0;0;0;0;0;0;0;10;0;0;0;0;0
git pull stash;10;0.0;3;2022-02-08;10;10;10;10;10;10;10;10;10;10;10;10;0
business process bpm;10;0.0;3;2022-02-08;0;0;0;10;0;0;10;0;0;0;0;0;0
manufacturing process management;10;0.0;3;2022-02-08;10;10;10;0;10;10;10;10;10;0;10;10;0
bpm business process modeling;10;0.0;4;2022-02-08;10;10;10;10;0;10;10;10;10;10;10;10;0
what is a business process management system;10;0.0;6;2022-02-08;0;0;0;0;0;10;0;10;0;0;0;0;0
business process management tools gartner;10;0.0;5;2022-02-08;0;10;0;0;0;10;0;0;0;10;0;0;0
business process management model;10;0.0;4;2022-02-08;10;10;10;10;10;10;10;10;0
workflow and document management software;10;0.0;5;2022-02-08;0;0;0;0;10;0;0;0;0;0;0;0;0
nintex trial;10;0.0;2;2022-02-08;0;0;10;0;0;0;0;0;0;0;10;0;0
git fetch vs pull vs sync;10;0.0;6;2022-02-08;10;0;0;0;0;0;0;0;0;10;0;0;0
git create tracking branch;10;0.0;4;2022-02-08;10;10;0;10;10;10;10;10;10;0;0;10;0
git create a tag;10;0.0;3;2022-02-08;10;10;10;10;10;10;10;10;10;20;10;10;0
git create and push new branch;10;0.0;6;2022-02-08;10;10;10;10;10;10;10;10;10;10;10;10;0
git create tag from master;10;0.0;5;2022-02-08;10;10;0;10;10;10;10;10;0;10;0;0;0
git create copy of branch;10;0.0;5;2022-02-08;0;0;0;0;0;0;0;0;0;0;10;10;0
git create tag and push to remote;10;0.0;6;2022-02-08;10;10;10;10;10;10;10;10;10;10;10;10;0
git create origin branch;10;0.0;4;2022-02-08;10;10;10;10;10;0;10;10;10;0;10;10;0
git create hotfix branch;10;0.0;4;2022-02-08;10;10;10;10;10;10;10;10;10;0
low code process automation;10;0.0;4;2022-02-08;0;10;0;10;10;10;0;0;0;10;0;0;0
commit push;10;0.0;2;2022-02-08;20;10;10;10;10;10;10;10;10;10;10;10;0
commit rebase;10;0.0;2;2022-02-08;10;10;0;10;10;10;10;10;10;10;10;10;0
commit github desktop;10;0.0;3;2022-02-08;0;0;10;0;0;0;0;0;0;0;10;10;0
commit with tag;10;0.0;3;2022-02-08;10;10;10;10;10;10;10;10;10;10;10;10;0
git create and push tag;10;0.0;5;2022-02-08;10;10;10;10;10;10;10;10;10;10;10;10;0
git create tag from branch;10;0.0;5;2022-02-08;10;10;10;10;10;10;10;10;10;10;20;10;0
git create commit;10;0.0;3;2022-02-08;10;10;10;10;10;10;10;10;10;10;10;10;0
kamienie z papieru;10;0.0;2;2022-02-08;0;0;20;10;10;10;10;10;10;20;10;20;0
git tutorial remote;10;0.0;3;2022-02-08;10;10;10;10;10;10;10;10;10;10;10;10;0
git tutorial merge;10;0.0;3;2022-02-08;10;10;10;10;20;10;10;10;10;10;10;10;0
git tutorial push;10;0.0;3;2022-02-08;10;10;10;10;10;10;10;10;10;10;10;10;0
git tutorial checkout;10;0.0;3;2022-02-08;10;10;10;10;0;0;0;10;0;10;0;0;0
git init and push;10;0.0;4;2022-02-08;10;0;10;10;10;10;10;10;10;10;10;10;0
git init push;10;0.0;3;2022-02-08;10;10;10;10;10;10;10;10;10;10;10;10;0
git init repo and push to remote;10;0.0;6;2022-02-08;10;10;10;10;10;10;10;10;0;10;10;10;0
git init tutorial;10;0.0;3;2022-02-08;10;10;10;0;10;10;10;10;10;0;10;10;0
koncern lpp;10;0.0;2;2022-03-21;10;20;10;10;10;10;10;10;20;10;10;10;0
nauka java od podstaw;10;4.5;4;2022-08-01;10;20;10;10;0;10;10;10;10;20;20;10;0
java lekcje;10;0.0;2;2022-03-21;0;10;10;10;10;0;10;10;10;10;10;10;0
git checkout master to new branch;10;0.0;5;2022-03-28;0;10;0;0;0;0;0;0;0;0;10;0;0
charat in kotlin;10;0.0;3;2022-03-23;0;0;0;10;0;10;0;0;0;10;0;0;0
workflow creation software;10;0.0;3;2022-03-21;0;0;0;0;0;0;0;0;0;0;10;0;0
workflow software microsoft office;10;0.0;4;2022-03-21;0;0;0;0;0;0;0;0;0;10;0;0;0
workflow process software;10;0.0;3;2022-03-21;0;10;0;10;10;0;0;10;10;10;0;0;0
workflow document software;10;15.59;3;2022-03-21;10;10;10;10;10;10;10;10;10;10;10;10;0
jak rozpocząć naukę programowania;10;3.31;3;2022-03-21;10;20;20;10;10;10;10;20;10;20;20;10;0
jaki jezyk programowania na poczatek;10;1.32;4;2022-03-21;20;10;20;10;10;10;10;10;20;20;20;10;0
najważniejsze języki programowania;10;1.77;3;2022-03-21;10;10;10;10;10;10;10;10;20;20;10;20;0
jaki jezyk programowania ma przyszlosc;10;0.0;4;2022-03-21;10;10;0;10;10;0;0;10;0;10;10;10;0
języki programowania aplikacji internetowych;10;0.0;4;2022-03-21;10;10;10;10;10;10;10;10;10;10;10;0
języki programowania 2016;10;0.0;3;2022-03-21;0;10;0;10;0;0;0;0;0;10;0;0;0
w czym programowac;10;0.0;2;2022-03-21;20;10;10;10;10;10;10;20;10;10;20;10;0
zalety programowania;10;0.0;2;2022-03-21;10;10;10;20;20;10;0;10;10;10;30;10;0
programista kompetencje;10;1.24;2;2022-03-21;10;10;10;10;10;10;10;10;50;10;20;10;0
pierwszy projekt java;10;0.0;3;2022-03-21;20;10;10;10;10;10;10;10;10;10;10;10;0
java kursu udemy;10;0.0;3;2022-03-21;10;0;0;0;0;0;10;0;0;10;0;0;0
problemy programistyczne;10;0.0;2;2022-03-21;10;10;10;10;10;10;10;10;10;20;10;20;0
zapotrzebowanie na języki programowania;10;0.0;3;2022-03-21;10;10;10;10;10;10;10;10;10;10;20;10;0
jak uczyc sie programowac;10;3.69;3;2022-03-21;10;10;10;10;10;10;10;10;10;10;10;10;0
czy mozna nauczyc sie programowac;10;0.0;4;2022-03-21;10;10;10;10;10;10;10;10;0;0;10;10;0
czy kazdy moze programowac;10;0.0;3;2022-03-21;10;10;10;10;10;10;10;10;10;10;10;10;0
umiejętności programistyczne;10;1.32;2;2022-03-21;20;10;10;10;10;10;20;10;10;10;10;10;0
merge conflict git pull;10;0.0;4;2022-02-08;0;0;0;0;10;0;0;10;0;10;0;0;0
office 365 sharepoint workflows;10;0.0;4;2022-02-08;10;0;10;10;0;10;10;0;0;10;10;10;0
github desktop rebase;10;0.0;3;2022-02-08;10;10;10;10;10;10;10;10;10;10;10;10;0
git remote add origin ssh;10;0.0;5;2022-02-08;10;10;10;10;20;10;10;10;10;10;10;10;0
git remote branch rename;10;0.0;4;2022-02-08;10;10;10;10;10;10;10;10;10;0;0;0;0
digital business process automation;10;0.0;4;2022-02-08;0;10;0;0;0;0;0;0;0;10;0;0;0
git log reverse;10;0.0;3;2022-02-08;20;10;10;10;10;10;10;10;10;10;10;10;0
git push branch with tags;10;0.0;5;2022-02-08;10;10;10;10;0;10;10;10;0;10;10;0;0
git push branch local to remote;10;0.0;5;2022-02-08;0;0;0;0;0;0;0;10;0;0;0;0;0
git push branch github;10;0.0;4;2022-02-08;10;10;10;10;10;10;10;10;10;0;0;10;0
git push branch as master;10;0.0;5;2022-02-08;10;10;10;10;10;0;0;10;0;0;0;10;0
git push branch master;10;0.0;4;2022-02-08;10;10;20;20;10;20;20;10;10;10;10;10;0
git push my branch;10;0.0;4;2022-02-08;0;0;10;0;0;0;0;0;10;0;10;0;0
git push branch on remote;10;0.0;4;2022-02-08;0;0;0;0;0;0;10;0;0;0;0;0;0
git push my branch to remote;10;0.0;5;2022-02-08;0;10;10;10;10;0;0;0;10;10;10;10;0
git push branch branch;10;0.0;4;2022-02-08;0;10;10;0;10;10;10;0;0;10;10;0;0
git merge 1 commit;10;0.0;3;2022-02-08;0;0;10;0;0;10;10;0;0;0;0;0;0
git merge with delete branch;10;0.0;5;2022-02-08;10;10;10;10;10;0;10;10;10;10;10;10;0
git merge m;10;0.0;3;2022-02-08;0;0;0;0;0;0;0;0;0;0;10;10;0
git merge push;10;0.0;3;2022-02-08;10;10;10;10;10;0;10;10;10;10;10;10;0
git merge git push;10;0.0;4;2022-02-08;10;0;10;10;10;10;10;0;0;10;10;10;0
git merge branch to develop;10;0.0;4;2022-02-08;10;20;10;10;10;10;10;10;10;10;10;10;0
what is git merge master;10;0.0;5;2022-02-08;0;0;0;0;10;0;0;0;0;0;0;0;0
git merge branch to main;10;0.0;4;2022-02-08;20;20;20;10;20;10;10;10;10;20;10;20;0
das erp system;10;0.0;3;2022-02-08;0;10;0;0;0;0;0;0;0;0;0;0;0
git historia;10;0.0;2;2022-02-08;10;10;10;10;10;10;10;10;10;10;10;10;0
git revert options;10;0.0;3;2022-02-08;10;10;10;10;10;10;10;10;10;10;10;10;0
git revert hard reset;10;0.0;4;2022-02-08;10;10;10;10;10;10;10;10;10;10;10;10;0
git revert git push;10;0.0;4;2022-02-08;0;0;10;0;0;10;10;0;10;0;10;10;0
git revert last push;10;0.0;4;2022-02-08;10;10;10;10;10;10;10;10;10;10;10;10;0
git commit revert after push;10;0.0;5;2022-02-08;0;10;0;10;0;10;10;10;0;0;10;0;0
git revert origin;10;0.0;3;2022-02-08;10;10;10;10;10;10;10;0;10;0;10;10;0
git revert commit message;10;0.0;4;2022-02-08;10;10;10;10;10;10;10;10;10;10;10;0
git revert head 2;10;0.0;3;2022-02-08;10;10;10;0;10;10;10;10;10;0;0;10;0
git revert merge after push;10;0.0;5;2022-02-08;10;10;10;10;10;10;10;10;10;10;10;0
git revert with commit;10;0.0;4;2022-02-08;0;0;10;0;0;0;0;0;10;0;0;0;0
git revert diff;10;0.0;3;2022-02-08;0;0;0;0;0;0;0;0;0;0;0;10;0
git revert part of commit;10;0.0;5;2022-02-08;10;10;10;0;10;10;10;10;10;10;10;10;0
git revert help;10;0.0;3;2022-02-08;10;10;10;10;10;10;10;0;10;10;10;10;0
git revert to merge commit;10;0.0;4;2022-02-08;10;10;10;10;10;10;10;0;10;10;10;10;0
what is git revert;10;0.0;4;2022-02-08;10;10;10;0;10;10;0;10;10;10;10;10;0
git revert mainline;10;0.0;3;2022-02-08;0;0;0;0;0;0;0;0;0;10;10;10;0
git revert 1;10;0.0;2;2022-02-08;10;10;10;10;10;10;10;10;10;10;10;10;0
git revert last merge commit;10;0.0;5;2022-02-08;10;10;10;10;10;10;10;10;10;10;10;10;0
git revert reset hard;10;0.0;4;2022-02-08;10;20;20;10;10;10;10;20;20;10;10;20;0
git revert hard;10;0.0;3;2022-02-08;10;10;10;10;10;10;10;10;10;10;10;10;0
git revert no edit;10;0.0;3;2022-02-08;10;10;10;10;10;10;10;10;10;10;10;10;0
git revert with message;10;0.0;4;2022-02-08;10;10;10;10;10;10;10;10;0;10;10;10;0
git join branch to master;10;0.0;4;2022-02-08;0;0;0;0;0;0;0;10;0;0;0;0;0
cs net praca opinie;10;0.0;4;2022-02-08;10;10;10;0
git log show tags;10;0.0;4;2022-02-08;0;0;0;0;0;0;0;0;10;10;10;10;0
automation of manufacturing process;10;0.0;4;2022-02-08;10;10;10;10;10;10;0;10;10;10;0;10;0
git desktop stash;10;0.0;3;2022-02-08;10;10;10;10;10;10;10;10;10;10;10;10;0
github desktop git;10;0.0;3;2022-02-08;0;0;0;0;10;10;10;10;0;10;10;0;0
git and github desktop;10;0.0;4;2022-02-08;0;0;10;0;0;0;0;0;10;0;0;0;0
git desktop linux download;10;0.0;4;2022-02-08;0;10;10;10;10;10;10;10;10;10;10;10;0
git remote branch merge;10;0.0;4;2022-02-08;0;0;0;0;0;0;0;0;0;10;0;0;0
git remote merge;10;0.0;3;2022-02-08;10;10;10;10;10;10;10;0;10;10;10;0;0
git log with tags;10;0.0;4;2022-02-08;10;10;10;10;10;10;10;0;10;10;10;10;0
git log tags;10;0.0;3;2022-02-08;10;10;20;20;10;10;20;10;10;20;10;10;0
git flow linux;10;0.0;3;2022-02-08;10;10;10;10;10;10;10;10;10;0;0;10;0
git flow windows install;10;0.0;4;2022-02-08;10;0;10;0;10;0;10;0;0;0;0;0;0
git flow hotfix tag;10;0.0;4;2022-02-08;0;10;10;0;0;10;0;0;0;0;10;10;0
git flow feature rebase;10;0.0;4;2022-02-08;10;0;10;0;10;10;10;10;0;10;10;0;0
git flow avh;10;0.0;3;2022-02-08;10;10;10;10;10;10;20;10;10;10;10;10;0
git flow feature;10;0.0;3;2022-02-08;10;10;20;10;10;10;10;10;10;10;10;10;0
github desktop online;10;0.0;3;2022-02-08;0;0;0;0;0;0;0;10;0;10;10;0;0
git remote commit;10;0.0;3;2022-02-08;10;10;10;10;10;10;10;10;0;0;0;10;0
git remote what is;10;0.0;4;2022-02-08;10;0;0;0;10;10;10;0;0;10;10;10;0
git ssh or https;10;0.0;4;2022-02-08;10;10;10;10;0;10;10;10;10;10;10;10;0
git ssh branch;10;0.0;3;2022-02-08;0;10;10;10;10;0;10;0;10;10;0;0;0
git ssh to https;10;0.0;3;2022-02-08;10;10;10;10;10;0;0;10;10;10;0;10;0
what is git ssh;10;0.0;4;2022-02-08;0;0;0;0;0;0;0;0;10;0;0;0;0
git ssh remote;10;0.0;3;2022-02-08;20;20;10;30;10;10;10;10;10;10;10;10;0
windows git ssh config;10;0.0;4;2022-02-08;10;10;10;10;10;10;10;10;10;10;10;10;0
git ssh push;10;0.0;3;2022-02-08;10;10;10;10;0;10;10;10;10;10;10;10;0
git ssh on windows;10;0.0;3;2022-02-08;10;10;10;10;10;10;10;0;10;10;10;10;0
git linux ubuntu;10;0.0;3;2022-02-08;0;10;10;10;0;0;0;10;0;0;10;0;0
git bash linux ubuntu;10;0.0;4;2022-02-08;0;0;0;0;0;0;0;0;0;10;0;0;0
git bash linux install;10;0.0;4;2022-02-08;10;0;10;10;0;0;0;10;10;10;10;10;0
git branches and tags;10;0.0;4;2022-02-08;0;0;10;0;0;0;0;0;10;10;10;0;0
git d branch;10;0.0;3;2022-02-08;0;10;0;0;0;0;10;0;0;0;0;10;0
git branch with checkout;10;0.0;4;2022-02-08;10;10;10;10;10;10;10;10;10;10;10;10;0
git branch r;10;0.0;3;2022-02-08;0;0;0;0;0;0;0;0;10;10;10;10;0
git branch m main;10;0.0;4;2022-02-08;0;0;0;10;10;0;10;10;10;10;10;10;0
git and branches;10;0.0;3;2022-02-08;10;0;0;0;0;10;10;0;0;0;0;0;0
git branch origin;10;0.0;3;2022-02-08;10;10;20;10;10;10;10;10;20;10;20;10;0
git co branch from remote;10;0.0;4;2022-02-08;0;10;0;10;0;0;0;0;0;0;0;0;0
git branch behind master;10;0.0;4;2022-02-08;10;10;10;10;0;10;10;10;10;0;10;0;0
delete a git branch;10;0.0;3;2022-02-08;10;0;10;10;0;10;10;0;10;0;10;0;0
git branch with tag;10;0.0;4;2022-02-08;0;10;0;0;0;0;0;10;10;10;0;10;0
git branch b;10;0.0;3;2022-02-08;10;20;20;10;10;20;10;10;10;20;20;20;0
git flow config;10;0.0;3;2022-02-08;10;10;10;10;10;10;10;10;0;10;10;10;0
git flow release tag;10;0.0;4;2022-02-08;0;0;0;0;0;0;0;0;0;0;10;10;0
git flow publish;10;0.0;3;2022-02-08;10;10;10;10;10;10;10;10;10;10;10;10;0
git flow on windows;10;0.0;3;2022-02-08;0;10;10;0;10;0;0;0;0;0;10;10;0
git rebase pushed commits;10;0.0;4;2022-02-08;10;10;10;10;10;10;10;10;0;10;10;10;0
git rebase hard;10;0.0;3;2022-02-08;20;10;10;10;10;10;10;10;10;10;10;10;0
git rebase and push;10;0.0;4;2022-02-08;10;10;10;10;10;10;10;10;10;10;10;10;0
git diff untracked;10;0.0;3;2022-02-08;0;0;0;0;0;0;0;0;0;0;0;10;0
git stage diff;10;0.0;3;2022-02-08;0;0;0;0;0;0;0;0;0;0;10;10;0
live webinar logowanie;10;0.0;3;2022-02-08;30;20;20;20;10;10;10;10;10;10;10;10;0
git add list;10;0.0;3;2022-02-08;0;0;0;0;0;0;0;0;0;10;10;10;0
git add new tag;10;0.0;4;2022-02-08;10;10;10;10;10;10;0;10;10;10;10;10;0
git add m;10;0.0;3;2022-02-08;0;10;10;0;0;10;0;10;10;10;0;0;0
git add commit to branch;10;0.0;4;2022-02-08;10;10;10;10;10;10;10;10;10;10;10;10;0
git revert stash;10;0.0;3;2022-02-08;10;10;10;10;10;10;10;10;10;10;10;10;0
git revert m 1;10;0.0;3;2022-02-08;0;0;0;0;0;0;0;0;10;10;0;0;0
git revert pushed merge;10;0.0;4;2022-02-08;10;10;10;10;10;10;10;10;10;10;10;10;0
git revert to;10;0.0;2;2022-02-08;0;10;10;10;10;10;10;10;10;10;10;0;0
git revert of revert;10;0.0;4;2022-02-08;0;0;0;0;0;0;0;0;0;10;10;10;0
git revert git pull;10;0.0;4;2022-02-08;0;10;10;10;10;10;10;10;10;10;10;10;0
git revert hash;10;0.0;3;2022-02-08;0;0;0;0;0;0;0;0;0;0;0;10;0
git revert without commit;10;0.0;4;2022-02-08;20;20;10;10;10;10;10;20;10;10;20;10;0
git revert origin commit;10;0.0;4;2022-02-08;10;10;10;10;10;0;10;0;10;10;10;10;0
git commit with add;10;0.0;4;2022-02-08;10;10;10;10;10;10;10;10;10;10;10;10;0
git commit merge;10;0.0;3;2022-02-08;10;10;10;20;10;10;10;10;10;10;10;10;0
checkout git commit;10;0.0;3;2022-02-08;10;10;0;10;0;0;0;0;0;10;10;10;0
git commit revert last commit;10;0.0;5;2022-02-08;10;10;10;10;10;10;10;10;10;10;10;10;0
git commit pull;10;0.0;3;2022-02-08;0;10;0;0;10;10;0;10;10;0;10;10;0
git commit m vs am;10;0.0;5;2022-02-08;0;0;0;0;0;0;0;0;10;0;0;10;0
git checkout commit as branch;10;0.0;5;2022-02-08;0;0;10;10;0;0;10;10;10;10;0;10;0
git commit status;10;0.0;3;2022-02-08;10;10;10;10;10;10;10;10;10;10;10;10;0
git commit user;10;0.0;3;2022-02-08;10;10;10;10;10;10;10;10;10;10;10;10;0
git commit hard reset;10;0.0;4;2022-02-08;0;0;0;0;0;0;10;10;10;0;0;10;0
git commit pull request;10;0.0;4;2022-02-08;10;10;10;10;10;10;10;10;0;10;10;10;0
git m commit;10;0.0;3;2022-02-08;0;0;0;0;0;0;0;0;0;0;10;0;0
git commit before pull;10;0.0;4;2022-02-08;0;0;10;10;0;0;10;10;0;0;0;10;0
sharepoint 16;10;0.0;2;2022-02-08;10;10;0;0;0;0;0;0;0;0;0;0;0
sharepoint benefits;10;0.0;2;2022-02-08;10;10;10;10;0;10;10;0;0;10;10;0;0
git diff include untracked;10;0.0;4;2022-02-08;0;0;0;0;0;0;0;0;10;10;10;10;0
git diff changes to be committed;10;0.0;5;2022-02-08;10;10;10;10;10;10;0;10;10;10;10;10;0
git diff untracked files;10;0.0;4;2022-02-08;0;0;0;0;0;0;0;0;0;0;0;10;0
live coding java;10;0.0;3;2022-02-08;10;10;10;10;10;10;10;10;10;10;10;10;0
git amend to pushed commit;10;0.0;4;2022-02-08;0;10;10;10;10;10;0;10;10;10;10;10;0
git amend to commit;10;0.0;3;2022-02-08;10;10;10;10;0;10;0;10;10;10;10;10;0
git amend add file;10;0.0;4;2022-02-08;0;0;0;0;0;0;0;0;10;10;10;10;0
git amend on pushed commit;10;0.0;4;2022-02-08;0;10;10;0;10;10;10;10;0;0;10;10;0
what is git amend;10;0.0;4;2022-02-08;10;10;10;10;10;10;10;10;10;10;10;10;0
git amend a commit;10;0.0;3;2022-02-08;0;0;0;10;0;10;0;0;0;0;0;0;0
git amend last 2 commits;10;0.0;4;2022-02-08;10;10;10;10;10;0;0;0;10;10;10;10;0
git status remote origin;10;0.0;4;2022-02-08;0;10;10;10;10;0;0;0;0;0;0;0;0
git status nothing to commit;10;0.0;4;2022-02-08;0;0;0;0;0;0;0;0;10;10;0;10;0
git status remote;10;0.0;3;2022-02-08;10;10;10;10;20;10;10;10;10;10;10;10;0
git status deleted;10;0.0;3;2022-02-08;10;10;10;10;10;10;10;10;10;10;10;10;0
git status changes not staged for commit;10;0.0;7;2022-02-08;0;0;0;0;0;0;0;0;0;10;0;0;0
git status both modified;10;0.0;4;2022-02-08;10;0;0;0;10;10;10;0;0;10;10;0;0
git status reset;10;0.0;3;2022-02-08;0;0;0;0;0;0;10;10;10;10;10;10;0
git status git add;10;0.0;4;2022-02-08;10;0;0;10;0;0;10;0;10;10;0;10;0
git status diff;10;0.0;3;2022-02-08;0;0;0;0;0;0;0;0;0;10;10;10;0
git stage push;10;0.0;3;2022-02-08;0;0;0;0;0;0;0;10;0;0;0;0;0
git stage and commit;10;0.0;4;2022-02-08;10;10;10;10;0;10;10;10;0;10;10;10;0
git add e;10;0.0;3;2022-02-08;0;0;0;0;0;0;0;0;10;0;0;10;0
git commit amend file;10;0.0;4;2022-02-08;0;10;10;10;0;10;10;0;0;0;0;0;0
git merge amend;10;0.0;3;2022-02-08;10;10;10;10;0;0;10;10;10;10;10;10;0
git amend commit files;10;0.0;4;2022-02-08;0;0;0;10;0;0;0;0;10;0;10;0;0
git amend push;10;0.0;3;2022-02-08;10;10;10;10;10;10;10;10;0;10;10;10;0
git commit amend hash;10;0.0;4;2022-02-08;10;10;10;10;0;0;10;0;0;10;10;0;0
git amend tutorial;10;0.0;3;2022-02-08;0;0;0;10;10;0;10;0;0;0;0;0;0
git commit amend after push;10;0.0;5;2022-02-08;10;10;10;10;0;10;10;10;10;10;10;10;0
platform or application;10;0.0;3;2022-02-08;10;0;0;0;0;0;0;0;0;0;0;0;0
platform application;10;0.0;2;2022-02-08;10;10;10;10;10;10;10;10;10;10;10;10;0
crm webinar;10;0.0;2;2022-02-08;10;10;10;10;0;0;0;0;10;10;0;0;0
git steps to push;10;0.0;3;2022-02-08;0;10;0;0;0;10;0;10;0;10;0;10;0
git help tutorial;10;0.0;3;2022-02-08;10;0;10;10;10;10;10;0;0;10;10;10;0
git pierwsze kroki;10;0.0;3;2022-02-08;10;10;10;10;10;10;10;10;10;10;10;10;0
ai program in java;10;0.0;4;2022-04-14;10;10;10;10;10;10;10;0;0;10;10;10;0
it and business process management;10;0.0;5;2022-04-07;0;0;0;0;10;0;0;0;0;0;0;0;0
public key git;10;0.0;3;2022-04-05;10;10;0;10;10;10;10;10;10;10;0;10;0
flow github;10;0.0;2;2022-03-30;10;10;10;10;10;10;10;10;10;10;10;10;0
information technology business process;10;0.0;4;2022-03-31;0;0;0;0;0;10;0;0;0;0;0;0;0
push pull git;10;0.0;3;2022-03-30;10;10;10;10;10;20;10;10;10;10;10;10;0
push pull commit;10;0.0;3;2022-03-30;10;0;0;0;0;0;10;10;0;0;10;10;0
jak zainstalować java 16;10;0.0;3;2022-04-18;20;10;10;0;0;0;0;0;20;50;30;10;0
software for company management;10;20.06;4;2022-03-28;10;10;10;10;10;10;10;10;10;10;10;10;0
business process management modeling;10;0.0;4;2022-03-25;0;0;0;0;0;0;10;0;10;10;0;0;0
software for business process modeling;10;34.07;5;2022-03-25;10;10;10;10;10;10;10;10;10;10;0;10;0
business process modeling for dummies;10;0.0;5;2022-03-25;0;0;10;0;0;0;0;0;0;0;0;0;0
business process modeling tools comparison;10;0.0;5;2022-03-25;0;0;0;0;0;0;0;10;0;10;0;10;0
business process modeling unipi;10;0.0;4;2022-03-25;0;0;0;0;0;10;0;0;0;0;0;0;0
how to business process modeling;10;0.0;4;2022-03-25;10;0;10;0;10;0;0;10;0;10;10;0;0
benefits of process automation;10;0.0;4;2022-03-25;10;0;10;10;10;10;10;10;10;10;10;10;0
business process benefits;10;0.0;3;2022-03-25;10;0;0;0;0;0;0;0;0;0;10;0;0
business process m;10;0.0;3;2022-03-25;0;0;0;0;0;0;0;0;0;0;0;10;0
business process automation tools;10;6.45;4;2022-03-25;10;10;10;10;10;10;10;10;10;10;10;10;0
business process governance framework;10;0.0;4;2022-03-25;0;0;0;0;0;0;0;10;0;0;0;0;0
business process software;10;0.0;3;2022-03-25;10;10;10;10;0;10;10;10;10;10;10;10;0
business process automation examples;10;0.0;4;2022-03-25;10;10;10;10;10;10;10;10;10;10;0
energy automation;10;0.0;2;2022-03-29;0;0;10;10;10;10;10;10;10;0;10;10;0
git flow rebase develop;10;0.0;4;2022-03-28;0;0;10;0;0;10;0;0;10;0;0;0;0
git and git flow;10;0.0;4;2022-03-28;0;10;0;10;10;10;10;10;10;10;0;0;0
business process optimization software;10;0.0;4;2023-05-14;0;0;0;0;0;0;0;0;0;10;0;0;0
online rpa tool;10;0.0;3;2023-05-14;0;0;0;0;10;0;0;0;0;0;0;0;0
business processes software;10;0.0;3;2023-05-14;10;10;10;10;10;10;10;0;0;10;10;10;0
software industry news;10;0.0;3;2023-05-14;0;0;0;0;0;0;0;0;0;10;0;0;0
no code workflow automation;10;0.0;3;2023-05-14;10;0;0;10;0;0;10;0;10;0;0;10;0
automated hr software;10;0.0;3;2023-05-14;0;0;0;0;0;10;0;0;0;0;0;0;0
business process flow automation;10;0.0;4;2023-05-14;0;0;0;0;10;0;0;0;0;10;0;0;0
business operations automation;10;0.0;3;2023-05-14;10;0;0;0;0;0;0;10;0;0;0;0;0
office workflow automation;10;0.0;3;2023-05-14;0;0;0;0;0;0;10;0;0;0;0;0;0
business process automation articles;10;0.0;4;2023-05-14;0;0;0;10;0;10;10;0;0;0;0;0;0
business process automation workflow;10;0.0;4;2023-05-14;10;0;0;0;0;0;0;0;0;0;10;0;0
automate it software;10;0.0;3;2023-05-14;0;0;0;0;0;0;0;10;10;0;0;10;0
automation workflow tools;10;14.21;3;2023-05-14;10;10;10;10;10;10;10;10;10;10;10;10;0
it automation process;10;0.0;3;2023-05-14;10;10;10;10;0;10;10;10;10;10;10;10;0
workflow automation software gartner;10;0.0;4;2023-05-14;10;0;0;0;0;0;0;0;0;0;0;0;0
business process automation vs rpa;10;0.0;5;2023-05-14;0;0;0;0;0;0;0;0;0;0;0;10;0
it automation software;10;0.0;3;2023-05-14;0;0;10;10;10;0;10;0;0;0;0;0;0
automate workflow software;10;0.0;3;2023-05-14;10;10;20;10;10;20;10;10;10;10;10;10;0
types of business process automation;10;0.0;5;2023-05-14;10;0;10;0;0;10;10;0;0;0;0;0;0
business process improvement software;10;0.0;4;2023-05-14;0;10;0;0;0;0;0;0;0;0;0;10;0
objectives of business process automation;10;0.0;5;2023-05-14;0;0;0;0;10;0;0;0;0;0;0;0;0
business process management software;10;3.15;4;2023-05-14;10;10;10;10;10;10;10;10;10;20;10;0
business workflow automation software;10;0.0;4;2023-05-14;10;0;0;0;0;0;0;0;0;0;0;0;0
business process management application software;10;0.0;5;2023-05-14;0;0;10;0;0;0;0;0;0;0;0;0;0
automation workflow software;10;0.0;3;2023-05-14;10;10;20;10;10;20;10;10;10;10;10;10;0
windows 11 key github;10;0.0;4;2023-05-11;10;10;10;10;10;10;10;10;10;10;10;10;0
process automation tool;10;6.96;3;2023-05-08;20;20;10;10;20;10;20;10;10;20;10;10;0
automate your business process create assignment rules;10;0.0;7;2023-05-08;0;0;0;0;0;0;10;0;0;0;10;0;0
automated business systems;10;0.0;3;2023-05-08;10;10;0;0;10;0;0;0;0;0;0;0;0
automation and business;10;0.0;3;2023-05-08;0;0;0;0;0;10;0;0;0;0;0;0;0
jak zainstalować java na windows 11;10;0.0;4;2023-05-16;0;0;20;20;0;0;0;0;0;0;0;0;0
czy nadajesz się na programistę test;10;0.0;3;2023-04-30;10;10;10;10;10;10;10;10;10;10;10;10;0
git clone github ssh;10;0.0;4;2023-03-21;0;10;10;10;10;10;10;10;0;10;0;10;0
git github ssh key;10;0.0;4;2023-03-21;0;10;0;10;0;10;10;0;0;0;0;0;0
ocr document;10;6.0;2;2023-03-21;20;20;20;10;10;20;10;10;10;20;10;10;0
github pl 200;10;0.0;2;2023-02-23;0;0;0;10;10;10;10;0;10;0;10;10;0
business process automation strategy;10;0.0;4;2023-04-06;10;0;0;0;0;0;0;0;0;0;0;0;0
business process solution;10;0.0;3;2023-04-06;10;10;10;10;20;10;10;10;10;10;30;10;0
rejestracja przychodzacej korespondencji;10;0.0;3;2023-03-31;10;10;0;0;0;10;40;10;10;10;10;10;0
git branches and pull requests;10;0.0;5;2022-02-08;10;0;10;0;0;10;0;0;0;0;10;0;0
git branches vs tags;10;0.0;4;2022-02-08;0;0;10;10;0;0;0;10;10;10;10;10;0
revert 2 commits;10;0.0;2;2022-02-08;0;0;0;0;0;0;0;0;10;10;10;0;0
revert commit without commit;10;0.0;4;2022-02-08;0;0;0;0;0;0;0;0;10;10;10;10;0
revert commit git not pushed;10;0.0;5;2022-02-08;0;0;0;0;0;0;0;10;0;0;0;0;0
revert commits git;10;0.0;3;2022-02-08;10;10;10;10;10;10;10;10;10;10;10;10;0
revert commit from master;10;0.0;4;2022-02-08;10;10;10;10;10;10;10;10;10;10;10;0
revert 1 commit git;10;0.0;3;2022-02-08;0;0;0;10;0;0;0;10;10;10;0;10;0
revert commit on master;10;0.0;3;2022-02-08;10;0;0;10;10;10;0;0;10;10;10;0;0
revert no commit;10;0.0;2;2022-02-08;10;0;10;10;10;10;10;10;0;0;0;0;0
revert commit pushed;10;0.0;3;2022-02-08;10;10;10;10;10;10;0;0;10;0;10;10;0
revert recent commit git;10;0.0;4;2022-02-08;0;0;0;0;0;0;0;10;0;0;0;0;0
revert commit in git;10;0.0;4;2022-02-08;10;10;10;10;10;10;10;10;10;10;0;10;0
revert commit to staging;10;0.0;3;2022-02-08;10;10;10;10;0;10;10;10;10;10;10;10;0
revert commit from git;10;0.0;4;2022-02-08;0;10;0;10;0;0;0;10;0;0;10;0;0
revert commit master;10;0.0;3;2022-02-08;0;0;0;0;0;0;0;10;10;0;0;0;0
git revert commit number;10;0.0;4;2022-02-08;0;0;10;0;0;0;0;0;0;0;0;0;0
git revert commit hard;10;0.0;4;2022-02-08;10;0;0;10;10;10;10;0;10;10;0;10;0
commit and push;10;0.0;3;2022-02-08;10;10;10;10;10;10;10;10;10;10;10;10;0
git reset push;10;0.0;3;2022-02-08;10;10;10;10;10;10;10;10;10;10;10;10;0
git reset from origin;10;0.0;4;2022-02-08;10;10;10;10;10;10;10;10;10;10;10;10;0
git reset stage;10;0.0;3;2022-02-08;10;10;0;0;0;10;10;10;10;10;10;10;0
git reset origin master;10;0.0;4;2022-02-08;10;10;10;10;10;10;10;10;10;20;10;10;0
git reset with remote;10;0.0;4;2022-02-08;10;10;10;10;10;10;10;10;10;10;10;10;0
git reset not pushed commit;10;0.0;5;2022-02-08;10;10;10;10;10;10;10;10;10;20;10;10;0
git reset 1 commit;10;0.0;3;2022-02-08;10;10;0;10;10;10;20;10;10;10;10;10;0
git reset previous commit;10;0.0;4;2022-02-08;10;10;10;10;10;10;10;10;10;10;10;10;0
git reset 1;10;0.0;2;2022-02-08;10;10;10;10;10;10;10;0;10;10;10;10;0
git reset origin branch;10;0.0;4;2022-02-08;10;10;10;10;10;10;10;10;10;10;10;10;0
git reset force;10;0.0;3;2022-02-08;20;10;10;10;10;10;10;10;10;10;10;10;0
git reset origin to commit;10;0.0;4;2022-02-08;10;10;10;10;10;10;10;10;10;0
what is git reset soft;10;0.0;5;2022-02-08;0;0;0;0;10;0;10;0;0;0;10;0;0
git reset soft commit;10;0.0;4;2022-02-08;10;10;10;10;10;10;10;10;10;10;10;10;0
git reset to commit number;10;0.0;4;2022-02-08;10;10;10;10;10;10;10;10;10;10;10;10;0
git reset master to commit;10;0.0;4;2022-02-08;10;10;10;10;10;10;10;10;10;10;10;10;0
git reset and commit;10;0.0;4;2022-02-08;10;10;10;0;10;10;0;0;10;0;10;10;0
what is git reset hard;10;0.0;5;2022-02-08;0;0;0;0;0;0;0;0;0;0;0;10;0
git reset file to origin;10;0.0;4;2022-02-08;10;10;10;10;20;10;10;10;10;10;10;10;0
git reset with origin;10;0.0;4;2022-02-08;10;10;10;10;10;10;10;10;10;10;10;10;0
git reset tag;10;0.0;3;2022-02-08;0;0;0;0;0;0;0;0;0;10;10;10;0
git reset file to remote;10;0.0;4;2022-02-08;10;10;10;10;10;10;10;10;10;10;10;0;0
test drive bpm;10;0.0;3;2022-02-08;0;0;10;0;0;0;0;0;0;0;10;0;0
commit programowanie;10;0.0;2;2022-02-08;10;10;20;10;10;10;10;10;0;20;10;10;0
git fetch pull merge;10;0.0;4;2022-02-08;10;0;0;10;0;0;10;10;10;0;0;0;0
git tutorial windows 10;10;0.0;3;2022-02-08;10;0;10;0;0;0;0;0;0;0;0;10;0
git tutorial pull;10;0.0;3;2022-02-08;10;10;10;10;10;10;10;10;10;10;10;10;0
git tutorial commit;10;0.0;3;2022-02-08;10;10;10;10;10;10;10;10;10;10;10;10;0
git tutorial local repository;10;0.0;4;2022-02-08;0;0;0;0;0;0;10;0;10;0;0;0;0
git tutorial pull request;10;0.0;4;2022-02-08;10;10;10;10;0;10;10;0;10;10;10;10;0
git tutorial clone;10;0.0;3;2022-02-08;10;10;10;10;10;10;10;10;10;10;10;10;0
fetch vs pull in git;10;0.0;5;2022-02-08;0;0;0;10;10;0;10;0;10;10;0;0;0
elektroniczny obieg dokumentów warszawa;10;0.0;4;2022-02-08;10;10;10;10;10;10;20;10;10;10;10;10;0
git checkout to head;10;0.0;3;2022-02-08;10;10;20;10;10;10;10;10;10;10;20;10;0
git checkout git pull;10;0.0;4;2022-02-08;10;0;10;10;10;10;0;10;10;10;0;10;0
git checkout log;10;0.0;3;2022-02-08;0;0;0;0;0;10;10;0;0;0;10;0;0
git checkout stash;10;0.0;3;2022-02-08;10;10;10;10;10;10;10;10;10;10;10;10;0
git checkout on commit;10;0.0;3;2022-02-08;10;10;10;10;10;10;10;10;10;10;10;10;0
git checkout branch from commit;10;0.0;5;2022-02-08;10;10;10;10;10;10;10;10;10;10;10;10;0
git checkout at commit;10;0.0;4;2022-02-08;10;10;10;10;10;10;10;0;10;10;10;10;0
git checkout develop;10;0.0;3;2022-02-08;10;10;10;20;20;20;10;10;10;20;10;10;0
git checkout by tag;10;0.0;3;2022-02-08;10;10;10;10;10;10;10;10;10;10;20;10;0
git checkout d;10;0.0;3;2022-02-08;10;10;10;10;10;10;10;10;10;10;10;0;0
git checkout pull request;10;0.0;4;2022-02-08;10;10;10;20;20;20;10;20;10;20;20;10;0
git checkout with tag;10;0.0;4;2022-02-08;10;10;10;0;10;10;10;10;10;10;10;0;0
git checkout branch from tag;10;0.0;5;2022-02-08;10;10;10;10;10;10;10;10;10;10;10;10;0
git checkout 1;10;0.0;2;2022-02-08;10;10;10;0;10;0;10;10;0;10;10;10;0
git checkout r;10;0.0;3;2022-02-08;10;0;10;10;0;0;10;0;10;10;0;0;0
git checkout hash;10;0.0;3;2022-02-08;10;10;10;10;10;10;10;10;10;20;20;20;0
git checkout on tag;10;0.0;3;2022-02-08;10;10;10;10;10;10;20;10;10;20;10;20;0
git checkout b branch;10;0.0;4;2022-02-08;10;0;0;0;0;0;0;0;0;10;0;0;0
git checkout upstream branch;10;0.0;4;2022-02-08;10;10;10;10;10;10;10;10;10;10;10;10;0
git checkout commits;10;0.0;3;2022-02-08;10;10;0;10;0;10;10;10;10;10;10;10;0
what is git fetch vs pull;10;0.0;6;2022-02-08;10;10;0;10;0;10;0;10;10;10;10;10;0
git fetch vs pull vs clone;10;0.0;6;2022-02-08;10;10;10;10;10;0
building a document management system;10;0.0;4;2022-02-08;0;0;0;10;0;0;0;0;0;0;10;10;0
github fetch vs pull;10;0.0;4;2022-02-08;10;10;10;10;10;10;10;10;10;10;10;10;0
git tutorial remote repository;10;0.0;4;2022-02-08;0;10;0;0;0;0;0;0;0;0;0;0;0
git tutorial basic;10;0.0;3;2022-02-08;10;10;10;10;10;10;20;10;20;10;20;10;0
jak wygrać kamień papier nożyce;10;0.0;4;2022-02-08;0;0;0;0;0;0;0;0;10;10;10;20;0
jak zrobić kamienie z papieru;10;0.0;3;2022-02-08;0;0;0;0;0;0;0;0;0;0;0;50;0
biginteger one;10;0.0;1;2022-02-08;10;0;10;10;0;10;10;0;10;0;10;10;0
ciąg fibonacciego co to jest;10;0.0;2;2022-02-08;10;20;30;20;10;10;10;10;10;10;30;20;0
ciąg fibonacciego online;10;0.0;3;2022-02-08;10;10;10;10;10;10;0;0;10;10;10;10;0
fibo t;10;0.0;2;2022-02-08;0;0;0;0;0;0;0;10;0;0;0;0;0
git log tutorial;10;0.0;3;2022-02-08;10;10;10;0;10;0;0;10;10;0;0;10;0
document control management;10;0.0;3;2022-02-08;0;10;10;0;10;0;10;0;10;10;10;0;0
workflow business process management;10;0.0;4;2022-02-08;10;0;10;0;10;10;0;0;0;10;10;0;0
git push main;10;0.0;3;2022-02-08;10;10;10;10;10;10;10;10;10;10;10;10;0
git push 0u;10;0.0;3;2022-02-08;0;0;0;10;0;0;0;0;0;10;10;10;0
git push branch rename;10;0.0;4;2022-02-08;0;0;0;0;0;0;0;0;0;10;10;10;0
git push git;10;0.0;3;2022-02-08;10;10;0;10;10;0;10;10;0;10;10;10;0
git push amend;10;0.0;3;2022-02-08;10;10;10;10;10;10;10;10;10;10;10;10;0
git push help;10;0.0;3;2022-02-08;20;20;10;10;10;20;20;10;10;10;10;10;0
git push branch to master;10;0.0;4;2022-02-08;10;10;10;10;10;10;10;10;10;10;10;10;0
git push merge;10;0.0;3;2022-02-08;10;10;10;10;10;10;10;10;10;10;10;10;0
git push rename branch;10;0.0;4;2022-02-08;10;10;10;10;10;10;10;10;10;10;10;10;0
git push main branch;10;0.0;4;2022-02-08;10;10;10;10;10;10;10;10;10;10;10;10;0
git push git commit;10;0.0;4;2022-02-08;10;10;10;10;10;10;10;10;10;10;10;10;0
git push commit to remote branch;10;0.0;5;2022-02-08;10;10;20;10;10;10;10;10;10;10;20;10;0
git push and pull;10;0.0;4;2022-02-08;10;10;10;10;10;10;10;10;10;20;10;10;0
git windows generate ssh key;10;0.0;5;2022-02-08;10;10;10;10;10;10;10;10;10;10;10;10;0
git and windows;10;0.0;3;2022-02-08;0;0;0;0;0;0;0;10;0;0;0;0;0
install git windows 8;10;0.0;3;2022-02-08;0;0;10;10;0;0;0;0;0;0;10;10;0
git windows 8;10;0.0;2;2022-02-08;10;10;10;0;10;10;0;10;0;0;0;0;0
git pull git rebase;10;0.0;4;2022-02-08;0;10;0;10;10;0;10;0;10;10;10;0;0
git pull pull request;10;0.0;4;2022-02-08;10;10;10;10;10;10;10;10;10;10;10;10;0
git pull no merge;10;0.0;3;2022-02-08;10;10;10;10;10;10;10;10;10;10;10;10;0
undo a git pull;10;0.0;3;2022-02-08;10;10;0;0;0;0;0;0;0;0;0;10;0
git pull https;10;0.0;3;2022-02-08;10;10;10;10;10;10;10;10;10;10;10;10;0
git pull commit version;10;0.0;4;2022-02-08;10;10;10;10;10;10;10;10;10;10;10;10;0
git pull git push;10;0.0;4;2022-02-08;10;10;10;10;10;10;0;10;0;10;10;10;0
git pull update;10;0.0;3;2022-02-08;10;10;10;0;10;10;10;10;10;10;10;10;0
git pull 1;10;0.0;2;2022-02-08;10;10;10;10;0;10;0;0;10;10;10;10;0
git and pull requests;10;0.0;4;2022-02-08;0;0;0;0;0;0;0;0;0;0;0;10;0
push y pull git;10;0.0;4;2022-02-08;0;0;0;0;10;0;0;0;0;0;0;0;0
git pull abort;10;0.0;3;2022-02-08;10;10;10;10;10;10;10;10;10;10;10;20;0
git get pull request;10;0.0;4;2022-02-08;10;0;0;0;10;10;0;10;0;10;10;10;0
git pull or fetch;10;0.0;4;2022-02-08;10;10;10;10;10;10;10;10;10;10;10;10;0
git push git pull;10;0.0;4;2022-02-08;10;10;10;10;10;10;10;10;10;10;10;10;0
git push 2021;10;0.0;3;2022-02-08;0;0;0;0;0;0;0;0;0;10;0;10;0
git push master to remote;10;0.0;4;2022-02-08;10;10;10;10;10;10;10;10;0;10;0;10;0
git push pull request;10;0.0;4;2022-02-08;10;10;10;10;10;10;10;10;10;10;10;10;0
git push https;10;0.0;3;2022-02-08;10;10;10;10;10;10;20;10;10;10;10;10;0
git push f origin;10;0.0;4;2022-02-08;0;0;0;0;0;0;0;0;0;0;10;0;0
git push delete remote branch;10;0.0;5;2022-02-08;0;0;10;10;10;0;10;0;10;0;0;10;0
git push include tags;10;0.0;4;2022-02-08;0;0;0;0;0;0;0;0;0;10;0;10;0
what is git push origin;10;0.0;5;2022-02-08;0;0;0;0;0;0;10;10;10;0;0;10;0
gitkraken windows;10;0.0;2;2022-02-08;10;10;10;10;10;10;10;10;10;10;0;10;0
gitkraken rename branch;10;0.0;3;2022-02-08;10;10;10;10;10;10;10;10;10;0
gitkraken stash;10;0.0;2;2022-02-08;0;0;0;0;0;0;0;0;0;10;10;10;0
gitkraken rebase;10;0.0;2;2022-02-08;10;10;10;10;10;10;10;10;10;10;10;10;0
gitkraken tutorial;10;0.0;2;2022-02-08;10;10;10;10;20;10;10;10;10;10;10;10;0
gitkraken worktree;10;0.0;2;2022-02-08;0;0;0;0;0;0;0;0;0;0;10;0;0
git gui ubuntu 18.04;10;0.0;4;2022-02-08;10;0;0;0;0;0;0;0;10;0;0;0;0
git gui download for windows;10;0.0;5;2022-02-08;0;10;10;0;10;0;0;0;10;0;0;0;0
git gui bash;10;0.0;3;2022-02-08;0;0;0;10;0;0;10;0;10;0;10;0;0
git gui install ubuntu;10;0.0;4;2022-02-08;0;10;10;0;10;10;10;0;10;10;10;10;0
git gui centos 7;10;0.0;3;2022-02-08;0;10;0;0;0;0;0;0;0;0;0;0;0
git gui and git bash;10;0.0;5;2022-02-08;0;0;0;0;0;0;0;0;0;0;0;10;0
git gui ubuntu install;10;0.0;4;2022-02-08;10;10;10;10;10;10;10;10;10;10;10;10;0
git gui install;10;0.0;3;2022-02-08;10;10;10;10;10;10;10;10;10;10;10;10;0
git gui install mac;10;0.0;4;2022-02-08;0;10;0;0;0;0;10;10;0;0;0;0;0
git gui in ubuntu;10;0.0;4;2022-02-08;0;10;0;0;0;0;0;0;10;0;0;0;0
git gui windows 7;10;0.0;3;2022-02-08;0;0;10;0;0;0;0;0;0;0;0;0;0
git gui switch branch;10;0.0;4;2022-02-08;0;0;0;0;10;10;0;10;0;0;0;10;0
git gui for linux ubuntu;10;0.0;5;2022-02-08;0;0;10;10;0;10;0;0;0;0;0;0;0
git gui linux install;10;0.0;4;2022-02-08;10;10;10;10;10;10;10;10;10;0
git gui checkout branch;10;0.0;4;2022-02-08;0;10;10;0;0;0;0;0;10;0;0;0;0
git gui download for windows 10;10;0.0;5;2022-02-08;0;0;0;0;0;0;0;0;0;0;10;0;0
git mac generate ssh key;10;0.0;5;2022-02-08;0;0;0;0;10;10;10;0;0;0;0;0;0
git flow mac os;10;0.0;4;2022-02-08;10;10;10;10;10;10;0;10;10;10;0;10;0
git install git;10;0.0;3;2022-02-08;0;10;0;0;0;0;10;0;10;10;0;10;0
git install linux ubuntu;10;0.0;4;2022-02-08;10;10;10;10;10;10;10;10;0
git install on windows 10;10;0.0;3;2022-02-08;10;10;10;10;10;0;10;0;10;10;10;0;0
how do i install git on windows;10;0.0;4;2022-02-08;0;0;10;10;0;0;0;0;0;0;0;0;0
git install bash;10;0.0;3;2022-02-08;0;0;0;0;0;0;0;0;0;0;10;10;0
git install for linux;10;0.0;4;2022-02-08;0;0;0;0;0;10;0;0;10;10;0;0;0
git install for windows 10;10;0.0;4;2022-02-08;10;0;10;10;0;0;0;10;0;0;0;10;0
git install windows 8;10;0.0;3;2022-02-08;0;0;10;10;0;0;0;0;0;0;10;10;0
git install download;10;0.0;3;2022-02-08;0;0;0;10;0;10;0;0;0;0;0;10;0
git branch and push;10;0.0;4;2022-02-08;0;10;10;0;0;0;0;0;0;0;0;0;0
merge 2 git branches;10;0.0;3;2022-02-08;0;0;0;10;0;0;0;0;0;10;0;0;0
git branch to master;10;0.0;3;2022-02-08;10;10;10;10;10;10;10;10;10;10;10;10;0
git branch rename remote;10;0.0;4;2022-02-08;10;10;10;10;10;10;10;10;10;10;10;10;0
git branch pull request;10;0.0;4;2022-02-08;10;10;10;10;10;10;10;10;10;10;10;10;0
git branch on remote;10;0.0;3;2022-02-08;10;0;10;10;10;10;10;10;0;0;0;0;0
git branch with remote;10;0.0;4;2022-02-08;0;10;10;0;10;0;0;10;10;10;0;10;0
git branch fetch;10;0.0;3;2022-02-08;10;0;0;10;10;10;0;10;10;10;10;0;0
git branch what is;10;0.0;4;2022-02-08;0;10;10;10;0;10;10;10;10;10;10;10;0
git branch status;10;0.0;3;2022-02-08;10;10;10;10;10;10;10;10;10;10;10;0
git flow install ubuntu;10;0.0;4;2022-02-08;10;10;10;10;10;10;10;10;10;10;10;10;0
git flow reset;10;0.0;3;2022-02-08;0;10;10;10;10;10;10;10;0;10;10;10;0
git flow tag;10;0.0;3;2022-02-08;10;10;10;10;10;10;10;10;10;10;10;10;0
git flow tag release;10;0.0;4;2022-02-08;10;0;10;10;10;10;0;10;10;10;0;0;0
git flow release finish;10;0.0;4;2022-02-08;10;10;20;10;10;10;10;10;10;20;10;10;0
git flow track;10;0.0;3;2022-02-08;10;10;0;0;10;10;10;0;0;0;10;0;0
git flow feature track;10;0.0;4;2022-02-08;0;0;0;0;10;10;10;10;10;10;10;0;0
git flow macos;10;0.0;3;2022-02-08;10;10;10;10;10;10;0;10;10;10;0;10;0
git bash mac install;10;0.0;4;2022-02-08;0;10;10;0;0;0;0;0;0;10;0;10;0
git for mac gui;10;0.0;4;2022-02-08;0;0;10;0;0;0;10;0;0;0;0;0;0
git bash ubuntu;10;0.0;3;2022-02-08;10;10;10;10;10;20;10;10;10;10;10;10;0
git bash for ubuntu;10;0.0;4;2022-02-08;10;10;10;10;0;10;10;10;10;10;10;10;0
git bash branch checkout;10;0.0;4;2022-02-08;0;0;0;0;0;0;10;0;0;0;10;0;0
git bash new branch;10;0.0;4;2022-02-08;10;10;10;10;10;10;10;10;10;10;10;10;0
git bash windows 10 download;10;0.0;4;2022-02-08;0;0;0;0;10;0;10;0;0;0;0;0;0
git bash rebase;10;0.0;3;2022-02-08;10;10;10;10;10;10;10;10;10;10;10;10;0
git bash gui;10;0.0;3;2022-02-08;10;0;0;10;10;10;10;10;10;10;10;10;0
git bash on mac;10;0.0;3;2022-02-08;10;10;10;10;10;10;10;10;10;10;10;10;0
git and bash;10;0.0;3;2022-02-08;10;10;10;10;0;0;0;0;0;0;10;10;0
git bash commit and push;10;0.0;5;2022-02-08;10;10;10;10;10;10;10;10;10;10;10;10;0
git bash install windows;10;0.0;4;2022-02-08;10;10;10;10;10;10;10;10;10;10;10;10;0
git branch list origin;10;0.0;4;2022-02-08;0;10;10;10;10;10;10;10;10;10;10;0;0
rename a git branch;10;0.0;3;2022-02-08;0;0;0;0;0;0;0;0;0;10;10;10;0
git branch tag;10;0.0;3;2022-02-08;10;10;10;10;10;10;10;10;10;10;10;10;0
git branch delete remote;10;0.0;4;2022-02-08;10;10;10;10;20;20;10;10;10;20;10;10;0
git branch d;10;0.0;3;2022-02-08;10;10;10;10;10;10;10;10;10;10;20;10;0
complex business processes;10;0.0;3;2022-02-08;0;0;0;10;0;10;0;0;10;0;0;0;0
invoice approval workflow;10;0.0;3;2022-02-08;10;10;10;10;10;10;10;10;0;10;0;10;0
manufacturing process automation;10;0.0;3;2022-02-08;10;10;10;10;10;10;10;10;0;10;10;0;0
how to use stringbuilder java;10;0.0;4;2022-02-08;10;0;10;10;10;10;10;0;10;10;10;10;0
lombok exclude getter;10;0.0;3;2023-05-20;10;10;10;10;10;10;10;10;10;10;10;10;0
ascii art mona lisa;10;0.0;4;2023-05-20;10;10;10;10;0;10;10;10;10;10;10;10;0
lombok use in java;10;0.0;4;2023-05-20;10;0;10;0;0;0;0;10;0;0;0;0;0
fasada wzorzec java;10;0.0;3;2023-05-20;10;20;20;10;10;10;10;10;10;20;10;10;0
ascii art 18;10;0.0;3;2023-05-20;20;20;10;10;10;10;10;10;10;10;10;0
piramida java;10;0.0;2;2023-05-19;10;10;10;10;10;10;0;10;10;10;40;10;0
lombok license;10;0.0;2;2023-05-20;10;10;10;10;10;10;10;10;10;10;0
algorytmy i struktura danych;10;0.0;3;2023-05-19;10;10;10;10;10;10;10;20;30;10;10;0
operator warunkowy java;10;0.0;3;2023-05-19;20;10;10;10;10;10;10;10;10;20;10;10;0
koniunkcja java;10;0.0;2;2023-05-19;10;20;10;10;10;10;10;10;10;20;20;10;0
szyfr podstawieniowy online;10;0.0;3;2023-05-19;30;10;10;10;10;10;10;10;10;10;10;20;0
programista od podstaw;10;3.66;2;2023-05-18;30;10;10;10;10;10;10;10;10;20;30;10;0
implementacja stosu;10;0.0;2;2023-05-18;20;10;10;10;10;10;10;0;10;20;70;10;0
struktura danych kolejka;10;0.0;3;2023-05-18;0;0;10;10;0;0;0;0;0;0;0;0;0
środowisko wykonawcze java;10;0.0;3;2023-05-18;10;10;10;10;10;10;10;10;10;10;10;10;0
69 ascii art;10;0.0;3;2023-05-20;0;0;0;0;0;0;10;0;0;0;10;0;0
sun microsystems historia;10;0.0;3;2023-05-20;0;0;10;0;0;0;0;0;10;0;0;10;0
lombok getter exclude;10;0.0;3;2023-05-20;10;10;10;10;10;10;10;10;20;10;10;10;0
fibonacci kim;10;0.0;2;2023-05-20;0;0;10;0;10;10;0;0;0;0;0;0;0
automate hr processes;10;14.58;3;2023-05-08;10;10;10;10;10;10;10;10;10;10;10;10;0
automate business processes tool;10;0.0;4;2023-05-08;0;0;0;10;0;0;0;0;0;0;0;0;0
business process automation company;10;0.0;4;2023-05-08;0;10;10;0;0;0;0;0;0;0;10;10;0
automate your business process;10;0.0;4;2023-05-08;0;0;0;10;0;10;10;10;10;0;0;10;0
automation of enterprise processes;10;0.0;4;2023-05-08;0;0;0;0;10;0;0;0;0;0;0;0;0
business process automation courses;10;0.0;4;2023-05-08;0;0;0;0;0;0;0;10;0;10;0;0;0
automation software business process;10;0.0;4;2023-05-08;0;0;0;0;0;0;0;10;0;0;0;0;0
business process automation gartner magic quadrant;10;0.0;6;2023-04-17;0;0;0;0;0;0;10;10;0;0;0;0;0
business process automation tool;10;8.15;4;2023-04-17;10;10;10;10;10;10;10;10;10;10;10;10;0
need for business process automation;10;0.0;5;2023-04-17;0;0;0;0;0;0;0;0;0;0;10;0;0
trends in business process automation;10;0.0;5;2023-04-17;10;0;0;0;0;0;0;0;10;0;0;0;0
example of business process automation;10;0.0;5;2023-04-17;10;0;0;10;0;0;0;0;0;0;0;0;0
business process automation use cases;10;0.0;5;2023-04-17;0;0;0;0;0;10;0;10;0;0;10;0;0
business process automation platform;10;0.0;4;2023-04-17;10;10;10;0;10;0;0;0;0;0;0;0;0
business process automation meaning;10;0.0;4;2023-04-17;0;0;0;10;0;0;0;0;10;0;0;10;0
business process automation framework;10;0.0;4;2023-04-17;0;0;0;0;0;0;0;0;0;0;0;10;0
business process automation steps;10;0.0;4;2023-04-17;10;10;0;0;0;0;0;0;0;0;0;0;0
business process automation technology;10;0.0;4;2023-04-17;0;0;0;0;0;0;0;0;0;0;10;0;0
online business process management;10;0.0;4;2023-04-17;0;10;10;0;10;0;0;0;0;0;0;0;0
why business process automation;10;0.0;4;2023-04-17;10;0;0;0;0;0;0;0;0;0;0;0;0
business process automation training;10;0.0;4;2023-04-17;10;0
business process automation books;10;0.0;4;2023-04-17;10;10;0;0;0;0;10;0;10;0;0;0;0
github markdown quote block;10;0.0;4;2022-05-05;0;0;0;0;10;10;0;0;0;0;10;10;0
blackhole java;10;0.0;2;2022-06-08;10;0;10;10;0;0;10;0;10;0;10;10;0
hekko panel admin;10;0.0;3;2022-06-09;10;10;10;10;10;10;10;10;0;10;10;10;0
co trzeba zrobić żeby zostać programistą;10;1.03;3;2022-06-12;20;10;20;10;10;10;10;10;30;10;10;20;0
jak zrobić minecraft w scratchu;10;0.0;3;2022-08-25;10;10;20;10;10;10;10;10;10;10;10;10;0
lcdp low code;10;0.0;3;2022-08-24;10;10;10;10;10;10;10;0
low code web;10;0.0;3;2022-08-24;10;10;0;0;0;10;0;10;0;10;10;0;0
workflow low code;10;0.0;3;2022-08-24;0;10;0;10;10;0;10;0;0;0;0;0;0
k2 low code;10;0.0;3;2022-08-24;10;0;10;10;0;0;0;0;0;10;10;10;0
low code plattform;10;0.0;3;2022-08-24;10;0;0;10;10;10;10;10;0;10;10;0;0
low code co to je;10;0.0;2;2022-08-24;0;10;0;0;0;0;0;0;0;0;0;0;0
business process management tool;10;17.08;4;2022-08-24;10;10;20;10;10;10;10;10;10;10;10;10;0
business process management suites;10;0.0;4;2022-08-24;10;10;10;10;10;10;10;10;0
business process management department;10;0.0;4;2022-08-24;0;0;0;0;0;10;0;0;0;0;10;0;0
business process management technology;10;0.0;4;2022-08-24;0;0;0;0;10;0;0;0;0;0;0;0;0
git merge master to develop;10;0.0;4;2022-08-23;10;10;10;10;10;10;10;10;10;10;10;10;0
git merge master to develop branch;10;0.0;5;2022-08-23;0;0;0;0;0;0;0;10;0;0;0;0;0
git merge branch to dev;10;0.0;4;2022-08-23;10;0;10;0;0;0;0;10;10;10;0;0;0
git merge master to a branch;10;0.0;4;2022-08-23;10;0;0;0;0;0;10;0;0;0;0;0;0
git merge branch to master and push;10;0.0;6;2022-08-23;0;0;0;0;0;0;0;0;0;0;10;0;0
git merge master to another branch;10;0.0;5;2022-08-23;0;0;10;10;10;10;10;10;0;10;0;10;0
git merge by commit;10;0.0;3;2022-08-23;0;0;0;0;0;0;0;0;0;0;10;0;0
git merge branch to origin master;10;0.0;5;2022-08-23;10;0;0;0;0;10;0;0;0;10;0;0;0
git merge branch to my branch;10;0.0;5;2022-08-23;10;0;0;10;0;10;0;10;0;0;0;10;0
git merge branch to branch;10;0.0;4;2022-08-23;10;10;10;10;10;10;20;10;10;10;10;10;0
git merge to master branch;10;0.0;4;2022-08-23;10;0;10;0;10;10;10;10;0;10;0;0;0
git merge branch to commit;10;0.0;4;2022-08-23;10;0;10;10;0;0;10;0;10;10;0;0;0
git merge branch to local branch;10;0.0;5;2022-08-23;0;0;10;0;0;10;10;0;0;0;0;10;0
git merge commit to branch;10;0.0;4;2022-08-23;10;10;10;10;10;10;10;10;10;0;10;10;0
git merge a branch to another branch;10;0.0;5;2022-08-23;0;0;0;10;0;0;0;0;0;0;0;0;0
git merge to branch from master;10;0.0;5;2022-08-23;0;10;10;0;0;0;0;0;0;0;10;0;0
git merge master branch to feature branch;10;0.0;6;2022-08-23;10;10;0;0;10;0;0;10;0;0;10;0;0
git merge with a commit;10;0.0;4;2022-08-23;0;0;0;0;0;0;0;0;0;0;0;10;0
git merge reverted commit;10;0.0;4;2022-08-23;10;10;10;10;10;10;10;10;10;10;10;10;0
git merge branch master into branch;10;0.0;6;2022-08-23;10;10;0;10;0;0;10;0;0;0;0;0;0
git merge commit revert;10;0.0;4;2022-08-23;0;0;0;0;0;0;0;0;0;0;0;10;0
git merge master on branch;10;0.0;4;2022-08-23;10;0;10;0;0;0;0;0;0;0;0;0;0
git branch merge commit;10;0.0;4;2022-08-23;0;0;0;0;0;0;0;0;10;0;0;0;0
git merge branch into branch;10;0.0;5;2022-08-23;10;10;10;10;10;10;10;10;10;10;20;10;0
git merge to master and push;10;0.0;5;2022-08-23;10;0;0;0;0;10;0;10;0;0;10;0;0
git merge commit hash into branch;10;0.0;6;2022-08-23;0;10;0;0;0;0;0;0;0;0;10;0;0
git gui merge branch to master;10;0.0;5;2022-08-23;0;0;0;10;0;10;10;0;0;10;0;0;0
git merge to master from branch;10;0.0;5;2022-08-23;10;0;10;0;0;0;0;10;10;10;10;10;0
git merge branch of branch to master;10;0.0;6;2022-08-23;0;0;10;0;0;10;0;0;10;0;0;10;0
git merge branch pull request;10;0.0;5;2022-08-23;0;0;10;0;0;0;0;10;10;0;0;0;0
git merge commit to master;10;0.0;4;2022-08-23;0;0;10;10;0;0;0;0;10;0;10;0;0
java operatory bitowe;10;0.0;3;2022-08-31;20;20;10;10;10;10;10;10;10;20;30;10;0
php grafana;10;0.0;2;2022-08-29;10;10;0;0;0;10;0;10;10;0;0;0;0
monitoring grafana prometheus;10;0.0;3;2022-08-29;0;0;10;0;0;0;10;0;0;10;0;0;0
prometheus grafana monitoring;10;0.0;3;2022-08-29;0;10;10;10;10;0;0;0;0;10;10;10;0
git push add remote;10;0.0;4;2022-09-06;10;0;0;0;0;10;0;10;0;10;0;0;0
git commit git push git out;10;0.0;6;2022-09-06;0;10;10;10;10;10;10;0;10;10;10;10;0
git push reverted commit;10;0.0;4;2022-09-06;10;10;10;10;10;10;10;10;10;10;10;10;0
push vs pull git;10;0.0;4;2022-09-06;10;10;10;10;10;0;10;10;0;10;10;10;0
push vs pull request git;10;0.0;5;2022-09-06;0;0;0;0;0;10;10;0;0;10;10;0;0
commit and push git;10;0.0;4;2022-09-06;10;10;10;10;10;10;10;10;10;10;10;10;0
commit push git;10;0.0;3;2022-09-06;0;10;0;0;10;0;0;10;10;10;10;10;0
git push git add;10;0.0;4;2022-09-06;10;0;0;10;10;0;0;0;0;0;0;10;0
github push pull commit;10;0.0;4;2022-09-06;10;10;10;10;10;10;10;10;10;10;10;10;0
git push remote add origin;10;0.0;5;2022-09-06;0;0;10;0;0;10;0;0;10;0;0;0;0
git rebase vs git reset;10;0.0;5;2022-09-06;0;0;0;0;10;0;10;0;0;0;0;0;0
git pull and git merge;10;0.0;5;2022-09-06;0;0;0;0;10;0;0;10;10;0;0;10;0
git pull git fetch git merge;10;0.0;6;2022-09-06;10;10;10;10;10;10;10;10;10;0
git pull and git push;10;0.0;5;2022-09-06;10;10;0;0;0;10;0;0;0;0;0;0;0
git reset merge branch;10;0.0;4;2022-09-06;0;10;0;0;10;0;10;0;0;0;0;0;0
git merge vs rebase vs reset;10;0.0;6;2022-09-06;0;0;0;0;0;0;10;0;0;0;0;0;0
git pull request git bash;10;0.0;5;2022-09-06;10;10;10;10;10;10;0;0;0;10;10;0;0
git pull git checkout;10;0.0;4;2022-09-06;0;0;10;0;0;0;10;0;0;10;0;0;0
git pull git commit;10;0.0;4;2022-09-06;0;0;0;0;10;10;10;0;0;0;0;0;0
git push vs git merge;10;0.0;5;2022-09-06;10;10;10;10;10;10;10;0;0;10;0;10;0
git pull vs git fetch merge;10;0.0;6;2022-09-06;0;10;0;0;0;0;10;0;10;10;10;0;0
git push after git reset;10;0.0;5;2022-09-06;10;10;0;10;10;0;0;0;0;10;0;10;0
diff between pull and fetch in git;10;0.0;7;2022-09-06;0;10;0;0;0;0;0;0;0;0;0;0;0
git push vs git pull;10;0.0;5;2022-09-06;10;10;10;10;10;10;10;0;10;0;10;10;0
does git pull fetch all branches;10;0.0;6;2022-09-06;0;10;10;0;10;0;0;0;0;0;0;0;0
git branch git push;10;0.0;4;2022-09-06;0;0;0;0;0;0;0;10;0;0;10;10;0
git push in git;10;0.0;4;2022-09-06;0;0;10;0;0;0;0;0;0;0;0;0;0
git pull back commit;10;0.0;4;2022-09-06;10;0;0;0;10;0;0;0;10;0;10;10;0
git pull up to date;10;0.0;4;2022-09-06;10;10;0;0;10;0;0;0;0;10;10;10;0
git merge vs git pull;10;0.0;5;2022-09-06;10;10;10;10;10;20;10;10;10;10;10;10;0
git pull add commit push;10;0.0;5;2022-09-06;0;10;10;0;0;0;10;0;10;10;0;0;0
git merge or pull request;10;0.0;5;2022-09-06;0;0;0;0;0;0;10;0;0;10;0;10;0
git clone checkout commit;10;0.0;4;2022-09-06;0;0;10;0;0;0;10;0;0;10;0;0;0
git pull merge conflict abort;10;0.0;5;2022-09-06;0;10;10;0;0;0;0;0;0;0;10;10;0
git pull to remote;10;0.0;3;2022-09-06;0;10;0;10;10;0;10;10;0;0;10;0;0
git pull to commit;10;0.0;3;2022-09-06;0;10;10;0;0;10;10;10;10;10;10;10;0
git merge and pull;10;0.0;4;2022-09-06;0;0;0;0;0;10;0;10;0;10;0;0;0
git pull commit push;10;0.0;4;2022-09-06;10;10;0;0;10;0;10;10;0;0;10;10;0
git pull everything;10;0.0;3;2022-09-06;10;10;10;10;10;10;10;10;10;10;10;10;0
github commit and push;10;0.0;4;2022-09-06;10;10;10;10;10;10;10;10;0;10;10;0;0
git pull merge commit;10;0.0;4;2022-09-06;0;10;10;10;10;0;10;10;10;10;0;10;0
git merge vs git pull origin;10;0.0;6;2022-09-06;0;10;0;0;0;10;10;0;10;0;10;0;0
git pull request commit;10;0.0;4;2022-09-06;10;10;0;10;10;10;10;10;0;10;10;10;0
git pull remote commit;10;0.0;4;2022-09-06;0;0;0;10;0;10;10;0;0;0;0;10;0
git clone to commit;10;0.0;3;2022-09-06;0;10;10;10;10;10;10;0;10;10;0;10;0
git pull request to branch;10;0.0;4;2022-09-06;10;10;10;0;10;10;0;0;0;10;10;10;0
git push in main branch;10;0.0;5;2022-09-06;0;0;0;0;10;0;0;0;0;0;0;0;0
github push request;10;0.0;3;2022-09-06;10;10;10;10;10;10;10;10;10;10;10;10;0
git pull vs git pull rebase;10;0.0;6;2022-09-06;20;10;10;10;10;10;10;10;10;10;10;10;0
git push git bash;10;0.0;4;2022-09-06;0;0;0;10;10;10;0;10;10;10;0;10;0
git push on main branch;10;0.0;4;2022-09-06;10;0;10;10;10;0;10;0;0;0;10;10;0
git push master to origin;10;0.0;4;2022-09-06;0;10;0;0;10;0;0;0;10;0;0;0;0
git push url;10;0.0;3;2022-09-06;10;10;10;10;10;10;10;10;10;10;10;10;0
git push branch to github;10;0.0;4;2022-09-06;10;10;10;10;10;10;10;10;10;10;10;0
rebase tortoisegit;10;0.0;2;2022-09-06;0;10;0;10;10;0;10;10;0;10;10;10;0
git push with https;10;0.0;4;2022-09-06;10;10;10;0;10;0;10;10;10;0;10;10;0
git clone master to new branch;10;0.0;5;2022-09-06;0;10;0;10;10;10;10;10;0;0;10;0;0
git push add origin;10;0.0;4;2022-09-06;10;10;10;10;0;10;0;10;0;10;0;10;0
git push before commit;10;0.0;4;2022-09-06;0;0;0;0;0;10;0;0;0;0;0;0;0
git push new commit to remote branch;10;0.0;6;2022-09-06;0;0;0;0;10;0;0;0;0;0;0;0;0
push or pull git;10;0.0;4;2022-09-06;10;0;0;0;0;10;0;0;0;0;10;10;0
git add tag and push to remote;10;0.0;6;2022-09-06;0;0;0;10;0;0;10;0;10;0;10;0;0
git push add;10;0.0;3;2022-09-06;0;10;10;0;0;10;0;0;0;0;10;0;0
push and pull request in git;10;0.0;6;2022-09-06;0;10;0;10;10;0;0;0;0;0;0;0;0
git add and push tag;10;0.0;5;2022-09-06;0;10;10;10;10;10;10;10;0;10;10;10;0
git commit push merge;10;0.0;4;2022-09-06;0;0;10;10;0;0;0;0;10;0;10;0;0
commit push github;10;0.0;3;2022-09-06;10;0;0;0;10;10;10;0;0;10;0;0;0
push and pull git;10;0.0;4;2022-09-06;0;0;10;10;0;10;10;10;10;10;10;10;0
push and pull requests github;10;0.0;5;2022-09-06;0;0;0;0;10;0;0;0;0;0;0;0;0
github push commit to pull request;10;0.0;5;2022-09-06;0;10;10;0;10;10;0;0;0;10;0;0;0
push pull commit github;10;0.0;4;2022-09-06;10;10;0;0;10;0;10;0;0;0;0;0;0
commit pull push git;10;0.0;4;2022-09-06;10;0;0;0;0;0;10;0;0;0;10;0;0
push pull request github;10;0.0;4;2022-09-06;10;0;0;10;10;10;0;0;0;0;0;10;0
git how to pull branch;10;0.0;4;2022-09-06;10;10;10;10;10;10;10;10;10;10;10;10;0
git pull to remote branch;10;0.0;4;2022-09-06;10;10;10;10;10;10;10;10;0;10;10;10;0
git rebase hard head;10;0.0;4;2022-09-06;0;0;0;10;10;0;0;0;0;0;0;0;0
git pull every branch;10;0.0;4;2022-09-06;10;0;10;10;0;10;0;10;0;10;10;10;0
git pull to branch;10;0.0;3;2022-09-06;10;10;10;10;10;10;10;10;10;10;10;10;0
rebase vs reset in git;10;0.0;5;2022-09-06;0;0;0;0;0;0;10;0;0;0;0;0;0
git pull git;10;0.0;3;2022-09-06;10;10;0;10;10;10;0;10;10;0;10;10;0
git pull git clone;10;0.0;4;2022-09-06;0;10;10;0;10;10;0;10;0;10;0;10;0
git pull to github;10;0.0;3;2022-09-06;0;10;0;10;0;0;0;10;10;0;10;10;0
git how to pull branch from remote;10;0.0;6;2022-09-06;10;10;10;10;10;10;10;10;0;10;10;10;0
git rebase reset;10;0.0;3;2022-09-06;10;10;10;10;10;10;10;10;10;10;10;10;0
git pull github desktop;10;0.0;4;2022-09-06;10;10;0;0;0;0;10;10;0;0;0;0;0
git pull and git checkout;10;0.0;5;2022-09-06;0;0;0;10;0;0;0;0;10;0;10;0;0
git clone to new branch;10;0.0;4;2022-09-06;0;10;10;10;10;10;0;0;0;0;0;0;0
git pull origin branch example;10;0.0;5;2022-09-06;0;0;0;0;0;0;0;10;0;0;0;0;0
git git pull remote branch;10;0.0;5;2022-09-06;0;0;0;0;0;0;0;10;10;10;0;0;0
git pull or git merge;10;0.0;5;2022-09-06;10;0;10;10;10;10;10;10;10;0;0;0;0
git pull branch and checkout;10;0.0;5;2022-09-06;0;0;0;10;10;10;10;10;10;10;10;0;0
git pull github branch;10;0.0;4;2022-09-06;0;0;10;0;0;10;0;0;10;0;10;0;0
git pull vs git update;10;0.0;5;2022-09-06;0;10;10;10;0;10;10;0;0;0;10;10;0
git pull git commit git push;10;0.0;6;2022-09-06;0;0;0;0;10;10;0;0;0;10;0;10;0
git rebase hard reset;10;0.0;4;2022-09-06;0;0;0;10;0;0;0;10;0;0;0;0;0
git clone git checkout;10;0.0;4;2022-09-06;10;10;10;10;0;0;10;0;0;10;10;0;0
git pull to a branch;10;0.0;3;2022-09-06;0;0;10;0;0;0;0;0;0;0;0;10;0
git pull base branch;10;0.0;4;2022-09-06;0;0;0;0;0;0;0;10;10;0;10;10;0
git pull in git bash;10;0.0;5;2022-09-06;0;0;0;0;0;10;0;10;0;0;0;0;0
git pull remote branch without checkout;10;0.0;6;2022-09-06;10;0;10;10;10;10;10;10;10;0;10;10;0
git push and git commit;10;0.0;5;2022-09-06;0;0;10;0;0;10;10;10;10;10;0;10;0
git push in git bash;10;0.0;5;2022-09-06;0;0;10;0;0;10;0;0;0;10;0;0;0
git push and git pull;10;0.0;5;2022-09-06;0;10;0;0;0;0;0;10;0;0;0;0;0
git merge git pull;10;0.0;4;2022-09-06;10;10;0;0;10;0;10;0;0;0;0;10;0
git pull how to;10;0.0;3;2022-09-06;10;10;10;10;10;0;10;10;10;10;10;0;0
git merge or pull;10;0.0;4;2022-09-06;0;10;0;10;0;0;0;0;0;0;0;10;0
git pull amended commit;10;0.0;4;2022-09-06;10;10;10;10;10;10;10;10;0;10;10;10;0
git pull to merge;10;0.0;3;2022-09-06;0;0;0;0;0;10;0;0;10;0;0;0;0
git merge and pull request;10;0.0;5;2022-09-06;0;0;0;0;0;0;10;0;0;0;10;0;0
git pull by commit;10;0.0;3;2022-09-06;0;0;0;0;0;0;0;10;0;10;0;0;0
git merge with pull request;10;0.0;5;2022-09-06;0;0;0;0;10;10;10;0;0;10;0;10;0
github pull commit;10;0.0;3;2022-09-06;0;0;0;10;10;10;10;0;10;10;10;10;0
git pull with ssh key;10;0.0;5;2022-09-06;10;10;10;20;0;10;10;10;10;10;10;10;0
git pull from commit;10;0.0;4;2022-09-06;10;10;10;10;10;10;10;10;10;10;10;10;0
github pull request commit;10;0.0;4;2022-09-06;0;0;0;10;0;0;0;0;0;10;0;0;0
git pull origin commit;10;0.0;4;2022-09-06;0;0;0;0;0;0;10;0;10;0;10;0;0
git how to merge pull request;10;0.0;5;2022-09-06;10;10;10;10;10;10;10;10;10;10;10;0;0
git pull with commit;10;0.0;4;2022-09-06;0;0;0;10;0;10;10;0;0;0;0;10;0
git merge with pull;10;0.0;4;2022-09-06;0;10;10;0;0;0;10;10;10;10;0;10;0
github push and pull;10;0.0;4;2022-09-06;10;10;10;20;10;10;10;10;10;20;10;10;0
github push to main;10;0.0;3;2022-09-06;10;10;10;10;20;10;10;10;10;10;10;10;0
github ssh push;10;0.0;3;2022-09-06;10;10;10;10;0;10;10;10;10;10;10;10;0
git push remote origin;10;0.0;4;2022-09-06;10;10;20;10;20;10;10;10;10;10;10;10;0
git push pull commit;10;0.0;4;2022-09-06;10;10;10;10;10;10;10;10;10;10;10;10;0
git push origin master main;10;0.0;5;2022-09-06;0;10;0;10;0;0;0;0;0;10;10;0;0
git clone master and branch;10;0.0;5;2022-09-06;0;10;0;0;0;0;0;0;0;10;10;0;0
git push master branch;10;0.0;4;2022-09-06;10;10;10;10;10;10;10;10;10;10;10;10;0
git push main origin;10;0.0;4;2022-09-06;10;10;10;0;10;10;0;0;0;10;10;10;0
github push new branch;10;0.0;4;2022-09-06;10;10;20;10;10;10;10;10;10;20;10;10;0
git push origin master ssh;10;0.0;5;2022-09-06;0;0;10;10;0;0;0;0;0;0;0;0;0
git pull and git rebase;10;0.0;5;2022-09-06;0;10;0;0;10;0;0;0;0;0;0;0;0
git push origin master branch;10;0.0;5;2022-09-06;0;0;0;0;0;10;0;0;0;0;0;10;0
github push to branch;10;0.0;3;2022-09-06;10;10;10;10;10;10;10;10;10;10;10;10;0
git push u origin main;10;0.0;4;2022-09-06;10;10;10;10;10;10;10;10;10;10;10;0;0
git push master to different remote branch;10;0.0;6;2022-09-06;10;0;0;0;0;10;0;0;0;0;0;10;0
intranet 02;10;0.0;1;2022-09-01;0;0;0;0;0;10;0;0;0;0;10;0;0
k2 no code;10;0.0;2;2022-09-02;0;0;0;0;0;10;0;0;0;0;0;0;0
git push by https;10;0.0;3;2022-09-06;0;10;10;10;10;10;10;10;10;10;10;0;0
fetch a pull request;10;0.0;3;2022-09-06;10;10;10;0;10;10;10;10;10;0;0;10;0
fetch pull push git;10;0.0;4;2022-09-06;10;10;0;10;10;10;10;0;10;0;10;0;0
git checkout commit on branch;10;0.0;4;2022-09-06;10;0;10;10;10;0;0;10;10;10;0;10;0
git pull without push;10;0.0;4;2022-09-06;0;0;0;0;0;0;10;0;0;0;0;10;0
git fetch pr;10;0.0;3;2022-09-06;10;10;10;10;10;10;10;10;10;10;10;10;0
pull and fetch in git;10;0.0;5;2022-09-06;10;10;10;10;10;10;10;10;10;10;0;0;0
fetch pull push;10;0.0;3;2022-09-06;10;10;10;10;0;0;0;10;10;10;10;10;0
git fetch checkout;10;0.0;3;2022-09-06;10;0;10;10;0;10;10;10;0;10;10;0;0
git commit git push example;10;0.0;5;2022-09-06;0;0;0;10;0;0;10;0;0;10;0;0;0
git commit pull push fetch merge;10;0.0;6;2022-09-06;0;0;0;10;0;0;0;10;0;0;10;0;0
git clone and git push;10;0.0;5;2022-09-06;10;0;0;0;0;0;0;0;0;0;0;0;0
git push with pull request;10;0.0;5;2022-09-06;10;0;0;10;0;0;10;10;0;10;0;0;0
git push pull merge commit;10;0.0;5;2022-09-06;0;0;0;10;0;0;0;0;0;0;0;0;0
git pull git push git commit;10;0.0;6;2022-09-06;0;10;0;0;0;10;0;0;0;0;0;0;0
git fetch and git pull;10;0.0;5;2022-09-06;10;10;10;10;10;10;10;10;10;10;10;10;0
git fetch or pull;10;0.0;4;2022-09-06;10;10;10;10;0;10;10;10;10;10;10;10;0
pull vs fetch git;10;0.0;4;2022-09-06;10;10;10;20;10;10;10;10;20;20;10;10;0
git fetch pull push explained;10;0.0;5;2022-09-06;0;10;0;0;0;0;10;10;0;0;10;0;0
push and commit github;10;0.0;4;2022-09-06;10;0;0;0;0;0;0;0;10;0;10;0;0
git pull merge master into branch;10;0.0;6;2022-09-06;0;0;0;10;0;10;0;10;10;0;0;0;0
git fetch and git merge;10;0.0;5;2022-09-06;10;0;0;10;10;10;10;0;0;10;0;10;0
git pull and push;10;0.0;4;2022-09-06;10;10;10;10;10;10;10;10;10;10;10;10;0
push merge commit;10;0.0;3;2022-09-06;0;0;0;0;10;10;0;0;0;0;0;0;0
commit push pull in git;10;0.0;5;2022-09-06;0;0;0;10;10;0;0;0;0;0;0;0;0
git fetch before pull;10;0.0;4;2022-09-06;0;10;10;0;10;10;0;0;10;10;10;10;0
push and merge git;10;0.0;4;2022-09-06;0;0;10;0;0;0;0;0;0;0;10;0;0
push pull fetch git;10;0.0;4;2022-09-06;0;10;10;0;10;0;10;0;0;10;0;0;0
git push to https;10;0.0;3;2022-09-06;0;10;10;0;0;0;0;0;0;0;0;0;0
git remote merge branch to master;10;0.0;5;2022-09-06;0;0;0;10;0;0;0;10;0;0;0;0;0
git push and merge to master;10;0.0;5;2022-09-06;0;0;0;10;10;10;0;0;0;0;10;0;0
merge pushed commits;10;0.0;3;2022-09-06;0;0;0;10;10;10;10;0;0;10;0;10;0
git pull fetch and merge;10;0.0;5;2022-09-06;0;0;0;0;0;10;10;0;0;0;0;0;0
git clone branch master;10;0.0;4;2022-09-06;10;10;10;10;10;10;0
commit push pull git;10;0.0;4;2022-09-06;10;0;0;0;0;0;0;0;0;0;0;0;0
git clone new branch;10;0.0;4;2022-09-06;10;10;0;0;10;0;10;10;0;10;10;10;0
git pull vs git push;10;0.0;5;2022-09-06;10;10;0;10;10;10;10;0;10;0;10;10;0
fetch and pull difference in git;10;0.0;6;2022-09-06;10;10;10;0;10;0;0;0;0;0;10;0;0
git pull request branch to master;10;0.0;5;2022-09-06;0;0;0;10;0;0;0;10;0;0;10;10;0
pull fetch git;10;0.0;3;2022-09-06;10;10;10;10;10;0;10;10;0;10;10;0;0
git pull then push;10;0.0;4;2022-09-06;10;0;0;10;0;0;0;0;0;0;0;10;0
git pull push commit explained;10;0.0;5;2022-09-06;0;0;10;10;10;0;0;0;0;0;0;0;0
git clone branch from origin;10;0.0;5;2022-09-06;0;0;0;10;0;10;0;0;0;0;10;0;0
fetch and pull git;10;0.0;4;2022-09-06;0;0;10;0;0;0;0;0;0;0;10;0;0
push rebase git;10;0.0;3;2022-09-06;0;0;0;0;0;0;0;10;0;0;0;0;0
github pull push;10;0.0;3;2022-09-06;10;10;10;10;10;10;10;10;0
git clone then push;10;0.0;4;2022-09-06;10;0;0;10;0;0;0;0;10;0;0;0;0
git push with merge;10;0.0;4;2022-09-06;10;10;10;10;10;10;0
git push commit add;10;0.0;4;2022-09-06;10;0;10;0;10;0;0;0;0;0;0;0;0
git clone branch commit;10;0.0;4;2022-09-06;10;10;0;10;0;0;10;10;0;0;10;0;0
pull vs fetch in git;10;0.0;5;2022-09-06;0;0;0;10;0;0;10;0;0;0;0;10;0
git clone switch branch;10;0.0;4;2022-09-06;0;0;0;10;10;10;10;0;10;10;0;0;0
git fetch main branch;10;0.0;4;2022-09-06;0;10;0;10;10;10;0;10;0;0;10;10;0
git pull without fetch;10;0.0;4;2022-09-06;10;0;10;10;0;10;10;0;10;10;0;10;0
git push merge commit;10;0.0;4;2022-09-06;0;0;10;10;0;0;10;0;10;10;10;0;0
rebase and push to remote;10;0.0;4;2022-09-06;0;0;0;10;0;0;10;0;0;10;0;0;0
git rebase and push to remote;10;0.0;5;2022-09-06;10;10;10;10;0;10;10;0;10;0;10;10;0
fetch and pull;10;0.0;3;2022-09-06;10;10;0;10;10;0;10;0;10;10;10;10;0
pull or fetch;10;0.0;3;2022-09-06;10;10;10;10;10;10;10;10;10;10;10;0;0
git pull vs push vs fetch;10;0.0;6;2022-09-06;0;10;0;0;0;0;0;0;0;0;0;10;0
rebase pushed commits;10;0.0;3;2022-09-06;10;10;0;10;0;10;0;10;10;10;10;10;0
fetch pull request;10;0.0;3;2022-09-06;0;10;0;10;10;10;10;10;10;10;10;10;0
git commit branch to master;10;0.0;4;2022-09-06;10;0;10;0;0;0;10;0;10;10;10;10;0
git fetch vs git merge;10;0.0;5;2022-09-06;0;10;0;10;0;10;10;0;10;10;0;0;0
push merge;10;0.0;2;2022-09-06;0;0;10;10;0;10;10;10;10;0;0;10;0
git pull vs fetch merge;10;0.0;5;2022-09-06;0;0;10;0;10;10;0;0;10;0;0;0;0
git pull or push;10;0.0;4;2022-09-06;0;0;0;10;0;0;0;0;0;0;10;0;0
fetch pull;10;0.0;2;2022-09-06;10;10;10;10;10;10;10;10;10;10;10;10;0
git fetch remote branch and checkout;10;0.0;6;2022-09-06;0;10;10;10;10;10;10;10;10;10;10;10;0
git pull branch master;10;0.0;4;2022-09-06;10;0;0;0;0;10;0;10;0;10;0;10;0
github pull push commit;10;0.0;4;2022-09-06;10;10;0;10;10;10;10;10;10;10;10;10;0
git fetch and rebase;10;0.0;4;2022-09-06;10;10;10;10;10;10;10;10;10;10;10;10;0
pull fetch merge;10;0.0;3;2022-09-06;0;10;10;10;10;10;10;10;10;10;10;10;0
rebase and push;10;0.0;3;2022-09-06;0;0;10;10;10;10;10;0;0;10;10;10;0
git pull fetch rebase;10;0.0;4;2022-09-06;0;0;0;0;0;0;0;10;0;0;0;10;0
git push git commit git add;10;0.0;6;2022-09-06;0;0;0;0;10;0;0;0;0;0;0;0;0
git fetch merge pull;10;0.0;4;2022-09-06;0;0;10;10;0;0;0;0;0;0;0;0;0
push a commit to github;10;0.0;3;2022-09-06;0;0;10;0;10;10;0;0;0;0;0;0;0
push commit git;10;0.0;3;2022-09-06;10;10;10;0;10;10;10;10;10;10;0;0;0
fetch pull request github;10;0.0;4;2022-09-06;0;10;0;0;0;0;0;0;0;10;10;0;0
rebase push;10;0.0;2;2022-09-06;10;10;0;0;10;10;10;10;0;0;10;10;0
git pull push fetch;10;0.0;4;2022-09-06;10;10;10;10;10;10;10;0
git add commit push pull;10;0.0;5;2022-09-06;0;10;10;0;0;0;0;0;0;0;10;0;0
pull and fetch;10;0.0;3;2022-09-06;0;0;0;0;10;0;10;0;10;0;10;0;0
git fetch pull request;10;0.0;4;2022-09-06;10;10;10;10;10;10;10;10;10;10;10;10;0
git pull is fetch and merge;10;0.0;6;2022-09-06;0;0;0;0;10;10;10;10;0;0;10;0;0
git rebase git push;10;0.0;4;2022-09-06;10;10;10;10;10;0;10;10;0;10;10;10;0
git push a commit to remote branch;10;0.0;5;2022-09-06;0;0;0;0;0;0;0;0;0;0;0;10;0
git push or merge;10;0.0;4;2022-09-06;0;0;0;0;0;0;0;0;10;0;0;10;0
pull fetch push git;10;0.0;4;2022-09-06;10;0;10;10;10;0;0;0;0;10;10;0;0
git fetch a branch;10;0.0;3;2022-09-06;0;10;10;0;0;10;10;10;10;10;0;10;0
git clone git push;10;0.0;4;2022-09-06;10;10;10;10;10;0;0;10;0;0;10;0;0
git commit push pull;10;0.0;4;2022-09-06;0;0;10;10;10;0;10;10;10;10;10;10;0
git fetch new remote branch;10;0.0;5;2022-09-06;0;10;10;10;10;0;10;0;10;10;10;10;0
fetch vs pull visual studio;10;0.0;5;2022-09-06;10;0;0;10;0;0;10;0;0;10;10;10;0
git fetch branch without checkout;10;0.0;5;2022-09-06;10;10;0;10;10;10;0;10;10;10;10;0;0
push commit github;10;0.0;3;2022-09-06;0;0;0;0;0;10;10;0;0;0;0;10;0
ac wind sp z oo opinie forum;10;0.0;6;2022-09-09;10;10;10;10;10;10;0;10;10;0;0;0;0
workflow company;10;0.0;2;2022-08-17;10;10;10;10;0;10;10;10;10;10;10;0;0
typy podstawowe java;10;0.0;3;2022-08-19;10;10;10;10;10;10;10;10;0;10;10;10;0
java bez instalacji;10;0.0;2;2022-08-04;0;10;10;10;10;0;0;10;10;10;10;10;0
projekt ide;10;0.0;2;2022-08-12;0;0;0;0;0;10;0;10;10;0;10;0;0
narzędzia do prototypowania;10;0.0;2;2022-08-17;20;10;10;20;10;40;10;10;10;10;10;10;0
timothy ferriss dieta;10;0.0;3;2022-06-04;10;10;10;10;10;10;0
udemy sql kursu;10;0.0;3;2022-06-06;10;0;0;0;0;0;0;0;10;0;0;0;0
udemy kursy online;10;0.0;3;2022-06-06;10;10;10;10;10;0;10;20;20;10;10;10;0
język programowania komputerowego metagram basia;10;0.0;5;2022-06-06;10;10;10;0;0;0;0;10;10;10;10;0;0
hard skills co to je;10;0.0;2;2022-07-12;0;0;0;0;0;0;10;0;0;10;0;10;0
czy warto uczyć się javy;10;2.74;3;2022-07-13;10;10;10;20;10;10;10;10;10;10;10;20;0
java tablice string;10;0.0;3;2022-06-14;10;10;10;10;10;10;10;10;10;20;10;10;0
zostać programistą po 40;10;0.0;3;2022-06-12;20;10;10;10;10;10;10;10;10;20;10;20;0
digital transformation podcast;10;0.0;3;2022-05-02;10;0;10;10;0;10;0;0;10;10;10;10;0
check out 1;10;0.0;2;2022-06-23;0;0;0;0;10;0;0;0;0;0;10;0;0
języki programowania jakie sa;10;1.61;3;2022-06-06;0;40;40;50;0;0;0;0;0;0;0;0;0
mity 8;10;0.0;1;2022-06-01;0;0;0;0;0;0;0;0;0;0;0;10;0
kontrola obiegu informacji w firmie to;10;0.0;4;2022-08-01;10;50;10;0;30;10;10;0;0;0;0;50;0
it systems used in retail;10;0.0;5;2022-04-02;0;0;0;0;10;0;0;0;0;0;0;0;0
darmowy system obiegu dokumentów;10;0.0;4;2022-07-29;10;10;10;10;10;10;10;10;10;10;10;10;0
operatory matematyczne java;10;0.0;3;2022-08-28;10;10;10;10;10;10;10;10;10;50;20;10;0
java operator modulo;10;0.0;3;2022-08-28;10;10;10;10;10;10;10;10;10;10;10;10;0
backend with java;10;0.0;3;2022-06-28;0;10;10;10;0;0;10;10;10;10;10;0;0
backend java junior;10;0.0;3;2022-06-28;0;0;10;0;0;0;0;0;0;0;0;0;0
backend for java;10;0.0;3;2022-06-28;0;10;0;0;0;0;0;0;0;0;0;0;0
log4j2 lombok;10;0.0;2;2022-08-13;10;10;10;10;10;10;10;10;10;10;10;10;0
ascii 55;10;0.0;2;2022-08-11;10;10;10;10;10;10;10;0;10;10;10;10;0
low code system;10;11.27;3;2022-09-15;10;10;10;10;10;10;10;10;10;10;10;10;0
software low code;10;0.0;3;2022-09-15;0;0;0;0;0;0;0;0;0;0;0;10;0
no code low code platform;10;9.57;4;2022-09-15;10;10;10;10;10;10;10;10;10;10;10;10;0
low code automation platform;10;0.0;4;2022-09-15;10;0;10;10;0;10;10;10;10;10;0;0;0
low code business process management software;10;0.0;6;2022-09-15;0;10;0;0;0;0;0;0;0;10;0;0;0
low code companies stocks;10;0.0;4;2022-09-15;0;0;0;0;0;0;10;0;0;0;0;0;0
low code technologie;10;0.0;3;2022-09-15;10;0;0;0;0;0;0;0;0;0;0;0;0
application low code;10;0.0;3;2022-09-15;0;10;0;0;0;0;0;0;0;0;0;0;0
low code marketing automation;10;0.0;4;2022-09-15;0;0;0;10;0;0;0;0;0;0;0;0;0
low code it;10;0.0;3;2022-09-15;0;10;0;10;10;0;0;0;0;0;0;0;0
platform low code;10;12.85;3;2022-09-15;10;10;10;10;20;10;10;10;10;10;10;10;0
sharepoint workflow k2;10;0.0;3;2022-09-20;0;0;0;10;0;0;0;0;0;0;0;0;0
jak pracuje programista;10;2.57;2;2022-09-19;10;20;10;10;10;10;10;10;10;10;10;10;0
low code application;10;7.55;3;2022-09-15;10;10;10;10;10;10;10;10;10;10;10;10;0
no code business process automation;10;0.0;4;2022-09-15;0;0;0;0;0;0;10;10;0;0;0;0;0
low code no code automation;10;0.0;4;2022-09-15;10;0;0;0;0;0;10;0;0;0;0;0;0
no code workflow platform;10;0.0;3;2022-09-15;0;0;0;10;10;0;0;0;0;0;0;0;0
microsoft teams low code;10;0.0;4;2022-09-15;0;0;0;0;0;0;0;0;10;0;0;0;0
low code business process management;10;0.0;5;2022-09-15;0;0;0;0;0;0;0;0;0;10;0;0;0
low code case study;10;0.0;4;2022-09-15;0;10;10;10;0;0;0;0;10;0;0;10;0
code low;10;0.0;2;2022-09-15;0;0;10;10;10;10;10;0;0;0;10;10;0
low code logo;10;0.0;3;2022-09-15;10;0;0;0;10;10;10;10;10;10;10;0;0
maximizing microsoft teams;10;0.0;3;2022-09-13;0;0;0;0;10;0;0;0;0;0;0;0;0
faktura ustrukturyzowana platforma;10;0.0;3;2022-09-15;10;10;10;10;10;10;0
developer co to je;10;0.0;1;2022-10-04;0;0;10;0;0;0;0;10;0;0;0;0;0
iteracja i rekurencja;10;0.0;2;2022-12-05;0;0;30;30;40;10;10;10;20;20;0;0;0
singleton java 8;10;0.0;2;2022-11-27;10;0
java 8 singleton;10;0.0;2;2022-11-27;0;10;10;10;10;0;10;0;0;10;10;0;0
singleton java getinstance;10;0.0;3;2022-11-27;10;10;0
hashcode equals in java;10;0.0;4;2022-11-27;0;10;0;0;10;10;0;10;10;10;0;0;0
hashcode vs equals java;10;0.0;4;2022-11-27;10;10;10;10;10;10;0;10;0;10;10;10;0
equals and hashcode lombok;10;0.0;4;2022-11-27;0;0;0;0;0;0;0;0;0;10;0;0;0
hashcode vs equals in java;10;0.0;5;2022-11-27;10;10;0;10;0;10;0;10;10;10;10;10;0
java equals hashcode example;10;0.0;4;2022-11-27;10;0;0;0;0;10;0;0;10;10;10;0;0
java equals and hashcode methods;10;0.0;5;2022-11-27;0;10;0;0;0;0;0;0;0;10;10;10;0
java hashcode equals contract;10;0.0;4;2022-11-27;10;10;10;10;10;10;10;20;10;20;10;10;0
hard reset commit git;10;0.0;4;2022-10-27;10;10;0;10;0;0;10;10;10;0;0;0;0
rapid application development model;10;0.0;4;2022-11-09;10;0;10;10;10;10;10;0;10;10;10;10;0
software business process;10;0.0;3;2022-11-09;10;10;10;10;10;10;10;0;0;10;10;10;0
software business process management;10;0.0;4;2022-11-09;0;10;10;10;10;10;10;10;10;10;10;10;0
java se 21;10;0.0;3;2022-11-14;0;0;0;0;0;10;10;10;0;10;10;0;0
procedura akceptacji faktur kosztowych;10;0.0;4;2022-11-10;10;30;10;10;10;10;10;10;0;10;10;10;0
string are immutable in java;10;0.0;5;2022-10-14;10;10;10;10;0;0;0;10;10;0;0;10;0
immutable pattern java;10;0.0;3;2022-10-14;0;0;0;0;0;0;10;10;10;10;0;0;0
java immutable object example;10;0.0;4;2022-10-14;10;0;10;0;0;0;0;10;0;0;0;0;0
metody klasy string java;10;0.0;4;2022-10-14;10;10;10;10;10;10;10;10;10;10;10;10;0
merge the branch to master;10;0.0;4;2022-10-12;0;0;0;10;0;0;0;0;0;0;0;0;0
immutable object in java example;10;0.0;5;2022-10-14;0;0;0;0;10;0;0;0;0;10;0;0;0
immutable string example in java;10;0.0;5;2022-10-14;0;0;0;0;10;0;0;0;0;0;0;0;0
platform as code;10;0.0;3;2022-10-27;10;10;0;10;0;10;10;0;10;10;0;10;0
platform as a code;10;0.0;3;2022-10-27;10;0;10;10;10;10;10;10;10;10;10;10;0
process modelling software;10;4.85;3;2022-11-25;10;10;10;10;10;10;10;10;10;10;0;10;0
prozess workflow software;10;0.0;3;2022-11-25;0;0;0;10;0;0;0;0;0;0;0;0;0
a switch case;10;0.0;2;2022-10-09;0;0;0;0;0;0;0;0;0;10;0;0;0
amend a commit;10;0.0;2;2022-10-31;10;0;10;0;10;10;10;0;10;0;0;0;0
no code workflow;10;0.0;2;2022-11-04;10;0;10;10;10;10;10;10;10;0;0;0;0
it blog posts;10;0.0;3;2022-11-08;10;10;0
technika pomodoro nauka;10;0.0;3;2022-10-12;10;10;10;10;10;10;10;10;10;10;10;10;0
programowanie if;10;0.0;2;2022-09-23;10;10;20;20;10;10;10;10;10;20;20;10;0
programowanie front end czy back end;10;1.66;5;2022-09-23;20;10;10;20;10;10;10;10;0;0;0;0;0
len java;10;0.0;2;2022-09-23;10;10;10;10;20;10;10;0;10;10;10;10;0
genzie emotki;10;0.0;2;2022-09-26;0;0;0;0;0;10;10;10;0;0;0;0;0
frontend e backend;10;0.0;3;2022-09-27;0;0;0;0;0;0;0;10;10;0;0;0;0
it junior developer;10;0.0;3;2022-09-19;10;10;10;10;10;10;10;10;10;10;0;10;0
ai java example;10;0.0;3;2022-12-13;10;10;10;0;0;0;0;0;0;0;10;0;0
java class singleton;10;0.0;3;2022-12-11;10;10;0;0;0;0;0;0;10;0;0;0;0
java program do programowania;10;2.71;3;2022-12-11;10;10;10;20;10;10;10;10;10;20;10;10;0
java program hello;10;0.0;3;2022-12-11;0;0;0;0;0;0;0;0;0;10;0;0;0
switch string java 6;10;0.0;3;2022-12-11;0;0;0;0;10;0;0;0;0;0;0;0;0
and in java if;10;0.0;4;2022-12-11;10;0;10;0;0;10;0;0;0;10;10;10;0
program java windows 10;10;0.0;3;2022-12-11;0;10;0;10;0;10;0;10;10;10;10;10;0
switch case and;10;0.0;3;2022-12-11;10;10;10;10;10;10;10;10;10;10;10;10;0
string java charat;10;0.0;3;2022-12-11;0;10;0;10;10;10;0;10;10;10;10;0;0
boot spring framework;10;0.0;3;2022-12-11;10;0;0;10;0;0;0;0;10;0;0;0;0
program java hello world;10;0.0;4;2022-12-11;10;10;10;0;10;0;0;0;10;10;10;10;0
string java immutable;10;0.0;3;2022-12-11;10;10;10;10;10;10;10;10;0;0;10;10;0
boot spring java;10;0.0;3;2022-12-11;0;10;0;0;0;10;0;10;10;10;10;0;0
program java if else;10;0.0;4;2022-12-11;0;10;0;10;0;0;0;0;0;0;10;0;0
wymagania junior java developer;10;0.0;4;2022-12-11;20;10;10;10;10;10;10;10;10;10;10;10;0
do it java;10;0.0;2;2022-12-11;0;10;0;0;0;0;0;0;0;0;0;10;0
spring boot in java;10;0.0;4;2022-12-11;10;0;10;0;0;10;10;0;0;10;0;0;0
online kurs java;10;0.0;3;2023-01-13;0;0;0;0;0;10;10;10;0;0;0;10;0
switch java 18;10;0.0;3;2022-12-11;0;0;0;0;0;0;0;0;10;10;0;0;0
java switch case with enum;10;0.0;5;2022-12-11;0;0;0;0;10;10;10;10;0;10;0;0;0
java 8 stringbuilder;10;0.0;2;2022-12-11;10;10;10;10;10;10;10;10;10;10;10;10;0
java switch case enum string example;10;0.0;6;2022-12-11;0;10;0;10;0;0;10;0;0;0;0;0;0
switch case java for string;10;0.0;5;2022-12-11;0;0;0;0;0;0;0;0;0;10;0;10;0
switch case java with string;10;0.0;5;2022-12-11;0;0;10;0;0;10;0;0;0;10;0;0;0
java 7 stringbuilder;10;0.0;2;2022-12-11;0;0;0;0;0;0;0;0;10;0;10;0;0
java switch case on string;10;0.0;4;2022-12-11;0;0;0;10;10;0;0;0;10;10;0;10;0
java switch case yield;10;0.0;4;2022-12-11;0;0;0;0;0;10;10;0;0;10;0;0;0
java 8 string split;10;0.0;3;2022-12-11;10;10;10;10;0;10;10;10;10;10;0;10;0
java switch case for string;10;0.0;5;2022-12-11;0;0;10;0;0;10;10;0;0;10;0;10;0
java 8 string replace;10;0.0;3;2022-12-11;0;10;10;10;0;10;10;10;0;10;10;0;0
java switch case with string;10;0.0;5;2022-12-11;10;10;10;10;10;10;10;10;10;10;10;10;0
java czy javascript co wybrac;10;0.0;5;2022-12-22;30;20;20;10;10;0;10;10;0;10;10;0;0
pratt & whitney germany;10;0.0;4;2023-05-20;0;10;10;10;0;0;0;0;0;0;0;0;0
push head to remote branch;10;0.0;4;2022-09-30;0;10;0;10;10;10;10;0;10;0;0;0;0
logo pratt & whitney;10;0.0;4;2023-05-20;10;10;10;10;20;10;10;10;10;10;10;10;0
inicjalizacja programowanie;10;0.0;2;2023-05-21;10;10;10;10;10;10;10;10;0;10;10;10;0
ibm notes automatic reply;10;0.0;4;2023-05-20;0;10;0;10;10;0;0;10;0;0;0;10;0
prometheus kurs;10;0.0;2;2023-05-21;10;10;10;10;10;10;10;10;20;10;10;10;0
prometheus linux;10;0.0;2;2023-05-21;20;20;20;10;20;10;10;10;10;10;10;10;0
james gosling wikipedia;10;0.0;3;2023-05-20;10;0;10;10;0;10;0;0;10;0;0;10;0
freemium logo;10;0.0;2;2023-05-21;0;0;10;0;0;0;0;0;0;10;10;0;0
apache cassandra facebook;10;0.0;3;2023-05-21;0;0;0;0;0;0;0;0;10;0;0;0;0
freemium wiki;10;0.0;2;2023-05-21;10;10;0;10;10;10;0;0;0;10;10;0;0
freemium website;10;0.0;2;2023-05-21;0;0;10;0;0;0;0;0;0;0;0;0;0
pratt & whitney canada logo;10;0.0;5;2023-05-21;0;0;0;0;0;0;0;10;0;10;10;0;0
instrukcje sterujące java;10;0.0;3;2023-05-21;10;10;10;10;10;10;10;10;10;10;20;10;0
prometheus open source;10;0.0;3;2023-05-21;10;10;10;10;10;10;10;10;10;10;10;10;0
prometheus w;10;0.0;1;2023-05-21;10;10;0;0;0;10;0;0;0;0;0;0;0
prometheus php;10;0.0;2;2023-05-21;10;10;20;10;10;10;10;10;10;20;10;10;0
o prometheus;10;0.0;1;2023-05-21;0;0;0;0;0;0;0;0;0;10;0;0;0
firma rohlig suus logistics;10;0.0;4;2023-05-21;0;0;0;10;10;10;10;10;10;10;10;0;0
freemium hosting;10;0.0;2;2023-05-21;0;10;0;0;0;0;10;0;0;0;0;10;0
artificial intelligence java;10;1.93;3;2023-02-04;10;10;10;10;10;10;10;10;10;20;10;20;0
redo commit git;10;0.0;3;2023-02-16;10;10;0;10;0;10;10;10;10;10;10;10;0
intrum justitia warszawa ul domaniewska;10;0.0;4;2023-02-22;10;10;0;10;10;10;10;0;10;10;10;10;0
intrum justitia online;10;0.0;3;2023-02-22;0;0;10;10;0;0;0;0;10;0;0;0;0
prometheus monitoring tool;10;0.0;3;2023-02-03;10;10;10;10;10;0;0;10;10;10;10;10;0
prometheus monitoring system;10;0.0;3;2023-02-03;10;10;10;10;10;10;10;10;0;10;10;10;0
monitoring prometheus grafana;10;0.0;3;2023-02-03;10;10;10;10;10;10;10;0;10;10;10;0;0
webcon bpm;10;0.0;2;2023-03-11;10;10;10;10;10;10;10;10;10;10;10;10;0
git github desktop;10;0.0;3;2023-03-21;0;0;0;10;0;0;0;10;0;0;10;0;0
co soft;10;0.0;1;2023-03-01;10;10;10;10;10;10;10;10;10;10;10;10;0
rohlig suus deutschland sendungsverfolgung;10;0.0;4;2022-12-15;0;10;0;0;0;0;10;0;0;10;0;0;0
it business automation;10;0.0;3;2022-12-13;0;0;0;0;0;0;0;0;0;10;0;0;0
gra z papierem i kamieniem;10;0.0;3;2022-12-15;0;30;10;10;10;0;10;0;0;10;10;0;0
switch case java 7;10;0.0;3;2022-12-11;0;0;10;0;0;0;0;10;0;0;0;0;0
switch java 13;10;0.0;3;2022-12-11;10;10;10;10;10;10;0;10;0;10;10;0;0
java development jdk;10;0.0;3;2022-12-11;0;0;0;0;10;0;0;0;10;10;10;0;0
switch java 14;10;0.0;3;2022-12-11;10;10;10;10;10;10;10;10;10;10;10;0
java development toolkit;10;0.0;3;2022-12-11;10;0;0;0;0;10;10;10;0;10;10;10;0
java dev kit 17;10;0.0;4;2022-12-11;0;10;0;10;10;0;0;0;0;10;0;0;0
mail roedl pro;10;0.0;3;2022-11-18;0;10;0;10;10;0;0;0;10;0;10;0;0
bugfix branch;10;0.0;2;2023-01-27;10;10;10;10;10;10;10;10;10;10;10;10;0
workflow app download;10;0.0;3;2023-02-09;0;0;0;0;0;0;0;0;0;10;0;0;0
praca zdalna programy;10;0.0;3;2022-12-20;20;10;20;10;10;10;10;10;10;10;20;10;0
projekt programowanie;10;0.0;2;2023-02-10;10;10;10;10;10;10;10;30;10;10;20;10;0
switch java 16;10;0.0;3;2023-04-03;10;10;10;10;10;0;10;0;10;10;10;10;0
business process automation solution;10;0.0;4;2023-04-06;0;0;10;0;0;0;0;0;0;0;10;0;0
business process management cloud services;10;0.0;5;2023-04-06;0;0;0;10;0;0;0;0;10;0;0;0;0
business process management solution;10;0.0;4;2023-04-06;0;0;0;0;10;10;0;0;0;0;10;10;0
business process management software solution;10;0.0;5;2023-04-06;0;0;0;10;0;0;0;0;0;0;0;0;0
lotus notes 11 download;10;0.0;4;2023-03-16;10;0;0;0;10;0;0;0;0;0;0;0;0
lotus notes database migration;10;0.0;4;2023-03-16;0;10;0;0;0;0;10;0;10;0;0;0;0
lotus notes migration to sharepoint;10;0.0;4;2023-03-16;0;10;10;0;0;0;10;0;10;0;10;0;0
lotus notes 2021;10;0.0;3;2023-03-16;0;0;10;0;0;0;0;0;0;0;0;0;0
lotus notes 11;10;0.0;3;2023-03-16;0;10;10;10;10;10;0;0;10;10;0;0;0
logo lotus notes;10;0.0;3;2023-03-16;10;0;10;10;10;10;10;10;0;0;0;10;0
is lotus notes still supported;10;0.0;5;2023-03-16;0;0;10;0;0;0;0;0;0;0;0;0;0
test sql rozmowa kwalifikacyjna;10;0.0;4;2023-03-30;10;10;10;10;10;10;10;10;10;10;10;10;0
iteracja przykłady;10;0.0;2;2023-05-20;0;0;70;70;0;0;0;0;0;0;0;0;0
java development kit in java;10;0.0;5;2023-05-20;0;0;0;0;10;0;0;0;0;0;10;0;0
netbeans ide for java;10;0.0;4;2023-05-20;10;10;20;10;10;10;10;10;10;20;20;10;0
sortowanie bąbelkowe kalkulator;10;0.0;3;2023-05-20;30;10;20;10;10;10;10;10;50;30;0
& operator java;10;0.0;3;2023-05-20;10;10;10;10;10;10;10;10;10;10;10;10;0
junit java 8;10;0.0;2;2023-05-20;0;0;10;0;10;10;10;10;0;0;0;10;0
junit testy;10;0.0;2;2023-05-20;20;10;10;10;10;10;10;10;10;10;10;10;0
pratt & whitney division;10;0.0;4;2023-05-20;0;0;0;0;0;0;10;0;0;10;0;0;0
test bps;10;0.0;2;2023-05-20;10;0;10;10;10;10;0;10;10;10;10;0;0
ready made job;10;0.0;3;2023-05-20;10;10;10;10;0;0;10;0;0;10;10;0;0
junit given;10;0.0;2;2023-05-20;10;10;10;10;10;10;10;10;0;10;0;0;0
rpa vs dpa;10;0.0;3;2023-05-04;0;10;10;0;0;10;0;0;10;0;10;10;0
rpa vs bpm;10;0.0;3;2023-05-04;10;10;10;10;10;10;10;10;10;0;10;10;0
deadlock it;10;0.0;2;2023-05-20;10;10;10;10;10;10;10;10;10;10;10;10;0
serializacja programowanie;10;0.0;2;2023-05-20;10;10;10;10;10;10;10;10;10;10;10;10;0
netbeans lombok;10;0.0;2;2023-05-20;10;10;0;0;10;10;10;10;10;10;0;0;0
logo pratt & whitney canada;10;0.0;5;2023-05-20;0;0;0;0;0;10;0;0;0;0;0;0;0
soft skills what is it;10;0.0;5;2022-08-12;10;10;10;10;10;10;0;0;10;0;10;10;0
protocol buffers json;10;0.0;3;2023-06-19;0;0;10;0;0;10;10;10;10;10;0;0;0
protocol buffers 3;10;0.0;2;2023-06-19;0;0;0;10;0;10;0;10;10;10;0;0;0
protocol buffers lite;10;0.0;3;2023-06-19;10;0;0;10;0;0;0;0;10;10;0;0;0
protocol buffers java tutorial;10;0.0;4;2023-06-19;0;0;0;0;10;0;0;0;0;0;0;0;0
edytor programistyczny;10;0.0;2;2023-06-15;10;10;10;10;10;10;10;10;10;20;10;10;0
microsoft power flow;10;0.0;3;2023-06-18;10;10;10;10;10;10;10;10;10;10;0;10;0
logo microsoft power automate;10;0.0;4;2023-06-18;10;0;0;10;0;0;0;0;0;0;0;0;0
media markt mitsubishi klima;10;0.0;4;2023-06-06;0;0;0;0;0;0;0;10;0;0;0;0;0
business process management software gartner magic quadrant;10;0.0;7;2023-06-22;0;0;0;0;0;10;0;0;0;0;0;0;0
business process management systems strategy and implementation;10;0.0;7;2023-06-22;0;0;0;0;0;10;0;0;0;0;10;10;0
google protocol buffers java;10;0.0;4;2023-06-19;0;10;10;0;0;0;10;10;10;10;0;10;0
protocol buffers java example;10;0.0;4;2023-06-19;0;0;0;0;10;0;10;0;0;0;0;0;0
protocol buffers java;10;0.0;3;2023-06-19;0;10;10;10;10;10;10;10;0;10;10;0;0
protocol buffers vs json;10;0.0;4;2023-06-19;10;10;20;10;10;10;10;10;10;10;10;10;0
company workflow management system;10;0.0;4;2023-06-01;0;0;0;0;0;0;0;0;0;10;0;10;0
jak zrobić papier kamień nożyce w scratchu;10;0.0;5;2023-06-02;20;30;10;10;10;10;10;10;40;10;0
programowanie po polsku;10;1.35;2;2023-06-02;20;20;10;10;20;10;20;10;20;20;20;10;0
back end kurs;10;0.0;3;2023-06-02;10;10;0;0;10;10;10;10;10;10;10;10;0
document management system process;10;0.0;4;2023-06-01;0;0;0;0;0;10;0;0;0;0;10;0;0
sharepoint document management system tutorial;10;0.0;5;2023-06-01;0;10;0;0;0;0;10;0;0;10;10;10;0
document management system framework;10;0.0;4;2023-06-01;10;10;0;0;0;0;0;0;0;0;0;0;0
artificial intelligence with machine learning in java;10;0.0;7;2023-06-02;0;0;0;0;10;0;0;0;0;0;0;0;0
technika pomodoro program;10;0.0;3;2023-05-21;0;0;0;10;0;0;0;0;0;0;0;0;0
github jak korzystać;10;0.0;2;2023-05-21;20;30;20;10;10;10;10;10;10;20;10;10;0
alibaba group co to jest;10;0.0;2;2023-05-21;20;30;20;20;20;10;10;10;10;10;10;10;0
budimex opinie gowork;10;0.0;3;2023-05-21;10;10;10;10;10;10;20;10;10;10;10;10;0
if i else;10;0.0;2;2023-06-27;20;10;10;10;10;10;10;10;10;20;20;10;0
if else джава;10;0.0;3;2023-06-27;0;0;0;0;0;10;0;10;10;10;0;10;0
badania nad liczbami pierwszymi;10;0.0;3;2024-02-23;0;0;0;0;10;10;0;0;0;0;10;20;0
artificial intelligence program in java;10;0.0;5;2024-02-16;10;10;10;10;10;0;10;10;10;10;10;10;0
tablica int java;10;0.0;3;2024-01-18;10;10;10;10;20;10;10;10;10;20;20;10;0
business processing software;10;0.0;3;2024-02-15;10;10;10;10;10;10;10;0;10;10;10;0;0
fein bpm;10;0.0;2;2024-02-06;0;0;0;0;0;0;10;50;40;20;20;40;0
ile naprawdę zarabiają programiści;10;0.0;4;2024-02-09;10;10;10;10;10;10;10;10;20;10;10;10;0
it system implementation checklist;10;0.0;4;2023-11-08;0;0;0;0;0;0;0;0;0;10;0;10;0
jak napisać cv programista;10;0.26;3;2023-11-12;10;20;40;10;10;20;10;10;10;10;10;10;0
webcon kraków zarobki;10;0.0;3;2023-10-25;10;10;10;10;10;0
webcon 2019;10;0.0;2;2023-10-25;10;10;10;0
webcon 2021;10;0.0;2;2023-10-25;10;10;10;10;10;10;10;10;0
webcon partnerzy;10;1.07;2;2023-10-25;30;30;20;0
daf webcon;10;0.0;2;2023-10-25;0;0;0;0;0;0;10;0;0;0;0;0;0
webcon it solutions p limited;10;0.0;5;2023-10-25;0;0;0;0;0;0;0;0;10;0;0;0;0
webcon recruitment;10;0.0;2;2023-10-25;0;0;0;0;0;0;10;0;10;0;0;0;0
webcon inc;10;0.0;2;2023-10-25;0;10;10;10;10;10;10;10;10;10;10;0;0
checkout git branch;10;0.0;3;2023-12-05;10;10;10;10;10;10;10;10;10;10;10;10;0
checkout to tag;10;0.0;2;2023-12-05;10;10;10;10;10;20;10;20;10;10;20;10;0
checkout master git;10;0.0;3;2023-12-05;10;0;10;0;0;0;0;0;0;0;10;0;0
checkout a tag git;10;0.0;3;2023-12-05;0;0;0;0;0;10;10;10;0;0;10;10;0
checkout a branch;10;0.0;2;2023-12-05;10;10;10;10;10;0;10;10;0;10;0;10;0
checkout b git;10;0.0;3;2023-12-05;0;10;0;0;10;0;0;0;0;0;0;0;0
git checkout p;10;0.0;3;2023-12-05;0;10;10;10;10;0;0;10;0;0;10;0;0
checkout on tag;10;0.0;2;2023-12-05;10;10;10;10;10;10;10;10;10;10;10;10;0
checkout git tag;10;0.0;3;2023-12-05;10;10;10;10;10;10;0;10;10;0;10;10;0
checkout master;10;0.0;2;2023-12-05;10;10;10;10;10;10;10;10;10;10;10;10;0
webcon ocr;10;1.02;2;2023-10-25;20;10;30;10;10;10;10;10;20;10;10;10;0
webcon low code;10;6.18;3;2023-10-25;0;0;0;20;10;10;10;10;20;0;0;0;0
webcon construction;10;0.0;2;2023-10-25;10;0;0;0;0;0;0;0;0;0;0;10;0
webcon designer studio;10;0.0;3;2023-10-25;0;0;0;10;20;10;30;20;10;0;0;0;0
webcon tablet;10;0.0;2;2023-10-25;10;0;10;0;10;10;0;10;0;0;10;0;0
webcon events;10;0.0;2;2023-10-25;0;10;0;0;0;0;10;0;0;0;0;0;0
fifo kolejka;10;0.0;2;2023-10-30;10;20;10;0
information workflow;10;0.0;2;2023-12-09;0;10;10;10;0;10;0;10;0;0;10;0;0
4 ascii;10;0.0;1;2023-12-09;10;0;10;10;10;0;0;0;0;10;10;0;0
dna outsourcing;10;0.0;2;2024-03-11;0;10;0;0;10;0;10;0;0;10;0;10;0
com day;10;0.0;2;2024-01-07;10;10;10;0;10;10;10;10;10;10;10;10;0
gra papier kamień nożyce online;10;0.0;5;2024-01-10;10;10;10;10;10;10;10;10;10;10;10;10;0
php low code platform;10;0.0;4;2024-03-20;0;0;0;10;10;0;0;0;0;0;0;0;0
mechanizm ocr;10;0.0;2;2024-03-05;10;10;10;10;10;10;10;10;10;10;10;10;0
przykładowy program java;10;0.0;3;2023-07-24;20;10;20;10;10;10;10;10;10;20;10;10;0
śmieszne obrazki do skopiowania;10;0.0;3;2023-07-27;10;10;10;10;10;10;10;10;10;10;10;10;0
web hotels;10;0.0;2;2023-08-10;0;10;10;10;10;0;10;0;0;0;0;0;0
rad app;10;0.0;2;2023-08-10;10;20;20;10;10;10;10;10;10;10;10;10;0
windows for git;10;0.0;3;2023-08-14;0;10;10;10;0;0;0;0;0;10;0;0;0
integration business process;10;0.0;3;2023-08-30;10;10;10;10;10;10;10;10;10;10;10;10;0
be our partner;10;0.0;3;2023-08-30;0;0;0;0;0;10;0;0;10;10;0;10;0
become a partner page;10;0.0;3;2023-08-30;10;0;0;0;0;0;0;0;10;0;0;0;0
aol komunikator;10;0.0;2;2023-09-01;10;0;10;10;0;10;10;10;10;10;10;10;0
rödl & partner gliwice;10;0.0;4;2023-08-24;10;10;10;10;20;10;10;20;10;10;20;10;0
algorytmy i struktury danych java;10;0.0;4;2023-08-16;10;10;20;10;10;20;10;10;10;10;20;10;0
low code hr;10;0.0;3;2023-08-04;0;0;0;0;0;10;0;0;10;0;0;10;0
low code co to jest;10;5.23;2;2023-08-04;10;20;10;10;10;10;10;10;20;20;10;20;0
rad low code;10;0.0;3;2023-08-04;0;0;0;0;10;10;0;0;10;0;0;0;0
od zera do junior developera;10;0.0;3;2023-08-03;10;10;10;10;0;0;10;10;10;10;10;10;0
nintex online;10;0.0;2;2023-07-05;0;0;0;10;0;10;0;0;0;10;0;10;0
nintex cost;10;0.0;2;2023-07-05;0;0;0;0;0;0;0;10;0;0;0;0;0
nintex tool;10;0.0;2;2023-07-05;0;0;10;10;0;0;0;0;0;0;0;0;0
nintex alternatives;10;0.0;2;2023-07-05;0;10;10;0;0;10;10;0;0;10;10;0;0
pomodoro co to je;10;0.0;1;2023-07-10;0;0;0;0;0;0;0;0;10;0;10;0;0
pomodoro historia;10;0.0;2;2023-07-10;10;0;10;0;0;0;0;0;0;0;0;0;0
webinar crm;10;0.0;2;2023-07-10;10;10;10;0;10;10;0;0;0;0;10;10;0
process management platform;10;0.0;3;2023-08-02;0;10;0;0;0;0;0;0;0;0;10;0;0
business process management cloud;10;0.0;4;2023-08-02;10;10;0;0;0;0;0;0;0;0;10;0;0
business process manager software;10;0.0;4;2023-08-02;10;0;10;10;10;10;10;10;10;10;20;10;0
workflow management web application;10;0.0;4;2023-08-02;0;0;0;0;10;0;0;0;0;0;0;0;0
workflow application software;10;0.0;3;2023-08-02;0;0;0;0;10;0;0;0;0;0;10;0;0
business automation software for retail;10;0.0;5;2023-08-02;10;0;0;0;0;0;0;0;0;0;0;0;0
business process management applications;10;0.0;4;2023-08-02;0;0;10;0;0;10;0;0;0;0;10;0;0
workflow systems software;10;0.0;3;2023-08-02;10;10;10;10;0;0;10;0;10;10;0;0;0
process workflow management software;10;0.0;4;2023-08-02;0;0;0;0;0;0;10;0;0;0;0;0;0
automated workflow system;10;0.0;3;2023-08-02;0;0;0;10;0;10;0;10;10;0;10;0;0
forms workflow software;10;0.0;3;2023-08-02;0;0;0;10;0;0;0;0;0;0;10;0;0
enterprise workflow automation software;10;0.0;4;2023-08-02;0;0;10;0;0;0;10;0;0;0;0;0;0
automate flow;10;0.0;2;2023-08-02;10;10;10;10;10;10;10;10;10;20;10;20;0
enterprise process management;10;0.0;3;2023-08-02;10;10;10;10;10;10;0;0;10;0;0;0;0
automated workflow solutions;10;0.0;3;2023-08-02;0;10;0;0;0;0;0;10;0;0;0;0;0
online workflow tool;10;0.0;3;2023-08-02;0;10;0;10;10;10;0;0;10;10;10;10;0
forms automation & workflow;10;0.0;4;2023-08-02;0;0;0;0;0;0;0;0;10;0;10;0;0
business process management tools;10;2.52;4;2023-08-02;10;10;10;10;10;10;10;10;10;10;10;10;0
business process management company;10;0.0;4;2023-08-02;10;10;10;0
sales automation tool;10;0.0;3;2023-08-02;10;10;10;10;10;10;10;10;10;10;10;10;0
enterprise process management software;10;0.0;4;2023-08-02;0;0;0;0;0;0;0;10;0;0;0;0;0
platforma workflow logowanie;10;0.0;3;2023-08-02;20;10;0
application process management;10;0.0;3;2023-08-02;0;0;0;0;0;0;0;10;0;0;0;0;0
instrukcja do while;10;0.0;2;2023-06-20;10;20;10;10;10;10;10;0;10;30;20;20;0
business process management platforms;10;0.0;4;2023-07-13;10;0;0;10;10;10;10;0;0;0;0;10;0
javascript pytania testowe;10;0.0;3;2023-07-24;10;10;10;10;10;10;10;10;10;20;20;10;0
junior backend developer cv;10;0.0;4;2023-07-24;10;10;10;10;10;0;10;10;10;0;10;10;0
business process management automation;10;0.0;4;2023-08-02;10;10;0;10;0;0;0;10;10;0;0;10;0
business process management logo;10;0.0;4;2023-08-02;0;0;0;0;0;0;10;10;0;0;0;0;0
digital forms software;10;0.0;3;2023-08-02;0;0;0;0;0;0;0;10;0;0;0;0;0
flow automate microsoft;10;0.0;3;2023-08-02;10;0;0;0;10;0;0;10;0;0;10;10;0
business automation software for іntegrated enterprise management;10;0.0;7;2023-08-02;0;10;0;0;0;0;0;0;0;0;0;10;0
workflow planning software;10;0.0;3;2023-08-02;0;0;0;0;0;0;0;10;0;0;0;0;0
document workflow management system;10;0.0;4;2023-08-02;10;10;10;10;30;10;10;10;10;10;10;0
business process management and workflow automation;10;0.0;6;2023-08-02;10;0;0;0;0;0;0;0;0;0;0;0;0
what is a business process management tool;10;0.0;6;2023-08-02;0;0;0;0;10;0;0;0;0;0;0;0;0
business process management workflow;10;0.0;4;2023-08-02;10;10;10;10;10;10;0
document workflow management software;10;0.0;4;2023-08-02;10;10;10;10;10;10;10;10;10;10;0
pomodoro system;10;0.0;2;2023-07-10;30;10;10;10;10;10;10;10;10;10;10;10;0
nintex gartner;10;0.0;2;2023-07-05;0;0;0;0;0;0;0;10;10;0;0;0;0
nintex use cases;10;0.0;3;2023-07-05;10;0;0;0;0;0;0;0;0;0;0;0;0
nintex learning;10;0.0;2;2023-07-05;0;0;0;0;0;0;0;0;0;0;10;0;0
nintex migration;10;0.0;2;2023-07-05;0;0;0;0;10;0;0;0;0;0;0;0;0
nintex pricing;10;0.0;2;2023-07-05;10;10;0;10;10;0;10;10;10;10;10;10;0
rapid application development low code;10;0.0;5;2023-08-04;0;0;10;0;0;0;0;0;0;0;0;0;0
code application;10;0.0;2;2023-08-04;10;10;10;10;10;10;10;10;10;10;10;10;0
web low code;10;0.0;3;2023-08-04;0;10;0;0;0;0;10;0;0;0;0;0;0
vision x low code;10;0.0;4;2023-10-05;0;0;0;0;10;0;0;10;0;0;10;0;0
eula b;10;0.0;2;2023-09-29;10;10;0;10;10;10;10;10;10;10;10;0;0
programowanie junior;10;0.36;2;2023-10-02;10;10;10;10;10;10;10;10;10;10;10;10;0
rapid development software;10;0.0;3;2023-09-14;10;10;10;0;10;10;10;10;10;10;10;10;0
rapid mobile application development;10;0.0;4;2023-09-14;0;0;0;0;0;0;0;10;10;0;0;0;0
rapid agile development;10;0.0;3;2023-09-14;10;10;0;10;10;0;0;10;10;0;10;10;0
git reset soft 1 commit;10;0.0;4;2023-10-25;10;10;10;10;10;10;10;10;10;10;10;10;0
software for business processes;10;0.0;4;2023-10-25;10;10;10;10;10;10;10;0;10;10;10;10;0
enterprise document management software;10;0.0;4;2023-10-25;0;0;0;0;0;0;0;10;0;0;0;0;0
webcon labs;10;0.0;2;2023-10-25;0;0;10;0;0;0;10;0;0;0;0;0;0
rapid application development tool;10;0.0;4;2023-09-14;10;10;10;10;10;10;10;10;10;10;10;10;0
rapid application development web;10;0.0;4;2023-09-14;0;0;10;0;0;10;0;10;10;10;0;10;0
rapid application development is;10;0.0;4;2023-09-14;0;0;0;0;0;0;0;0;10;0;0;0;0
framework java spring boot;10;0.0;4;2023-09-13;10;0;0;0;0;0;10;0;0;0;0;0;0
spring framework or spring boot;10;0.0;5;2023-09-13;0;0;10;0;0;0;0;0;0;0;0;0;0
ai junior developer;10;0.0;3;2023-09-16;0;0;0;0;0;0;0;10;0;0;0;0;0
jakie języki programowania;10;0.59;2;2023-09-11;20;10;20;10;10;10;20;10;20;10;10;10;0
buźki emoji do skopiowania;10;0.0;3;2023-09-14;10;10;10;10;10;10;10;10;10;10;10;10;0
ascii art generator java;10;0.0;4;2023-09-16;10;0;10;0;10;0;10;0;0;10;10;10;0
robotic process automation vs business process automation;10;0.0;7;2023-09-11;0;0;0;0;0;0;0;0;10;0;0;0;0
enterprise business process management;10;0.0;4;2023-09-11;0;0;0;0;0;0;0;0;0;0;10;0;0
what is rapid software development;10;0.0;5;2023-09-14;0;0;0;0;0;10;0;0;0;0;0;0;0
rapid application development software;10;0.0;4;2023-09-14;0;0;0;0;10;0;0;10;10;10;0;10;0
google rapid application development;10;0.0;4;2023-09-14;0;10;0;0;0;0;0;0;0;0;0;0;0
rapid development platform;10;0.0;3;2023-09-14;10;0;0;10;10;0;10;10;10;10;10;0;0
the rapid development;10;0.0;3;2023-09-14;0;0;10;10;0;0;0;0;0;0;0;10;0
rapid development company;10;0.0;3;2023-09-14;0;0;10;0;0;0;0;0;0;0;0;0;0
application development and delivery;10;0.0;4;2023-09-14;0;0;0;0;0;10;0;0;0;0;0;0;0
rapid web development;10;0.0;3;2023-09-14;10;10;10;10;10;10;10;0;0;10;10;10;0
git github pull request;10;0.0;4;2023-11-07;10;10;0;10;0;0;0;0;0;0;0;0;0
k2 helpdesk;10;0.0;2;2023-11-06;10;0;0;0;0;0;0;0;0;10;0;10;0
marketing and sales automation;10;0.0;4;2023-11-14;10;10;10;10;10;10;10;10;10;10;10;10;0
marketing sales automation;10;0.0;3;2023-11-14;10;10;10;10;10;10;10;10;10;10;10;10;0
ai with java tutorial;10;0.0;4;2023-11-14;0;0;0;10;0;0;10;10;0;0;0;0;0
blogi technologiczne ranking;10;0.0;3;2023-11-13;10;10;10;10;10;10;10;10;10;10;10;10;0
programowanie jaki jezyk;10;2.08;3;2023-12-18;10;10;20;10;10;10;10;10;10;10;20;10;0
fetch co;10;0.0;1;2023-12-14;0;0;10;0;0;0;0;0;0;0;10;0;0
practical data processing application in business;10;0.0;6;2024-01-02;0;0;0;0;0;10;0;0;0;0;0;0;0
c data oriented design;10;0.0;4;2024-01-02;0;0;0;0;0;0;0;0;10;0;0;0;0
u ascii;10;0.0;1;2023-12-05;20;10;10;10;10;10;10;10;10;10;10;10;0
digital automation technology;10;0.0;3;2024-05-14;0;0;0;0;10;0;0;0;0;0;0;0;0
digital automation examples;10;0.0;3;2024-05-14;0;0;0;10;0;0;0;0;10;0;0;0;0
digital automation;10;0.0;2;2024-05-14;10;10;10;10;10;10;10;10;10;10;10;10;0
enterprise development platform;10;0.0;3;2024-05-14;0;0;0;0;10;0;0;0;10;10;0;0;0
digital process solutions;10;0.0;3;2024-05-14;0;0;0;0;0;0;10;0;0;0;10;0;0
digital automation solutions;10;0.0;3;2024-05-14;10;0;0;0;0;0;0;0;0;0;0;0;0
digital automation platform;10;0.0;3;2024-05-14;0;0;0;0;0;0;0;0;0;0;10;0;0
enterprise workflow solution;10;0.0;3;2024-05-14;0;0;0;0;0;0;10;0;0;0;10;10;0
business process management what is it;10;0.0;6;2024-05-14;0;0;10;10;0;0;0;0;0;0;0;0;0
digital automation meaning;10;0.0;3;2024-05-14;0;0;0;0;0;0;0;0;0;10;0;0;0
ioexception e;10;0.0;2;2024-04-05;10;0;10;10;10;10;0;0;0;0;10;10;0
java 20 switch case;10;0.0;4;2024-04-07;10;0;0;0;0;0;0;0;0;10;10;10;0
w10 java;10;0.0;2;2024-04-08;0;0;0;10;0;10;0;0;0;0;0;0;0
przykładowe projekty c++;10;0.0;3;2024-03-15;10;10;10;20;10;10;10;10;10;20;20;10;0
internet browser eula;10;0.0;3;2024-03-18;0;10;0;10;10;0;10;0;0;10;0;10;0
no limit marketing investment group;10;0.0;4;2024-04-08;0;10;0;0;10;0;0;0;0;0;0;0;0
rapid website development;10;0.0;3;2024-03-20;0;10;0;0;0;0;0;0;10;0;0;0;0
ai programming java;10;0.0;3;2024-03-20;10;10;10;10;10;0;10;10;10;10;10;10;0
program obieg dokumentów;10;0.0;3;2024-05-26;10;10;10;10;10;10;10;10;10;10;10;10;0
bpm platform meaning;10;0.0;3;2024-05-21;0;0;0;0;0;10;0;10;10;0;0;0;0
git list local config;10;0.0;4;2024-07-04;10;10;10;0;0;10;0;0;10;10;10;10;0
free business process management software;10;0.0;5;2024-07-04;10;10;10;0;10;10;10;10;10;10;10;10;0
java ai ml;10;0.0;3;2024-07-04;0;0;10;0;0;0;0;0;0;0;0;0;0
ai and java;10;0.0;3;2024-07-04;10;10;10;10;0
web form workflow;10;0.0;3;2024-06-02;0;0;0;0;10;10;0;0;0;0;0;0;0
ai programming in java;10;0.0;4;2024-03-20;10;10;10;10;10;0;10;10;10;10;10;10;0
rapid web application development;10;0.0;4;2024-03-20;10;10;10;0;0;10;0;10;10;10;10;10;0
rapid web app development;10;0.0;4;2024-03-20;10;10;10;0;0;10;0;10;10;10;10;10;0
projekty dla początkujących programistów;10;1.97;3;2024-01-26;20;10;10;10;10;10;10;10;10;10;10;10;0
lingoda contact;10;0.0;2;2024-01-06;10;0;10;0;0;0;10;10;10;0;0;0;0
lingoda gift card;10;0.0;3;2024-01-06;0;10;10;10;0;10;10;10;0;0;0;0;0
in power automate;10;0.0;3;2023-12-19;10;0;0;0;0;10;0;0;0;10;0;10;0
ai ml with java;10;0.0;4;2024-08-01;0;0;0;0;0;10;0;0;0;0;0;0;0
data vs value lombok;10;0.0;4;2024-08-06;10;10;10;10;10;10;0;0;10;10;0;10;0
value vs data lombok;10;0.0;4;2024-08-06;10;10;10;10;10;10;10;10;10;10;10;10;0
interchange ocr;10;0.0;2;2024-08-09;0;0;0;0;0;0;0;10;10;10;0;0;0
rödl system integration gmbh;10;0.0;4;2024-08-01;0;0;0;0;0;10;10;0;10;10;0;0;0
int na string;10;0.0;2;2024-08-26;10;10;10;10;10;10;10;10;10;10;20;10;0
jak zostac programista bez doswiadczenia;10;0.72;3;2024-08-28;10;10;10;10;10;10;10;20;10;20;30;10;0
what is a rapid application development;10;0.0;5;2024-08-22;10;0;10;10;0;10;0;0;0;10;0;10;0
automation stores;10;0.0;2;2024-09-08;10;10;10;10;10;10;10;10;10;10;10;10;0
auto value;10;0.0;2;2024-09-15;10;20;10;10;10;10;10;10;10;10;10;10;0
deklaracja zmiennych java;10;0.0;3;2024-09-26;10;10;10;10;10;10;10;10;10;20;10;10;0
system binarny dwójkowy przeliczanie;10;0.0;4;2024-09-26;0;10;0;10;10;10;10;10;10;30;10;10;0
business application platform;10;0.0;3;2024-10-04;10;0;10;0;0;0;10;0;0;0;0;10;0
testy junit;10;0.0;2;2024-10-15;10;10;10;10;10;10;10;10;10;10;10;10;0
junit testy jednostkowe;10;0.0;3;2024-10-15;10;10;10;10;10;10;10;10;10;10;0;0;0
programowanie przyszłości;10;0.0;2;2024-10-21;10;10;10;10;10;10;10;10;10;10;10;10;0
workflow forms;10;0.0;2;2024-09-05;0;10;10;0;10;0;10;10;0;10;0;10;0
bpmn 2.0 designer;10;0.0;2;2024-09-05;0;10;0;0;0;0;0;0;0;10;0;0;0
eod hr;10;0.0;2;2024-10-30;0;0;0;0;0;0;0;0;10;10;0;0;0
enterprise low code platform;10;0.0;4;2024-11-12;0;0;10;0;0;10;0;0;0;10;10;10;0
workflow management company;10;0.0;3;2024-11-12;10;0;0;0;0;0;0;0;10;0;0;0;0
workflow automation company;10;0.0;3;2024-11-12;0;0;10;0;0;0;10;0;10;10;0;0;0
pisane emoji;10;0.0;2;2024-11-10;20;10;20;20;10;10;10;10;10;10;10;10;0
czy warto zostać programistą;10;2.66;4;2021-03-10;30;10;10;10;10;10;10;10;10;10;20;10;0
rozmowa kwalifikacyjna programista java;10;0.0;4;2021-03-10;0;10;10;10;10;10;0;10;10;10;10;0;0
php developer co to znaczy;10;0.0;5;2021-03-10;10;0;10;10;10;0;10;10;0;0;0;0;0
junior java programer;10;0.0;3;2021-03-10;0;0;0;0;0;0;0;10;0;0;10;0;0
rpa business process automation;10;0.0;4;2021-03-10;0;0;10;0;0;0;0;0;0;0;10;0;0
net developer front end or backend;10;0.0;6;2021-03-10;0;0;0;10;0;10;10;10;10;0;0;0;0
sztuczna inteligencja java;10;0.0;3;2021-05-05;10;10;10;10;10;10;10;10;10;10;10;10;0
java se runtime 8;10;0.0;3;2021-05-15;0;10;0;10;0;0;0;10;0;10;0;0;0
git kurs online;10;0.0;3;2021-03-10;10;10;10;10;0;10;10;10;10;10;10;10;0
c# back end developer;10;3.67;4;2021-05-15;10;10;10;10;10;10;10;0;10;0;10;10;0
backend development in python;10;0.0;4;2021-03-10;10;10;0;0;0;0;0;10;0;0;0;0;0
java se 12;10;0.0;3;2021-05-15;10;10;10;0;0;10;10;10;0;10;10;10;0
kurs java dla początkujących;10;0.0;4;2021-03-10;30;40;10;10;10;10;10;10;10;10;10;10;2;kurs javy dla początkujących
java kurs dla początkujących
workflow automation tools;10;14.21;3;2021-03-10;10;10;10;10;10;10;10;10;10;10;10;10;0
program java dla windows 10;10;0.0;3;2021-03-10;0;0;0;0;0;0;10;0;10;0;0;0;0
pomysł na program c++;10;0.0;3;2021-03-10;0;10;0;10;0;10;0;10;0;10;0;0;0
wydarzenia it krakow;10;0.0;3;2021-05-12;0;0;10;10;10;0;10;0;10;10;10;10;0
bpm k2;10;0.0;2;2021-05-09;10;10;10;10;10;10;10;10;10;10;10;0
java instalacja windows 10;10;0.0;4;2021-03-10;10;20;10;10;10;10;10;10;10;10;10;10;1;instalacja java windows 10
żle wypadłem na rozmowie kwalifikacyjnej;10;0.0;4;2021-03-10;10;10;0
nauka php od czego zacząć;10;0.0;4;2021-03-10;10;10;10;0;10;10;10;10;10;10;10;10;0
workflow automation platform;10;0.0;3;2021-03-10;10;10;10;10;10;0;10;10;10;0;0;0;0
jak zostać programistą c++;10;0.0;3;2021-03-10;10;10;10;10;10;10;0;10;10;10;10;10;0
netbeans ide oracle;10;0.0;3;2021-03-10;0;0;0;10;10;0;10;0;0;10;10;10;0
hrd web;10;0.0;2;2024-10-24;10;0;10;0;0;0;0;0;0;10;0;10;0
jak sie gra w marynarzyka;10;0.0;3;2024-10-24;0;0;0;0;0;0;0;30;20;0;0;0;0
jakie są środowiska programistyczne;10;0.0;2;2024-11-18;10;10;10;10;30;10;10;10;10;10;10;10;0
enterprise low code;10;0.0;3;2024-11-12;0;0;0;10;10;10;0;0;10;10;10;0;0
jaki rok 2023;10;0.0;3;2024-11-29;10;10;0;0;0;10;10;10;0;0;10;30;0
trial wersja próbna;10;0.0;3;2024-11-19;10;10;10;10;0;0;10;0;10;10;10;20;0
elektroniczny obieg faktur 2023;10;0.0;4;2024-11-19;10;10;10;0;10;10;10;10;20;20;10;10;0
fraikin logo;10;0.0;2;2024-11-27;10;10;10;10;10;20;10;10;10;10;10;10;0
jak wyrobić nawyk wygrywania;10;0.0;3;2024-11-29;10;10;10;10;10;10;10;10;10;20;20;10;0
ksef api php;10;0.0;3;2025-01-27;90;20;10;10;10;10;10;10;10;10;10;10;0
c# front end or back end;10;0.0;6;2021-05-14;10;10;10;10;0;10;0;10;10;10;10;0;0
framework d;10;0.0;2;2025-01-14;10;0;0;10;10;0;0;10;0;0;0;0;0
rozmowa kwalifikacyjna pytania angielski;10;0.0;4;2021-06-22;30;20;10;10;10;10;10;10;10;20;10;10;3;pytania rozmowa kwalifikacyjna angielski
pytania angielski rozmowa kwalifikacyjna
rozmowa kwalifikacyjna angielski pytania
testy rekrutacyjne sql;10;0.0;3;2021-06-22;10;10;10;10;10;0;0;10;10;10;10;10;1;test rekrutacyjny sql
switch case menu java;10;0.0;4;2021-03-10;0;0;10;10;0;0;10;0;0;10;0;0;0
oracle java jdk 10 download;10;0.0;5;2021-03-10;0;0;0;0;0;0;0;10;0;10;10;0;0
jak napisać swój program;10;0.0;3;2021-03-10;0;0;10;10;10;10;0;10;10;10;0;0;0
full stack backend frontend;10;0.0;4;2021-03-10;0;10;0;10;0;0;0;10;10;10;10;10;0
bpm business process management software;10;0.0;5;2021-06-22;0;0;0;10;10;0;10;10;0;0;10;0;1;business process management bpm software
czy trudno zostać programistą;10;0.0;4;2021-03-10;20;20;10;10;10;10;10;10;10;10;10;0;0
jak zainstalować java 64 bit;10;0.0;4;2021-03-10;10;10;10;10;10;10;0
jakiego języka programowania się uczyć 2019;10;0.0;5;2021-04-20;10;0
jak pobrać jave na windows 10;10;0.0;3;2021-03-10;10;10;10;10;10;10;0
enum with switch case in java;10;0.0;6;2021-03-10;10;10;10;0;10;10;0;10;0;0;10;0;0
sharepoint conference;10;0.0;2;2021-03-10;0;0;10;10;10;10;10;0;0;10;10;0;0
bpm website;10;0.0;2;2021-03-10;0;0;10;10;0;10;0;10;10;0;0;10;0
java for backend development;10;0.0;4;2021-04-15;0;10;0;10;0;10;10;0;0;10;10;10;0
wirtualna maszyna java windows 8;10;0.0;5;2021-03-10;10;0;0;0;0;10;0;0;0;0;10;0;0
front and backend developer;10;0.0;4;2021-04-21;10;10;0;10;10;0;10;10;10;10;10;10;0
bpm net;10;0.0;2;2021-03-10;10;10;10;10;10;0;10;10;0;10;10;10;0
bps home;10;0.0;2;2021-03-10;0;0;0;0;0;0;0;0;0;10;0;0;0
junior backend web developer;10;0.0;4;2021-03-10;10;10;10;0;0;0;0;0;0;0;0;0;0
tutorial kariery it;10;0.0;3;2021-03-10;10;10;10;10;10;10;10;10;10;10;10;0
java start darmowy;10;0.0;3;2021-03-10;0;0;10;0;10;0;0;0;0;10;0;10;0
frontend and backend technologies;10;0.0;4;2021-06-22;10;10;10;10;10;10;10;10;10;10;1;backend and frontend technologies
low code events;10;0.0;3;2021-05-15;0;10;0;0;0;0;0;0;0;0;0;0;0
portal ccc logowanie;10;0.0;3;2021-03-10;10;0
backend in java;10;0.0;3;2021-06-22;10;10;10;10;10;10;10;10;10;10;10;1;java in backend
bpms implementation;10;0.0;2;2021-05-09;10;0;0;10;10;10;10;10;0;10;10;10;0
java final array;10;0.0;3;2021-03-10;10;10;20;10;20;10;10;10;10;10;10;10;0
backend web developer;10;0.0;3;2021-06-22;10;10;10;10;10;10;20;10;20;10;20;10;1;web backend developer
najczęściej zadawane pytania na rozmowie kwalifikacyjnej angielski;10;0.0;6;2022-08-01;0;0;10;10;0;0;0;0;0;0;0;0;0
jak zrobić swój program;10;0.0;3;2021-03-10;10;10;10;10;10;0;10;10;10;10;10;0;0
java development kit 15;10;0.0;4;2021-03-10;20;20;10;10;0;10;0;0;10;30;30;20;0
netbeans java ide;10;0.0;3;2021-04-21;10;10;20;10;10;10;10;10;10;20;20;10;0
kurs java tablice;10;0.0;3;2021-04-21;10;0;0;10;10;0;10;0;0;0;10;0;0
front backend;10;0.0;2;2021-03-10;20;10;10;10;10;10;10;10;10;10;10;10;0
if else java 8;10;0.0;3;2021-03-10;10;10;0;10;10;10;10;0;10;0;0;0;0
backend vs frontend developer;10;0.0;4;2021-04-06;10;10;10;10;20;20;10;20;10;20;10;10;0
java se 64;10;0.0;3;2021-03-25;0;10;0;10;0;10;0;0;0;0;10;10;0
rad rapid application development;10;0.0;4;2021-05-15;10;10;10;10;10;20;10;10;10;10;10;10;0
workflow opinie;10;0.0;2;2021-03-10;10;10;10;10;10;10;0;10;10;0;0;0;0
backend with python;10;0.0;3;2021-03-10;10;10;10;10;10;10;10;0;10;10;10;10;0
ionic framework kurs;10;0.0;3;2021-03-10;0;0;0;0;0;0;10;0;0;0;0;0;0
java jdk for windows;10;0.0;4;2021-03-10;20;20;20;10;10;10;10;10;10;20;20;10;0
back end developer vs full stack;10;0.0;6;2021-03-10;10;0;0;0;0;0;0;0;0;0;0;10;0
ibm lotus notes 10;10;0.0;3;2021-03-10;0;0;10;0;0;0;10;0;10;0;0;0;0
java sdk path;10;0.0;3;2021-03-10;0;0;10;10;10;0;10;0;10;10;0;10;0
java jdk 15 download windows 32 bit;10;0.0;7;2021-05-15;10;10;0;0;0;0;0;0;0;0;0;0;0
java switch if;10;0.0;3;2021-03-10;10;0;0;0;10;10;0;10;10;10;10;0;0
java stringbuffer append;10;0.0;3;2021-03-10;0;0;10;10;10;10;0;10;0;10;10;0;0
lombok getter setter example;10;0.0;4;2021-03-10;0;10;10;0;0;10;10;0;0;10;0;10;0
ionic kurs;10;0.0;2;2021-03-10;10;10;10;10;10;10;10;10;10;0
java szybki kurs;10;0.0;3;2021-03-10;10;10;0;0;10;10;0;0;0;10;10;10;0
java se 8 runtime;10;0.0;4;2021-05-15;0;0;0;10;10;0;10;0;0;0;0;0;0
video kurs selenium chomikuj;10;0.0;4;2021-03-10;10;10;10;0
front and back end developer;10;0.0;5;2021-03-18;0;0;0;10;10;0;10;10;10;10;10;10;0
back end c# developer;10;3.67;4;2021-05-15;10;10;10;10;10;10;10;0;10;0;10;10;0
java char wrapper;10;0.0;3;2021-03-10;10;10;10;10;10;0;10;10;0;10;10;10;0
java se dk;10;0.0;3;2021-05-15;0;0;10;10;10;10;10;0;10;10;10;0;0
bpm vs bpms;10;0.0;3;2021-05-09;20;10;10;10;10;10;10;10;10;10;10;10;0
switch case java string example;10;0.0;5;2021-03-10;0;10;10;0;0;0;0;0;10;10;10;10;0
business process management suite definition;10;0.0;5;2021-05-08;10;0;0;0;10;0;0;0;0;0;0;0;0
proto java;10;0.0;2;2021-03-11;10;0;10;10;10;10;10;10;10;10;10;10;0
backend in python;10;0.65;3;2021-03-11;10;10;20;20;10;10;20;20;10;20;10;10;0
java se kit 9;10;0.0;4;2021-05-15;0;0;0;0;0;0;0;0;0;0;10;0;0
junior it developer;10;0.0;3;2021-03-11;10;10;10;10;10;10;10;10;10;10;0;10;0
kurs programowania java online;10;2.67;4;2021-06-22;10;10;10;10;0;0;10;10;10;10;10;10;2;kurs programowania online java
programowanie java kurs online
java se kit;10;0.0;3;2021-03-11;10;10;0;0;0;10;10;0;10;10;10;10;0
fizzbuzz problem;10;0.0;2;2021-03-11;10;10;20;10;20;10;10;10;10;10;10;10;0
pseudokod c#;10;0.0;2;2021-03-11;10;10;10;10;0;10;0;0;0;10;10;10;0
backend technologie;10;0.0;2;2021-03-11;10;10;10;10;20;10;10;10;10;10;10;10;0
singleton object in java;10;0.0;4;2021-03-11;10;10;10;0;10;0;10;0;10;0;10;10;0
backend developer skills;10;0.0;3;2021-03-11;10;10;10;10;10;10;10;10;10;10;10;10;0
javascript substring length;10;0.0;3;2021-03-11;10;0;0;10;10;0;0;0;0;0;0;10;0
sdk academy;10;0.0;2;2021-03-11;10;10;10;0;10;10;10;10;10;10;10;10;0
rapid process automation;10;0.0;3;2021-03-11;10;10;10;10;10;10;20;10;10;10;10;10;0
stringbuilder class in java;10;0.0;4;2021-03-11;10;10;10;10;10;10;10;10;10;10;10;10;0
front and backend development;10;0.0;4;2021-03-11;10;10;10;0;10;10;10;10;10;10;0;10;0
wyszukiwanie google pl;10;0.0;2;2021-03-11;0;10;10;10;10;0;0;0;10;10;0;10;0
dlaczego nie moge zainstalowac javy;10;0.0;4;2021-03-11;10;0;0;0;10;0;10;10;10;0;0;0;0
ide jdk;10;0.0;2;2021-05-15;10;10;10;0;10;10;10;0;10;10;10;10;0
jak zainstalować java 8;10;0.0;2;2021-03-11;10;0;10;0;0;10;10;10;10;10;10;10;0
getter setter annotation java;10;0.0;4;2021-03-11;0;0;0;0;0;0;0;0;0;0;0;10;0
umiejętności programisty;10;0.0;2;2021-03-11;10;10;30;10;10;10;10;0;10;10;10;10;0
xml schema to json;10;0.0;4;2021-06-22;0;10;10;0;0;10;0;0;0;10;10;0;1;xml schema json
lombok java tutorial;10;0.0;3;2021-03-11;10;0;10;10;10;10;10;10;10;10;0;10;0
low code integration platform;10;0.0;4;2021-05-15;0;10;10;10;0;10;0;10;0;0;0;0;0
java jdk 15 download 64 bit;10;0.0;6;2021-05-15;10;10;10;10;0;0;0;0;0;10;0;0;0
ibm lotus notes co to je;10;0.0;3;2021-03-10;0;0;0;0;0;0;0;0;0;10;0;0;0
java kit;10;0.0;2;2021-05-15;10;10;10;10;10;10;10;10;10;10;10;10;0
pętle for;10;0.0;2;2021-05-15;0;40;40;30;0;0;0;0;0;0;0;0;0
jak poprawnie zainstalować jave;10;0.0;3;2021-03-10;10;10;0;0;10;10;10;0;0;10;10;10;0
backend vs front end developer;10;0.0;5;2021-06-22;10;0;0;0;0;0;0;0;0;0;0;0;3;front end developer vs backend
backend developer vs front end
front end vs backend developer
jak zainstalować jave na windows 8;10;0.0;3;2021-03-10;0;0;0;0;10;0;0;0;0;0;0;0;1;jak zainstalowac jave na windows 8
bpms training;10;3.56;2;2021-05-09;20;10;10;10;10;10;10;10;10;20;10;10;0
java se 14;10;0.0;3;2021-05-15;10;10;10;10;10;10;10;10;10;10;10;10;0
jak zainstalować jave na windows 10;10;0.0;3;2021-03-10;10;10;10;10;0
instalator java nie uruchamia się;10;0.0;3;2021-03-10;10;10;10;10;10;20;10;10;10;10;10;0
deklaracja zmiennej java;10;0.0;3;2021-06-22;10;10;10;10;10;10;10;10;10;10;10;10;1;java deklaracja zmiennych
zainteresowania po angielsku rozmowa kwalifikacyjna;10;0.0;4;2021-03-10;10;10;10;10;10;10;10;0;0;10;10;10;0
java weryfikacja wersji;10;0.0;3;2021-03-10;10;10;10;10;10;10;0;10;10;10;10;10;1;weryfikacja wersji java
dlaczego nie moge pobrac javy;10;0.0;4;2021-03-10;10;0;0;10;0;10;10;10;10;10;10;10;0
java se development kit 5.0;10;0.0;5;2021-05-15;0;0;0;0;0;10;0;0;0;0;0;10;0
web developer front end back end;10;0.0;6;2021-03-10;0;0;0;0;0;0;0;0;0;0;10;0;0
back end developer front end developer;10;0.0;6;2021-03-10;0;10;10;0;0;0;0;0;10;10;10;0;1;front end developer back end developer
darmowy kurs programowania java;10;4.88;4;2021-03-10;20;20;10;10;10;10;10;10;0;10;10;10;0
rapid application development platforms;10;0.0;4;2021-03-10;10;0;10;0;0;10;10;0;10;0;10;10;0
rozmowa interview po angielsku;10;0.0;3;2021-03-10;10;10;10;0;0;10;10;10;10;10;10;10;0
intrum justitia logo;10;0.0;3;2021-03-10;10;10;10;10;10;10;10;10;10;0
examples of low code platforms;10;0.0;5;2021-05-15;0;0;0;0;0;0;0;10;0;0;0;0;0
jak zrobić prosty program w notatniku;10;0.0;4;2021-03-10;0;10;10;0;10;10;10;0;10;10;10;10;0
java development kit 14;10;0.0;4;2021-03-10;10;10;10;10;10;10;0
rozmowa kwalifikacyjna it po angielsku;10;0.0;4;2021-03-10;10;10;20;20;10;10;10;10;10;10;20;10;0
git system kontroli wersji tutorial;10;0.0;5;2021-03-10;10;10;10;10;0;10;10;10;10;10;10;10;0
switch case 1 2 3;10;0.0;2;2021-03-10;0;0;0;10;0;0;0;0;0;0;10;0;0
podstawowe zasady i metody programowania;10;0.0;4;2021-03-10;0;0;0;10;0;0;0;10;0;10;10;0;0
50 lat programowania przez dzieci;10;0.0;3;2021-03-10;0;0;0;10;0;0;0;0;0;0;0;10;0
front end developer and backend developer;10;0.0;6;2021-03-18;0;0;0;0;0;0;0;0;0;10;0;0;1;backend developer and front end developer
java kurs pl;10;0.0;3;2021-03-10;10;10;10;10;10;10;10;0;10;10;10;10;0
std queue iterator;10;0.0;3;2021-03-10;10;0;10;0;10;0;0;0;10;10;10;10;0
react w działaniu tworzenie aplikacji internetowych chomikuj;10;0.0;6;2021-03-10;0;10;10;0;10;10;0;0;10;0;0;0;0
java se for windows 10 64 bit;10;0.0;7;2021-05-15;10;0;0;0;0;0;0;0;0;0;0;0;0
java and netbeans;10;0.0;3;2021-03-10;0;0;0;0;0;0;10;0;0;0;0;0;0
back end developer node js;10;0.0;5;2021-03-10;10;0;10;0;0;0;0;10;10;0;0;0;0
java development kit 10;10;0.0;3;2021-03-10;10;10;10;10;0
programista freelancer jak zacząć;10;1.9;4;2021-03-10;20;40;20;10;10;10;20;10;10;10;10;10;0
oracle java se development kit;10;0.0;5;2021-05-15;10;10;10;10;10;10;10;10;10;10;0;10;0
co trzeba umieć aby zostać programistą;10;0.0;6;2021-03-10;10;10;10;10;10;10;0;0;10;10;10;10;0
java poradnik dla początkujących;10;0.0;3;2021-03-10;10;10;10;0;10;0;10;0;10;10;10;10;0
intrum web;10;0.0;2;2021-03-10;0;10;10;10;0;0;10;0;0;0;10;0;0
back office developer;10;0.0;3;2021-03-10;10;0;10;0;0;10;10;0;0;0;10;0;0
java se development 12;10;0.0;4;2021-05-15;0;0;0;10;0;0;0;0;0;0;0;0;0
java funkcje matematyczne;10;0.0;3;2021-03-10;10;10;10;10;10;10;10;10;10;10;10;10;0
java lombok builder example;10;0.0;4;2021-03-10;10;10;10;10;0;0;10;10;10;10;0;10;0
fifo lifo programming;10;0.0;3;2021-03-10;10;10;10;10;10;10;10;10;0;10;10;10;0
nie można zainstalować javy;10;0.0;2;2021-03-10;0;10;0;10;10;0;10;10;10;0;10;0;0
java backend javascript frontend;10;0.0;4;2021-04-15;10;10;10;10;0;10;0;0;10;10;10;0;2;javascript frontend java backend
backend java frontend javascript
jdk java se 8;10;0.0;4;2021-05-15;10;0;0;0;0;0;0;0;0;0;0;0;0
kurs junior front end developer pierwsza praca;10;0.0;7;2021-03-10;10;10;0;0;10;10;10;10;10;10;10;10;0
czemu nie mogę zainstalować javy;10;0.0;4;2021-03-11;0;0;0;0;0;0;0;10;0;0;0;0;0
czemu java nie chce się zainstalować;10;0.0;3;2021-03-11;10;10;0;0;0;0;0;10;10;0;10;10;0
tani hosting na rok;10;4.55;4;2021-03-11;10;10;10;10;10;0;10;10;10;10;10;10;0
switch case react native;10;0.0;4;2021-03-11;0;0;10;0;10;10;0;10;0;10;10;10;0
front end and back end developers;10;0.0;6;2021-03-18;10;0;10;10;10;10;10;10;10;10;10;10;0
java switch char;10;0.0;3;2021-03-11;10;10;10;10;10;10;10;10;10;10;10;10;0
java problem z instalacją;10;0.0;3;2021-03-11;10;0;0;10;10;10;10;10;10;0;10;10;1;problem z instalacją java
backend com python;10;0.0;3;2021-03-11;0;0;0;0;10;0;0;0;0;0;0;0;0
java se sdk;10;0.0;3;2021-03-11;10;10;20;10;10;10;10;10;10;20;20;10;0
low code ui development;10;0.0;4;2021-05-15;0;0;0;10;10;0;0;0;0;0;10;0;0
telefoniczna rozmowa kwalifikacyjna po angielsku;10;0.0;4;2021-03-11;10;10;10;0;10;10;0;10;0;10;10;10;0
proces obiegu faktur kosztowych;10;0.0;4;2021-03-11;10;10;10;0
java push pop;10;0.0;3;2021-03-11;10;10;10;10;10;10;10;10;10;10;10;10;0
poszukam za ciebie w google;10;0.0;3;2021-03-11;10;10;10;0;10;0;0;0;10;0;0;10;0
software distribution solutions;10;0.0;3;2021-03-11;0;0;0;0;0;0;0;0;0;0;10;0;0
spring kurs online;10;0.0;3;2021-03-11;10;10;10;10;10;10;10;10;0
tim ferriss 4 godzinny;10;0.0;3;2021-03-11;0;0;10;0;0;0;0;0;0;0;0;0;0
low code business process automation;10;0.0;5;2021-03-11;0;0;10;10;0;0;0;0;10;0;10;10;0
java development kit online;10;0.0;4;2021-03-11;0;10;0;0;0;10;0;0;0;0;0;0;0
java se development kit 64 bit;10;0.0;6;2021-03-11;0;0;0;0;0;0;0;0;0;0;0;10;0
hello java;10;0.0;2;2021-03-11;10;10;20;10;10;10;0;10;10;10;10;10;0
php is front end or back end;10;0.0;7;2021-03-11;0;0;0;10;0;10;10;10;10;10;0;10;0
bpm and erp;10;0.0;3;2021-05-09;0;10;0;10;0;0;0;0;0;0;10;0;0
git gui stash;10;0.0;3;2021-03-11;10;0;10;10;10;10;10;10;0;10;0;10;0
java for else;10;0.0;3;2021-03-11;10;10;10;10;10;10;10;10;10;10;0
lotus notes latest version;10;0.0;4;2021-03-11;10;0;10;0;0;0;0;0;0;0;10;10;0
netbeans debugger;10;0.0;2;2021-03-11;10;10;10;10;10;10;10;10;10;10;10;10;0
webcon uk ltd;10;0.0;3;2021-03-11;0;0;0;10;10;0;0;0;0;0;0;0;0
instalacja java 8;10;0.0;2;2021-03-11;10;10;0;10;10;0;10;10;10;0;10;10;0
php developer co to je;10;0.0;5;2021-03-18;0;0;10;0;10;0;0;0;0;0;0;0;0
lombok java 9;10;0.0;3;2021-03-11;0;0;0;0;10;0;10;10;10;0;0;10;0
tim ferriss dieta;10;0.0;3;2021-03-11;10;10;10;10;10;10;10;10;10;10;10;0;1;tim ferriss diet
business process solutions;10;0.0;3;2021-03-11;10;10;10;10;10;10;10;10;10;10;10;10;0
debug napisy;10;0.0;2;2021-03-11;0;0;10;0;0;0;0;0;0;10;10;0;0
python for front end;10;0.0;4;2021-03-11;10;10;10;10;10;10;10;10;10;10;10;10;0
bezpłatny kurs java;10;2.54;3;2021-03-11;10;10;10;10;10;10;10;10;10;10;10;0;0
kurs back end;10;0.0;3;2021-03-11;10;10;10;10;10;10;10;10;10;10;10;10;0
java lifo queue;10;0.0;3;2021-03-11;20;10;10;10;10;10;10;10;10;10;10;20;0
backend or frontend;10;0.0;3;2021-03-11;10;10;10;10;10;10;10;10;10;10;10;10;1;frontend or backend
lombok library;10;0.0;2;2021-03-11;10;10;10;10;10;10;10;10;10;10;10;10;0
the sales and marketing department;10;0.0;5;2021-03-11;0;0;0;10;0;0;0;0;0;0;0;0;0
switch case range java;10;0.0;4;2021-03-11;10;10;10;10;0;10;10;10;10;10;10;10;0
substring java api;10;0.0;3;2021-05-15;10;10;10;10;10;10;10;0;0;0;0;10;0
back end with python;10;0.0;4;2021-03-11;10;10;0;0;0;0;10;10;0;10;0;0;0
best rapid application development software;10;0.0;5;2021-04-29;0;0;0;0;0;0;0;0;10;0;0;0;0
pytania na rozmowie kwalifikacyjnej programista java;10;0.0;5;2021-03-11;10;10;10;10;10;10;10;10;0
ibm notes 10;10;0.0;2;2021-03-11;10;10;10;10;10;10;10;10;10;10;0
frontend czy backend 2019;10;0.0;4;2021-04-06;0;0;10;10;0;0;0;0;10;0;0;0;0
programowanie od czego zacząć 2017;10;0.0;4;2021-03-11;10;0
java runtime environment or java development kit;10;0.0;7;2021-03-11;0;0;0;0;0;0;10;0;10;10;0;0;0
java kurs online kostenlos;10;0.0;4;2021-06-22;10;10;10;10;10;10;10;10;1;java online kurs kostenlos
lombok java 10;10;0.0;3;2021-03-11;10;10;0;0;0;10;0;0;0;0;0;0;0
front and backend;10;0.0;3;2021-03-11;10;10;10;10;10;10;10;10;10;10;10;10;0
webcon consulting;10;0.0;2;2021-03-11;10;0;10;0;0;0;0;0;0;0;0;0;0
java pierwsza praca;10;0.0;3;2021-03-11;10;10;10;10;10;10;10;0;10;10;10;10;0
praca informatyk java;10;0.0;3;2021-03-11;10;10;10;0;10;10;10;10;10;10;0;10;0
java konstruktor getter setter;10;0.0;4;2021-03-11;0;0;10;0;10;10;0;10;0;0;10;10;0
java pętla for each;10;0.0;4;2021-03-11;20;10;10;10;10;10;10;10;10;30;10;10;1;pętla for each java
rad web;10;0.0;2;2021-03-11;0;10;10;10;10;10;10;10;10;0;10;10;0
queue head;10;0.0;2;2021-03-11;10;10;10;0;10;10;0;10;10;10;0;10;0
system of a down bpm;10;0.0;5;2021-03-11;0;0;10;10;0;0;0;0;10;0;0;0;0
java programowanie przykłady;10;0.0;3;2021-03-11;10;10;10;10;10;10;10;10;0;10;10;10;0
freeware java;10;0.0;2;2021-03-11;0;0;10;0;0;0;0;0;0;0;0;10;0
darmowy kurs programowania katowice;10;0.0;4;2021-03-11;10;10;10;10;10;10;10;10;0
java przykłady;10;0.0;2;2021-03-11;20;10;10;20;10;10;10;10;10;10;20;20;0
git clone tutorial;10;0.0;3;2021-03-11;10;10;10;10;10;10;10;10;10;10;10;10;0
lombok java maven;10;0.0;3;2021-03-11;10;10;10;10;10;10;10;10;10;10;10;10;0
java se developer kit;10;0.0;4;2021-05-15;10;0;0;10;10;10;0;10;10;10;10;10;0
rozmowa kwalifikacyjna pierwsza praca;10;0.12;4;2021-03-11;10;10;10;10;10;10;10;10;10;10;10;10;0
java pytania na rozmowie kwalifikacyjnej;10;0.0;4;2021-03-11;10;10;10;10;10;10;10;10;10;10;10;10;2;pytania na rozmowie kwalifikacyjnej java
java rozmowa kwalifikacyjna pytania
low code companies;10;0.0;3;2021-03-11;10;10;10;0;0;0;0;0;10;0;0;0;0
back end front end development;10;0.0;5;2021-03-18;10;0;10;0;0;10;0;0;10;10;0;10;0
h dns;10;0.0;2;2021-03-30;0;0;0;0;0;0;0;0;10;10;10;0;0
pracuj 4 godziny tygodniowo;10;0.0;3;2021-03-11;10;10;0;0;10;10;10;10;10;10;10;0;0
lotus notes to sharepoint migration;10;0.0;5;2021-03-11;10;10;10;0;0;10;10;0;0;0;0;10;0
jak zostać programistą od czego zacząć;10;0.0;6;2021-03-11;10;10;10;0;0;0;0;0;0;0;0;0;0
bps news;10;0.0;2;2021-03-11;0;0;0;0;0;0;0;0;0;10;0;0;0
menu java switch;10;0.0;3;2021-03-11;0;0;10;0;0;0;0;0;0;0;0;0;0
webinar office 365;10;0.0;3;2021-03-11;10;10;10;10;10;10;10;10;10;10;10;10;0
java jdk or jre;10;0.0;4;2021-03-11;10;10;10;10;10;10;10;10;10;10;10;10;0
lotus notes do czego służy;10;0.0;4;2021-03-11;0;0;0;0;10;10;0;10;0;0;10;0;0
programowanie w netbeans;10;0.0;2;2021-03-11;10;0;10;0;0;10;0;0;0;10;0;0;0
front end developer or backend;10;0.0;5;2021-03-18;10;0;0;10;0;10;0;0;0;0;0;0;1;front end or backend developer
string api java 7;10;0.0;3;2021-03-11;10;10;10;0;0;10;0;0;0;10;10;10;0
webcon sp z oo;10;0.0;3;2021-03-11;0;10;10;0;0;10;10;10;10;10;10;0;0
java 8 kurs online;10;0.0;4;2021-03-11;0;0;0;10;0;10;10;10;10;10;10;0;0
oracle java se jdk;10;0.0;4;2021-05-15;10;10;0;10;10;0;0;0;0;0;10;0;0
full stack or backend;10;0.0;4;2021-03-11;10;10;10;10;0;10;0;10;10;0;10;10;0
java char at index;10;0.0;4;2021-03-11;10;10;10;10;10;10;0;10;10;10;10;10;0
dobry kurs java online;10;0.0;4;2021-03-11;10;10;10;10;10;10;10;10;10;0
backend youtube;10;0.0;2;2021-03-11;10;10;0;0;10;0;0;10;0;0;0;0;0
lotus notes users;10;0.0;3;2021-03-11;0;10;0;0;0;0;0;0;10;10;0;0;0
java if int;10;0.0;3;2021-03-11;10;0;10;10;10;10;0;10;10;0;10;10;0
java runtime jdk;10;0.0;3;2021-03-11;10;0;10;10;0;10;0;0;10;0;10;10;0
oprogramowanie java na komórkę;10;0.0;3;2021-03-11;10;0;0;0;0;0;0;0;0;0;0;0;0
java development kit 9;10;0.0;4;2021-03-11;10;0;0;0;10;10;10;10;10;10;10;0;0
java se development kit 8u;10;0.0;5;2021-05-15;0;0;10;0;0;10;0;0;0;0;0;0;0
java integer hashcode;10;0.0;3;2021-03-11;10;10;10;10;10;0;0;10;10;10;10;10;0
backend for frontend developers;10;0.0;4;2021-03-11;0;10;10;10;10;10;0;10;10;10;10;10;1;frontend for backend developers
javascript substring indexof;10;0.0;3;2021-03-11;10;10;10;10;10;10;10;10;10;10;10;0
pisanie aplikacji java;10;0.0;3;2021-03-11;10;10;10;10;10;10;10;10;0
first in first out programming;10;0.0;5;2021-03-11;0;0;0;10;10;0;0;0;0;0;0;10;0
java switch statement string;10;0.0;4;2021-03-11;10;0;10;0;10;0;0;10;10;0;10;10;0
java jdk development kit 12;10;0.0;5;2021-05-15;10;0;0;0;0;0;0;0;10;10;0;10;0
front end and back end developer meaning;10;0.0;7;2021-03-11;0;0;0;0;0;10;0;0;0;0;0;0;0
java jdk and jre;10;0.0;4;2021-03-11;0;10;10;0;10;10;10;10;0;10;10;10;0
fizzbuzz test;10;0.0;2;2021-03-11;10;30;10;20;10;10;10;10;10;20;10;10;0
stringbuffer append;10;0.0;2;2021-03-11;10;10;10;10;10;10;10;10;10;10;10;10;0
java jdk 10;10;0.0;2;2021-03-11;10;10;10;10;10;10;10;10;10;10;1;java 10 jdk
jak sprawdzić czy mam zainstalowaną jave;10;0.0;4;2021-03-11;10;0;10;0;0;0;0;0;0;0;10;0;0
scenariusz rozmowy kwalifikacyjnej po angielsku;10;0.0;4;2021-05-22;10;10;10;10;10;10;10;10;10;10;10;10;0
bps website;10;0.0;2;2021-03-11;0;10;0;0;0;0;10;0;10;0;0;10;0
java integer decode;10;0.0;3;2021-03-11;10;10;10;10;10;0;10;10;10;10;10;10;0
backend developer kto to;10;0.0;4;2021-03-11;0;10;10;10;10;10;10;10;10;0;10;10;0
low code rapid application development;10;0.0;5;2021-03-11;0;0;0;0;0;0;10;10;0;10;10;0;0
lombok log4j2;10;0.0;2;2021-03-11;10;10;20;10;10;20;20;20;20;20;20;10;0
java se 14 book;10;0.0;4;2021-05-15;0;0;0;0;0;10;10;0;0;0;0;0;0
fizzbuzz java code;10;0.0;3;2021-03-11;0;0;0;0;0;10;10;10;0;10;0;0;0
jak zostać informatykiem programistą;10;0.0;4;2021-03-11;10;10;10;0;0;0;0;0;0;0;0;0;0
rad rapid;10;0.0;2;2021-05-15;0;10;10;10;10;10;10;10;10;0;10;0;0
java float long;10;0.0;3;2021-03-11;10;0;10;0;10;10;10;0;0;10;10;10;0
java backend and frontend;10;0.0;4;2021-04-15;10;0;0;10;0;0;0;0;0;0;0;0;0
südzucker logo;10;0.0;2;2021-03-11;10;10;10;10;10;10;10;10;10;0
sdk kursy;10;0.0;2;2021-03-11;10;10;10;20;10;0;10;10;10;10;10;10;0
web backend frontend;10;0.0;3;2021-03-11;0;10;10;10;10;0;0;0;0;0;10;0;0
java se windows 10;10;0.0;4;2021-03-11;10;10;0;0;10;10;10;10;10;10;10;10;0
pierwszy dzień pracy jako programista;10;0.0;5;2021-03-11;10;10;10;10;0;10;10;10;10;10;0;0;0
front end back end co to;10;0.0;4;2021-05-15;10;10;10;10;10;10;10;10;10;10;10;0
fritz und macziol;10;0.0;3;2021-03-11;0;0;10;0;0;0;0;0;10;0;0;0;0
java development kit 5;10;0.0;4;2021-03-11;0;0;0;0;0;10;0;0;0;0;0;0;0
c backend;10;0.0;2;2021-06-22;10;10;10;10;10;10;0;10;0;10;10;10;1;backend c
reactjs to react native;10;0.0;3;2021-03-11;10;10;10;10;20;10;10;10;10;10;10;10;0
idempotent java;10;0.0;2;2021-03-11;10;10;10;10;10;10;10;10;10;0
pętla for i while;10;0.0;4;2021-05-15;0;40;50;30;0;0;0;0;0;0;0;0;0
pytania rekrutacyjne programista c#;10;0.0;4;2021-03-11;10;10;10;10;10;10;0;10;10;10;10;10;0
modern workplace conference paris;10;0.0;4;2021-03-11;10;0;10;0;0;0;0;0;10;0;0;10;0
fizzbuzz php;10;0.0;2;2021-03-11;10;10;10;10;10;10;10;10;10;0;10;10;0
python front end or back end;10;0.0;6;2021-03-11;10;10;10;10;10;10;10;10;10;10;10;10;0
udemy java chomikuj;10;0.0;3;2021-03-11;10;10;10;10;10;10;0
do while java 8;10;0.0;4;2021-03-11;10;0;10;0;10;10;0;0;10;10;0;10;0
java setter example;10;0.0;3;2021-03-11;10;0;10;10;10;10;10;10;10;10;10;10;0
sales and marketing management software;10;0.0;5;2021-03-11;10;0;0;0;0;0;0;0;0;0;0;0;0
backend czy frontend;10;0.0;3;2021-03-11;20;20;10;10;10;10;30;10;10;10;10;10;0
back end and front end web development;10;0.0;7;2021-03-11;0;0;0;10;0;0;0;0;0;0;0;10;0
tolower java;10;0.0;2;2021-03-11;10;10;10;10;10;10;10;10;10;20;10;10;0
środowisko programistyczne co to;10;0.0;2;2021-06-22;20;10;10;10;20;10;10;10;10;20;10;10;0
cedc news;10;0.0;2;2021-03-11;10;10;10;0;0;0;0;0;0;10;0;10;0
lotus notes migration tools;10;0.0;4;2021-03-11;0;10;10;0;0;0;0;0;10;0;10;0;0
zdalny programista;10;0.0;2;2021-06-22;10;10;10;10;10;10;10;10;10;10;10;1;programista zdalny
java pl download;10;0.0;2;2021-06-22;10;10;10;0;10;10;10;10;10;10;10;10;2;download java pl
java download pl
anywhere elementor;10;0.0;2;2021-03-11;10;10;10;10;10;10;10;10;10;10;10;10;0
java se windows 10 64 bit;10;0.0;6;2021-05-15;0;10;10;0;10;0;0;0;0;10;10;0;0
instalowanie programu java;10;0.0;3;2021-03-11;10;0;10;0;0;0;10;10;10;10;10;0;0
javac hello world;10;0.0;3;2021-03-11;10;10;10;0
back end developer junior;10;0.0;4;2021-03-11;0;10;10;10;0;0;10;0;10;10;0;0;0
in react native;10;0.0;3;2021-03-11;0;10;10;0;0;10;10;0;10;10;10;10;0
json to xml schema generator;10;0.0;4;2021-03-11;0;0;0;0;10;0;0;0;0;0;0;0;0
java jdk bin;10;0.0;3;2021-03-11;0;0;10;0;0;0;0;0;0;0;0;0;0
darmowy kurs java łódź;10;0.0;4;2021-03-11;10;10;0
java testy rekrutacyjne;10;0.0;3;2021-03-11;10;20;10;10;40;10;10;10;10;20;10;10;0
jakiego języka programowania się uczyć 2016;10;0.0;5;2021-03-11;0;10;0;0;0;0;0;0;0;0;0;0;0
qwerty java;10;0.0;2;2021-03-11;10;10;0;0;0;0;0;0;0;0;0;0;0
kurs spring framework od podstaw chomikuj;10;0.0;6;2021-03-11;10;10;10;10;10;10;0;10;0;10;10;10;0
coś o sobie po angielsku rozmowa kwalifikacyjna;10;0.0;3;2021-03-11;0;0;10;0;0;0;0;0;0;0;0;0;0
java front end technologies;10;0.0;4;2021-03-11;10;10;10;10;10;10;10;10;10;10;0
java se 7 development kit;10;0.0;4;2021-05-15;10;10;10;0;10;10;10;10;10;10;10;10;0
web backend engineer;10;0.0;3;2021-03-11;0;0;0;0;0;0;0;10;0;0;0;0;0
hybrydowe aplikacje mobilne;10;0.0;3;2021-03-11;20;10;10;10;10;10;10;10;10;10;10;10;1;hybrydowa aplikacja mobilna
kurs programowania warszawa za darmo;10;0.0;4;2021-03-11;10;10;10;10;10;10;10;10;10;0
java for char;10;0.0;3;2021-03-11;0;10;0;0;10;10;0;0;10;10;10;0;0
java case or;10;0.0;3;2021-03-11;10;10;10;0;10;10;10;10;10;10;10;10;0
low code books;10;0.0;3;2021-05-15;0;0;0;0;0;0;0;0;0;0;0;10;0
php backend frontend;10;0.0;3;2021-03-11;0;0;10;0;0;0;0;10;0;0;10;10;0
front end back end technologies;10;0.0;5;2021-03-11;10;10;10;10;0;0;0;0;0;10;0;0;0
java development kit 15 download;10;0.0;5;2021-05-15;10;10;10;10;0;0;0;0;10;10;10;10;0
darmowa java po polsku;10;0.0;3;2021-03-11;0;10;10;0;0;0;0;0;0;0;0;0;0
j2se 8;10;0.0;2;2021-05-15;0;10;0;0;0;0;0;0;0;0;10;0;0
bps human resources;10;0.0;3;2021-03-11;10;0;10;0;0;0;10;10;0;0;10;0;0
switch case example;10;0.0;3;2021-03-11;10;10;20;10;10;10;10;10;10;10;10;10;0
python backend frontend;10;0.0;3;2021-03-11;10;10;10;10;10;10;10;10;10;0
java backend frontend;10;0.0;3;2021-04-15;10;10;0;10;10;10;10;0;10;10;0;10;0
z index react native android;10;0.0;5;2021-06-22;10;0;10;10;0;10;0;0;0;10;0;10;1;react native z index android
obieg dokumentów outlook;10;0.0;3;2021-03-11;0;0;0;10;10;0;0;0;0;0;0;10;0
dlaczego nie warto być programistą;10;0.0;5;2021-03-11;10;10;0;10;10;10;10;10;10;10;10;10;0
what backend developer do;10;0.0;3;2021-03-11;10;0;10;10;10;10;10;10;10;10;10;10;0
phonegap vs ionic;10;0.0;3;2021-03-11;10;10;10;10;10;10;0;10;10;10;0;10;0
oracle java se 15;10;0.0;4;2021-05-15;0;0;10;10;0;0;0;0;0;0;0;0;0
giełda odzieżowa poznań wstęp bez karty 2012;10;0.0;6;2021-03-11;0;0;0;10;0;0;0;0;0;0;0;0;0
oracle java kit;10;0.0;3;2021-05-15;0;10;10;10;10;0;10;0;0;0;0;0;0
bpms app;10;0.0;2;2021-05-09;10;10;10;10;10;10;10;10;10;10;10;10;0
python for front end development;10;0.0;5;2021-03-11;0;0;0;10;0;10;0;0;10;10;0;0;0
jak zostać programistą komputerowym;10;0.0;3;2021-03-11;10;10;10;10;10;10;0
what is a bpm platform;10;0.0;5;2021-05-09;0;0;10;0;0;0;0;0;0;0;0;0;0
stringbuffer and stringbuilder;10;0.0;3;2021-03-11;10;10;10;10;10;10;0;10;10;10;10;10;0
lotus application;10;0.0;2;2021-03-11;0;10;10;10;10;10;0;10;10;10;10;10;0
back end vs front end developer;10;0.0;6;2021-06-22;10;10;0;10;0;0;0;0;0;10;10;10;2;front end vs back end developer
back end developer vs front end
java for backend web development;10;0.0;5;2021-03-11;10;10;10;10;10;0;0;0;0;0;0;0;0
frontend and backend developer;10;0.23;4;2021-06-22;10;10;10;10;10;10;10;10;10;10;10;1;backend and frontend developer
scratch kurs dla dzieci;10;0.0;3;2021-06-22;10;10;10;10;10;10;10;10;10;10;10;10;1;kurs scratch dla dzieci
edf staż;10;0.0;2;2021-03-11;0;0;10;0;10;0;10;0;0;0;0;0;0
struktura programu java;10;0.0;3;2021-03-11;10;10;10;10;10;10;10;10;10;0;10;10;0
int zakres java;10;0.0;3;2021-03-11;10;10;10;10;10;10;10;10;10;10;10;10;0
w jakim języku najlepiej programować;10;1.54;5;2021-03-11;20;10;0;0;0;10;10;10;10;10;10;10;0
lotus notes market share;10;0.0;4;2021-03-11;10;0;0;0;0;10;0;0;0;0;0;0;0
bpms live;10;0.0;2;2021-05-09;0;0;0;10;0;0;0;0;0;0;0;0;0
ibm lotus notes database;10;0.0;4;2021-03-11;10;0;0;0;0;0;0;0;0;0;0;0;0
stringbuffer java 6;10;0.0;2;2021-03-11;10;0;0;0;0;0;0;0;0;0;0;0;0
java double d;10;0.0;3;2021-03-11;10;10;10;0;10;0;10;10;10;10;10;0;0
java se jre download;10;0.0;4;2021-03-11;10;0;10;0;0;10;0;0;0;10;10;10;0
java push;10;0.0;2;2021-03-11;20;10;20;10;10;10;10;10;10;10;20;10;0
hello program in java;10;0.0;4;2021-03-11;10;10;10;0;10;10;0;10;0;10;0;10;0
how to download java se 14;10;0.0;6;2021-05-15;0;0;0;0;10;0;0;10;0;0;0;0;0
back end developer definition;10;0.0;4;2021-03-11;10;10;0;10;10;10;10;10;10;10;10;0;0
nodejs reactjs react native;10;0.0;4;2021-03-11;0;0;0;0;10;0;0;0;0;0;0;0;0
java kit 13;10;0.0;3;2021-05-15;0;0;0;0;10;0;0;0;10;0;0;0;0
java backend web;10;0.0;3;2021-03-11;10;0;0;10;0;0;10;0;10;10;0;10;0
ionic 4 vs react native;10;0.0;4;2021-03-11;0;0;0;0;0;0;0;10;0;0;0;0;0
kurs java gdynia;10;0.0;3;2021-03-11;10;20;10;0;0;0;0;10;0;0;0;0;0
java jdk kit 12;10;0.0;4;2021-05-15;10;10;10;0;10;0;0;0;10;10;10;10;0
bpms co to;10;0.0;3;2021-05-08;20;20;0;0;10;20;20;10;20;10;10;10;0
c switch case break;10;0.0;4;2021-03-11;10;0;10;0;0;10;0;0;0;0;10;0;0
backend developer framework;10;0.0;3;2021-04-06;0;10;0;0;0;0;0;0;0;0;0;0;0
front end back end or full stack;10;0.0;7;2021-03-11;0;0;0;0;0;0;0;10;0;0;0;0;0
najnowsza java windows 10;10;0.0;3;2021-03-11;0;10;0;10;0;0;0;0;10;0;0;10;0
switch case using string in java;10;0.0;6;2021-03-11;0;0;0;0;0;0;0;0;0;0;10;0;0
stringbuffer string;10;0.0;2;2021-03-11;0;10;10;0;0;10;0;0;0;10;0;10;0
phonegap tutorial pl;10;0.0;3;2021-03-11;10;0;0;0;0;0;0;0;0;0;0;0;0
front end for python backend;10;0.0;5;2021-03-11;10;10;0;10;10;0;0;0;10;0;10;0;0
test rekrutacyjny chomikuj;10;0.0;3;2021-03-11;0;0;10;0;10;0;0;0;0;0;0;0;1;testy rekrutacyjne chomikuj
java szkolenie online;10;1.5;3;2021-03-11;10;10;10;10;10;10;10;10;10;10;10;1;szkolenie java online
react native javascript;10;0.0;3;2021-03-11;10;20;10;10;10;10;10;10;10;20;10;10;0
darmowy kurs java warszawa;10;0.0;4;2021-03-11;10;0
php backend development;10;0.0;3;2021-03-11;0;0;0;0;10;10;0;0;0;0;0;0;0
react kurs online;10;0.0;3;2021-06-22;10;20;10;10;10;10;10;10;10;10;10;10;1;kurs react online
backend programer;10;0.0;2;2021-03-11;0;10;10;10;0;0;10;0;0;0;10;0;0
low code app development platforms;10;0.0;5;2021-05-15;0;10;10;10;0;0;10;0;0;0;10;0;0
if case java;10;0.0;3;2021-03-11;10;0;10;10;10;0;10;10;0;10;10;10;0
business process solutions meaning;10;0.0;4;2021-03-11;0;0;10;0;0;10;0;10;0;0;0;0;0
python backend or frontend;10;0.0;4;2021-03-11;10;10;10;10;10;10;10;0;10;10;10;10;0
java lombok builder;10;0.0;3;2021-03-11;10;10;10;10;10;10;10;10;10;10;10;10;0
low code integration;10;0.0;3;2021-03-11;0;10;10;0;10;0;0;10;10;10;10;0;0
full stack backend developer;10;0.0;4;2021-03-11;10;10;10;10;0;10;10;0;0;0;10;10;0
java ide jdk;10;0.0;3;2021-05-15;0;0;0;0;0;0;0;0;0;0;10;0;0
bpm sharepoint;10;0.0;2;2021-05-09;10;10;10;10;10;10;10;10;10;10;10;0;0
jdk 4;10;0.0;2;2021-05-15;10;10;10;10;10;0;0;10;10;0;10;0;0
benefits of low code development;10;0.0;5;2021-05-15;0;0;0;0;0;0;0;10;0;0;0;0;0
full stack developer backend and frontend;10;0.0;6;2021-03-11;0;0;0;0;0;0;0;10;0;0;0;0;0
java kit 9;10;0.0;3;2021-05-15;10;0;0;0;0;0;0;0;0;10;0;0;0
jak zainstalować jave na windows 7;10;0.0;3;2021-03-11;10;10;0
dlaczego java nie chce się zainstalować;10;0.0;6;2021-03-11;10;10;10;10;10;10;10;10;0;10;10;10;0
back end developer technologies;10;0.0;4;2021-03-11;10;10;10;10;10;0;10;0;10;0;0;10;0
low code software;10;31.2;3;2021-03-11;10;10;10;10;10;10;10;10;10;10;10;10;0
lombok example;10;0.0;2;2021-03-11;10;10;10;10;10;10;20;10;10;20;10;10;0
switch java 11;10;0.0;3;2021-03-11;10;10;10;10;20;20;20;10;10;20;10;10;0
stringbuilder or stringbuffer;10;0.0;3;2021-03-11;10;10;10;10;10;10;10;10;10;10;10;10;0
java se for windows 10;10;0.0;5;2021-03-11;0;0;0;0;0;0;10;0;0;0;10;0;0
zacznij programować c#;10;0.0;3;2021-03-11;0;0;0;0;0;10;10;0;10;10;10;10;1;c# zacznij programować
licznik kroków java;10;0.0;3;2021-03-11;0;0;0;0;0;0;0;0;0;10;0;0;0
back end developer what is;10;0.0;5;2021-03-11;0;0;0;10;10;10;10;10;0;10;10;0;0
e leasing day;10;0.0;3;2021-06-22;10;20;10;0;10;10;10;10;10;10;0;0;1;leasing lub day
java backend development tutorial;10;0.0;4;2021-03-11;0;0;0;0;10;0;0;0;0;10;10;0;0
4 ro godzinny tydzień pracy;10;0.0;4;2021-03-11;10;10;0;0;10;10;10;0;0;0;0;10;0
low code solutions;10;5.69;3;2021-03-11;10;10;10;10;10;10;10;10;10;10;10;10;0
tworzenie aplikacji mobilnych tutorial;10;0.0;4;2021-03-11;10;10;10;10;10;10;10;10;0
backend developer test;10;0.0;3;2021-03-11;10;0;0;0;0;0;10;0;0;0;0;0;0
string vs stringbuffer;10;0.0;3;2021-03-11;0;10;10;10;10;10;10;10;0;10;10;10;0
frontend backend co to;10;0.33;2;2021-06-22;20;20;10;10;10;10;10;10;10;10;10;10;0
kurs programowania java katowice;10;0.0;4;2021-03-11;10;10;10;0;0;0;10;0;0;0;10;0;0
procedury obiegu dokumentów w firmie;10;4.05;4;2021-05-12;10;10;10;10;0;10;10;10;10;10;10;10;0
wzorzec singleton java;10;0.0;3;2021-05-15;10;10;10;10;10;10;10;10;10;20;20;10;0
back end developer bilmesi gerekenler;10;0.0;5;2021-03-11;0;0;0;0;0;0;0;0;10;0;0;0;0
lotus notes to exchange migration;10;0.0;4;2021-03-11;0;10;0;10;0;10;0;10;0;0;10;0;0
c backend framework;10;0.0;3;2021-04-06;10;0;10;0;0;0;0;0;0;0;10;10;0
junior java developer pytania;10;0.0;4;2021-03-11;10;10;10;10;20;10;10;10;10;20;10;10;0
java double array to string;10;0.0;4;2021-03-11;10;10;10;0;10;0;0;0;0;0;10;0;0
front backend developer;10;3.61;3;2021-03-11;10;10;10;10;10;10;10;10;10;10;10;10;0
back end in python;10;0.0;4;2021-03-11;0;0;0;10;10;0;0;10;10;10;10;0;0
jak zacząć pracę jako programista;10;4.03;5;2021-03-11;20;10;10;10;0;10;10;10;10;20;10;10;0
bpms portal;10;0.0;2;2021-05-09;10;10;10;10;10;10;10;10;0;0;10;0;0
programista flash zarobki;10;0.0;3;2021-03-11;0;0;10;0;0;0;0;0;0;0;0;0;0
java string d;10;0.0;3;2021-03-11;10;10;10;10;10;10;10;10;10;0
lombok java example;10;0.0;3;2021-03-11;10;10;10;10;10;10;10;10;10;10;10;10;1;lombok example java
programowanie od czego zacząć 2018;10;0.0;4;2021-03-11;10;10;0
business trip auf deutsch;10;0.0;4;2021-03-11;0;0;10;0;0;0;0;0;0;10;0;0;0
c++ czy java na początek;10;0.0;5;2021-05-05;10;10;0;10;10;10;10;10;10;10;10;10;0
stringbuilder stringbuffer;10;0.0;2;2021-03-11;10;10;10;10;10;10;10;10;10;10;10;10;0
java se sdk 8;10;0.0;3;2021-05-15;0;10;10;10;10;10;0;0;0;10;0;10;0
backend development java;10;0.0;3;2021-06-22;0;0;0;0;0;10;0;0;0;0;0;0;1;java backend development
java 8 tutorial pl;10;0.0;2;2021-03-11;10;10;10;10;0
front end back end web development;10;0.0;6;2021-03-11;0;10;0;0;10;0;0;0;0;0;10;0;0
kurs java tworzenie aplikacji;10;0.0;4;2021-03-11;0;0;0;0;0;0;0;0;0;0;0;10;0
what is a low code platform;10;13.09;6;2021-03-11;0;10;0;10;0;0;10;10;10;0;10;0;0
komputer świat zacznij programować;10;0.0;4;2021-03-11;0;0;0;0;0;10;10;10;10;0;10;10;1;zacznij programować komputer świat
java if while;10;0.0;3;2021-03-11;10;0;10;10;10;0;0;0;0;0;10;10;0
python front end development;10;0.0;4;2021-03-11;0;0;10;10;10;10;10;10;0;0;0;0;0
back end developer co to je;10;0.0;3;2021-03-11;10;0;10;0;0;0;10;0;0;0;0;0;0
hashcode java co to jest;10;0.0;2;2021-03-11;0;10;10;0;10;0;0;0;0;0;0;0;0
backend development python;10;0.0;3;2021-03-11;0;0;0;20;10;0;10;0;0;0;0;0;0
react js tutorial pl;10;0.0;3;2021-03-11;10;0;10;0;0;10;10;10;10;10;0;10;0
document flow management software;10;0.0;4;2021-03-11;10;10;0
skile po polsku;10;0.0;2;2021-03-11;10;10;10;10;10;10;10;10;20;10;20;10;0
lotus domino workflow;10;0.0;3;2021-03-11;0;0;10;0;0;0;0;10;0;10;0;0;0
java se sdk path;10;0.0;4;2021-05-15;10;10;10;10;0;0;0;0;0;10;10;10;0
low code no code development;10;4.33;4;2021-05-15;10;10;10;10;10;0;10;10;0;0;10;10;0
babinski transport oferty pracy;10;1.39;4;2021-03-11;10;0;10;10;10;20;10;10;10;10;10;10;0
git merge tutorial;10;0.0;3;2021-03-11;10;10;10;10;10;20;10;10;10;20;20;10;0
low code net;10;0.0;3;2021-03-11;10;10;10;0;0;10;0;0;0;10;10;0;0
java se development kit 13 download;10;0.0;6;2021-05-15;10;0;0;0;10;10;10;10;10;10;10;0;0
jdk jdk;10;0.0;2;2021-05-15;10;10;0;10;10;0;10;10;10;0;10;0;0
jak sprawdzic czy mam jave;10;0.0;3;2021-03-11;10;10;10;10;0;10;10;10;10;10;10;10;0
full stack front end back end;10;0.0;6;2021-06-22;0;0;10;10;0;10;10;0;0;10;0;0;3;front end back end full stack
back end front end full stack
full stack back end front end
nauka javy od czego zacząć;10;0.0;4;2021-03-11;10;10;0;10;0;10;0;10;0;0;0;10;1;nauka javy od czego zaczac
low code bpm;10;0.0;3;2021-03-11;0;10;10;10;10;10;10;10;10;10;10;10;1;bpm low code
java se development kit jdk;10;0.0;5;2021-05-15;10;10;10;10;10;10;10;0;10;10;10;10;0
archidoc sa rzeszów;10;0.0;3;2021-03-11;0;0;0;0;0;10;0;0;0;0;0;0;0
java back end technologies;10;0.0;4;2021-03-11;0;0;0;0;10;0;0;0;0;0;0;0;1;back end java technologies
webcon technologies;10;0.0;2;2021-03-11;0;0;10;0;0;0;0;0;0;10;0;0;0
front end dev vs back end dev;10;0.0;7;2021-03-18;0;10;0;0;0;0;10;0;0;10;0;0;0
java se development 8;10;0.0;4;2021-05-15;0;10;0;0;0;0;0;0;0;0;0;0;0
java se development kit 15 32 bit;10;0.0;7;2021-05-15;0;10;0;0;0;0;0;0;0;0;0;0;0
singleton enum;10;0.0;2;2021-03-11;10;10;10;10;10;10;10;10;10;10;10;10;0
examples of robotic process automation;10;0.0;5;2021-03-11;10;0;0;0;0;10;0;10;0;0;0;0;0
php developer kto to;10;0.0;2;2021-03-11;10;10;10;10;10;10;10;10;10;10;10;0
program w języku java;10;0.0;3;2021-03-11;10;10;10;10;10;10;0;0;10;10;10;10;0
java 8 kurs;10;0.0;2;2021-06-22;10;10;10;10;10;10;10;10;10;10;10;1;kurs java 8
javascript trim string to length;10;0.0;4;2021-03-11;20;10;20;20;10;10;20;20;10;20;10;10;0
java switch string example;10;0.0;4;2021-03-11;0;10;0;0;0;10;0;0;10;0;0;0;0
lombok log4j example;10;0.0;3;2021-03-11;10;0;0;0;0;0;10;0;0;0;10;0;0
javascript junior test;10;0.0;3;2021-05-13;10;10;10;10;10;10;10;10;10;10;10;10;0
junior developer co to;10;0.0;2;2021-05-15;10;10;10;10;10;10;10;10;10;10;10;10;0
junior back end developer zarobki;10;0.0;5;2021-03-18;10;10;10;10;10;10;10;10;10;10;10;0
webinar rules;10;0.0;2;2021-04-13;0;0;10;10;10;10;10;0;0;0;0;10;0
funkcja do while;10;0.0;3;2021-05-15;10;10;20;20;0;0;0;0;0;0;0;20;0
best rapid application development platform;10;0.0;5;2021-03-11;0;0;0;0;0;0;0;10;0;0;0;0;0
java start darmowy kurs;10;0.0;4;2021-03-11;10;10;10;0;10;0;0;0;10;10;10;0;0
string and stringbuffer;10;0.0;3;2021-03-11;0;10;0;0;0;0;0;0;0;0;0;0;0
rozmowa kwalifikacyjna po angielsku programista;10;0.0;4;2021-04-06;10;10;10;10;10;10;10;10;10;10;10;0
low code ui;10;0.0;3;2021-05-15;0;0;0;0;0;0;0;10;0;10;10;0;0
idempotent http;10;0.0;2;2021-03-11;10;10;10;10;10;10;10;10;10;10;10;10;0
fizzbuzz test javascript;10;0.0;3;2021-03-11;10;0;10;0;0;0;0;0;0;0;0;0;0
java development kit install;10;0.0;4;2021-05-15;10;10;10;10;10;10;10;10;10;10;10;10;0
przedstawienie siebie po angielsku na rozmowie kwalifikacyjnej;10;0.0;5;2021-03-11;10;10;20;10;10;10;10;10;10;10;10;10;0
java jdk win 7;10;0.0;4;2021-05-15;0;0;10;0;0;0;0;0;10;0;0;0;0
java zmienna środowiskowa;10;0.0;3;2021-05-15;10;10;20;10;10;10;10;10;10;20;10;10;0
programista php anglia;10;0.0;3;2021-03-11;10;10;0;10;0;0;0;0;0;0;0;10;0
mimo java;10;0.0;1;2021-03-11;10;10;10;10;10;10;0;10;0;10;10;10;0
java se development;10;0.0;3;2021-05-15;10;20;10;10;10;10;10;10;10;20;20;20;0
e bpms;10;0.0;2;2021-05-09;0;0;10;0;0;10;0;0;0;0;0;0;0
java język programowania kurs;10;0.0;4;2021-03-11;10;10;10;0;0;0;0;0;0;0;0;0;0
bpm bpms;10;0.0;2;2021-05-09;10;10;10;10;10;10;0;0;10;10;10;10;0
low code automation;10;8.47;3;2021-03-11;10;10;10;10;10;10;10;0;0;10;10;10;0
stringi java;10;0.0;2;2021-03-11;10;10;10;10;10;10;10;0;10;10;10;10;0
pex london;10;0.0;2;2021-03-11;0;0;10;0;0;0;0;10;0;10;10;10;0
java se development kit oracle;10;0.0;5;2021-05-15;0;10;10;10;0;10;10;10;10;10;10;0;0
bpm erp;10;0.0;2;2021-03-11;10;10;10;10;10;10;0;10;10;10;20;10;0
front end or back end;10;0.0;5;2021-06-22;10;10;10;10;10;10;10;10;10;20;20;10;1;back end or front end
pytania w języku angielskim na rozmowie kwalifikacyjnej;10;0.78;5;2021-03-11;10;10;20;20;20;10;10;10;10;10;10;10;0
zadania programistyczne java;10;2.54;3;2021-03-11;10;10;10;10;10;10;10;10;10;10;10;10;0
oracle jdk 15;10;0.0;3;2021-05-15;10;10;20;10;0;0;0;0;0;0;10;10;0
oracle java se runtime;10;0.0;4;2021-05-15;0;0;0;0;0;0;0;0;0;10;0;0;0
java se jdk 1.8;10;0.0;4;2021-05-15;0;0;0;0;0;0;0;0;0;0;0;10;0
obieg faktur sharepoint;10;0.0;3;2021-03-11;10;0;0;0;10;0;0;0;10;10;0;0;0
summit eoif gigacon;10;0.0;3;2021-03-11;10;10;0
dokumentacja biznesowa;10;0.0;2;2021-03-30;10;10;20;20;10;10;10;10;10;10;10;10;0
inicjalizacja zmiennej java;10;0.0;3;2021-03-11;10;10;10;10;10;10;10;10;10;10;10;10;0
programowanie java poradnik;10;0.0;3;2021-03-11;10;10;10;10;0;10;10;10;10;10;10;10;0
git krok po kroku;10;0.0;3;2021-03-11;10;10;10;20;10;10;10;10;10;20;10;10;0
pytania java rekrutacja;10;0.0;3;2021-03-11;10;10;10;0;10;10;0;10;10;10;10;10;0
json schema validation in java;10;0.0;5;2021-03-11;0;0;10;0;10;10;0;0;0;0;0;10;0
install java sdk windows 10;10;0.0;5;2021-05-15;10;10;10;10;10;10;10;10;10;10;10;10;0
java kurs download;10;0.0;3;2021-06-22;10;10;10;10;10;1;kurs java download
java kit 11;10;0.0;3;2021-05-15;10;0
fizzbuzz test php;10;0.0;3;2021-03-11;10;0;0;0;0;0;10;10;0;0;0;0;0
backend with php;10;0.0;3;2021-03-11;0;0;0;10;0;0;0;0;0;0;10;10;0
najnowsza java win 10;10;0.0;3;2021-03-11;10;0;0;0;10;10;0;0;0;10;0;0;0
ibm lotus workflow;10;0.0;3;2021-03-11;10;0;0;0;0;0;0;0;0;0;0;0;0
slow carb timothy ferriss dieta;10;0.0;5;2021-03-11;0;0;0;0;0;0;0;10;0;0;0;0;0
lombok getters and setters;10;0.0;4;2021-03-11;20;10;10;10;10;10;10;10;10;10;10;10;0
java se linux;10;0.0;3;2021-03-11;10;10;10;0;10;0;10;0;0;0;0;10;0
java netbeans kurs;10;0.0;3;2021-06-22;10;10;1;kurs java netbeans
jak zhakowac strone www;10;0.0;2;2021-03-11;10;10;10;0;0;10;10;10;10;10;10;10;0
stringbuilder length java;10;0.0;3;2021-03-11;10;10;10;10;10;10;10;10;0;10;10;10;0
netbeans kurs;10;0.0;2;2021-03-11;10;10;10;10;10;10;10;0;10;10;10;10;0
c integer to string;10;0.0;4;2021-03-11;10;10;10;10;10;10;10;10;10;10;10;10;0
stringbuilder c;10;0.0;2;2021-03-11;10;10;10;10;10;10;10;10;10;10;10;10;0
backend developer technologies;10;0.0;3;2021-03-11;10;0;10;0;10;10;10;10;0;10;0;10;0
dzielenie modulo java;10;0.0;3;2021-03-11;10;10;20;10;10;10;10;10;10;20;10;10;0
stack backend;10;0.0;2;2021-03-11;10;0;10;0;0;0;0;0;10;0;10;10;0
low code application platform;10;0.0;4;2021-03-11;10;10;10;10;10;20;10;10;10;10;10;10;0
projektowanie aplikacji mobilnych android;10;0.0;4;2021-03-11;0;10;0;10;0;0;0;0;0;10;0;10;0
dms management;10;0.0;2;2021-03-11;0;0;0;10;0;0;10;0;0;0;0;0;0
freelancer programowanie;10;2.59;2;2021-03-11;10;10;10;10;10;10;20;10;10;10;10;10;0
remote process automation;10;0.0;3;2021-03-11;10;10;10;10;10;10;20;10;10;10;10;10;0
hosting with seo;10;0.0;3;2021-03-23;10;10;10;10;0;10;0;10;10;10;10;10;0
video kurs java;10;0.0;3;2021-06-22;10;20;10;0;10;0;10;0;0;0;10;0;3;kurs java video
kurs video java
java kurs video
bpms website;10;0.0;2;2021-05-09;0;0;10;10;10;10;0;0;0;0;0;10;0
robotics and process automation;10;0.0;4;2021-03-11;10;10;10;10;10;10;10;0;10;10;10;10;0
the 4 hour work week pl;10;0.0;4;2021-03-11;10;10;10;10;10;10;10;10;10;0
java se development kit for windows 7;10;0.0;7;2021-03-11;0;0;0;0;10;0;0;0;0;0;0;0;0
bpm coding;10;0.0;2;2021-03-11;0;10;0;0;0;0;0;0;0;0;0;0;0
java se development kit 7;10;0.0;4;2021-03-11;10;10;10;0;10;10;10;0;0;10;10;0;0
java weryfikacja instalacji;10;0.0;3;2021-03-11;10;0;0;10;10;0;10;10;0;10;10;10;0
rozmowa o prace po angielsku przez telefon;10;0.0;7;2021-06-22;10;10;10;10;10;10;10;0;10;10;0;0;1;rozmowa o prace przez telefon po angielsku
install java development kit windows 10;10;0.0;6;2021-05-15;0;10;10;0;0;0;0;10;0;10;0;10;0
przykładowe cv front end developer;10;0.0;5;2021-04-06;10;10;10;10;10;10;10;0
java se development kit 13;10;0.0;5;2021-03-11;10;10;10;10;10;10;10;10;10;10;10;0
jak sprawdzić jave;10;0.0;2;2021-03-11;10;10;10;10;0;10;10;10;0;0;10;0;1;jak sprawdzic jave
no code app platforms;10;0.0;4;2021-05-15;10;0;0;10;0;0;0;0;0;0;0;0;0
java sdk 15;10;0.0;3;2021-05-15;10;10;0;10;10;0;10;10;10;0;10;10;0
webcon sharepoint;10;0.0;2;2021-03-11;10;10;10;10;10;10;10;10;10;10;10;10;0
nie mogę zainstalować javy windows 7;10;0.0;4;2021-03-11;10;10;0;0;0;0;10;0;10;0;10;0;0
programowanie dla 8 latka;10;1.93;4;2021-03-11;10;10;10;10;10;0;0;0;0;0;0;30;0
what is bpm platform;10;0.0;4;2021-03-11;0;0;0;0;10;0;0;0;0;0;0;0;0
java download windows 10 64 bit jdk;10;0.0;6;2021-03-11;0;0;0;0;0;0;0;0;10;0;0;0;0
robotic process automation company;10;0.0;4;2021-03-11;10;10;10;10;10;0;10;10;10;10;10;0;0
rohlig suus godziny dostarczania;10;0.0;4;2021-03-11;10;10;10;10;10;10;10;10;10;10;10;10;0
darmowa java na komputer;10;0.0;4;2021-03-11;0;0;0;0;0;0;0;10;0;0;0;0;0
backend junior developer;10;4.98;3;2021-05-15;10;10;10;10;10;10;10;10;10;10;10;10;0
backend or frontend developer;10;0.0;4;2021-04-06;10;10;10;10;10;10;10;0;10;10;10;10;0
instalacja java windows 7;10;0.0;4;2021-03-11;10;10;0;0;10;10;0;10;0;10;10;10;0
webinar 2019;10;0.0;2;2021-03-28;10;0
service in industry;10;0.0;3;2021-03-11;10;0;0;0;0;0;0;0;0;0;0;0;0
środowisko java jre;10;0.0;3;2021-03-11;10;10;10;10;10;10;10;10;10;10;10;10;0
front end czy back end;10;0.0;5;2021-06-22;20;20;10;10;10;10;10;10;10;0;10;10;1;back end czy front end
low code bpm platform;10;0.0;4;2021-03-11;0;10;10;0;0;0;0;10;0;10;10;0;0
idempotent in rest;10;0.0;3;2021-03-11;0;0;10;0;0;10;0;10;0;10;0;0;0
javascript od czego zacząć;10;0.0;3;2021-03-11;20;10;20;10;10;10;10;20;20;20;20;10;0
java jdk windows 7 64 bit;10;0.0;6;2021-05-15;10;10;0;10;10;10;10;10;10;0;10;10;0
workflow dms;10;0.0;2;2021-03-11;10;10;10;10;10;10;10;10;10;10;1;dms workflow
praca w it od czego zaczac;10;2.07;6;2021-03-11;20;0;10;20;10;10;10;10;10;10;10;10;0
rozmowa rekrutacyjna java;10;0.0;3;2021-03-11;20;10;30;10;10;20;20;10;10;10;10;10;0
az certyfikat ssl;10;35.07;3;2021-03-11;10;10;10;10;10;10;10;10;10;10;10;10;0
debugowanie java;10;0.0;2;2021-03-11;10;10;10;10;10;10;10;10;0;10;10;10;0
osi firma;10;0.0;2;2021-03-11;10;10;20;20;10;10;20;20;10;10;10;10;0
junior java dev;10;1.91;3;2021-05-15;20;10;20;20;10;10;10;10;10;10;20;10;0
java byte equals;10;0.0;3;2021-03-11;0;0;0;10;10;0;0;0;0;0;10;0;0
java do until;10;0.0;2;2021-03-11;10;10;10;10;10;10;10;10;10;10;10;10;0
java se jdk 8;10;0.0;3;2021-03-11;0;10;10;10;10;10;0;0;0;10;0;10;0
jak zostac programista krok po kroku;10;0.0;6;2021-03-18;10;10;10;10;10;0;0;10;10;10;0;0;0
finanse i controlling magazyn;10;0.0;4;2021-03-11;10;10;0;10;10;10;10;10;0;10;10;10;0
back end front end developer;10;0.0;5;2021-03-18;20;10;20;10;10;10;10;10;10;20;20;10;2;front end back end developer
developer front end back end
ibm bpm sharepoint;10;0.0;3;2021-05-09;0;0;0;0;0;0;0;0;0;10;0;0;0
logiczne or;10;0.0;2;2021-03-11;10;10;10;10;10;10;10;10;10;10;10;10;0
low code on premise;10;0.0;4;2021-05-15;10;0;10;0;0;10;0;0;10;0;0;10;0
junior developer co trzeba umiec;10;0.0;3;2021-03-18;10;10;10;10;10;10;10;0
java integer array to int array;10;0.0;5;2021-03-11;10;10;10;10;10;10;10;0;10;10;10;0;0
java developer kit install;10;0.0;4;2021-05-15;0;0;0;0;10;0;0;0;0;0;0;0;0
c front end;10;0.0;3;2021-03-11;10;0;10;10;0;10;0;0;0;10;0;0;0
jdk java se development kit;10;0.0;5;2021-05-15;0;10;0;0;0;0;0;0;0;10;0;0;0
singleton using enum;10;0.0;3;2021-03-11;0;0;10;0;10;0;0;10;0;10;0;0;0
kurs java start;10;6.18;3;2021-03-11;10;10;10;10;10;10;10;10;10;10;10;10;0
low code tools;10;11.58;3;2021-03-11;10;10;10;10;10;0;10;10;10;10;10;10;0
java rozmiar tablicy;10;0.0;3;2021-03-11;10;10;10;10;10;10;10;10;10;10;10;10;0
lotus notes migration;10;0.0;3;2021-03-11;0;0;0;0;10;0;0;0;10;0;0;10;0
java switch double;10;0.0;3;2021-03-11;10;0;10;10;10;0;10;10;10;0;10;10;0
java se developer kit 8;10;0.0;5;2021-05-15;0;0;0;10;10;0;0;0;0;0;0;0;0
java trim string to length;10;0.0;4;2021-03-11;10;10;10;10;10;10;10;10;10;10;10;10;0
dokumentacja java 8;10;0.0;2;2021-03-11;10;10;10;10;10;10;0
technik programista opinie;10;0.0;3;2021-04-15;10;10;20;0;0;30;20;20;20;10;10;10;0
przewidywanie przyszłości online;10;0.0;3;2021-03-11;10;10;10;10;10;10;10;10;10;10;10;10;0
java tutorial dla początkujących;10;0.0;3;2021-03-11;0;10;10;10;10;10;10;0;10;0;10;0;0
backend js developer;10;0.0;3;2021-03-11;0;10;10;10;0;10;0;0;0;0;0;0;0
java 8 tokenize string;10;0.0;4;2021-05-05;0;0;0;0;10;10;0;0;10;0;0;10;0
jak pisać programy w javie;10;0.0;3;2021-03-11;0;0;0;0;0;0;0;10;0;0;10;0;0
javascript backend or frontend;10;0.0;4;2021-03-11;10;10;10;0;10;0;0;0;10;10;10;10;1;javascript frontend or backend
java se development kit 14;10;0.0;5;2021-03-11;0;0;0;10;10;0;0;0;0;10;0;10;0
fizzbuzz sql;10;0.0;2;2021-03-11;0;0;0;0;0;10;10;0;0;0;0;0;0
junior cv;10;0.0;2;2021-03-11;10;10;10;10;10;10;0;0;10;10;10;10;0
it workflow software;10;0.0;3;2021-04-26;10;0;0;0;0;0;0;0;0;0;0;0;0
how to use lombok;10;0.0;3;2021-03-11;10;10;10;10;10;10;10;10;10;10;10;10;0
java sdk jre;10;0.0;3;2021-03-11;10;10;0;10;0;10;10;10;0;0;10;0;0
full stack backend;10;0.0;3;2021-03-11;10;10;10;10;0;10;10;10;10;10;10;10;0
jakie szkoły trzeba ukończyć aby zostać programistą;10;1.26;4;2021-03-11;10;10;20;10;10;10;10;10;10;30;20;10;0
jakiego języka programowania się uczyć 2017;10;0.0;5;2021-03-11;10;0
what is java front end developer;10;0.0;6;2021-03-20;0;10;0;0;10;0;0;0;0;0;0;0;0
front end backend developer;10;0.0;4;2021-03-11;20;10;20;10;10;10;10;10;10;20;20;10;0
modern workplace paris;10;0.0;3;2021-03-11;0;0;10;0;0;0;0;0;0;0;0;10;0
webcon fuel systems;10;0.0;3;2021-03-11;0;0;0;10;0;0;0;0;0;0;0;0;0
4 godziny ciała;10;0.0;2;2021-03-11;10;0;0;10;0;10;10;10;10;10;10;10;0
java czy warto;10;0.0;2;2021-03-11;10;20;10;10;10;10;10;10;10;10;10;10;0
java char to integer;10;0.0;3;2021-03-11;10;10;10;10;10;10;10;10;10;10;10;10;0
utrzymanie aplikacji;10;52.06;2;2021-03-11;20;20;20;20;10;20;10;10;10;10;10;10;0
switch case java 11;10;0.0;4;2021-03-11;10;10;10;10;10;20;10;10;10;10;10;10;0
back end vs front end development;10;0.0;6;2021-03-11;0;0;10;0;10;10;0;0;0;10;0;0;0
brudny algorytm tekst;10;0.0;3;2021-03-11;0;10;10;10;10;10;10;10;10;10;10;10;0
rozmowa kwalifikacyjna po angielsku przez telefon;10;0.0;4;2021-06-22;10;10;10;10;10;10;10;10;10;10;10;10;1;rozmowa kwalifikacyjna przez telefon po angielsku
low code web app;10;0.0;4;2021-03-11;10;10;0;0;10;10;0;0;0;10;0;0;0
netbeans ide java;10;0.0;3;2021-05-15;10;10;20;10;20;20;10;10;10;20;20;10;0
programowanie czego sie uczyc;10;0.0;4;2021-03-11;10;10;10;10;10;10;10;10;0;10;10;10;0
nas bpm;10;0.0;2;2021-03-11;0;0;10;0;0;0;0;0;0;0;10;0;0
sharepoint bpm workflow;10;0.0;3;2021-05-09;0;0;0;0;0;0;0;0;0;10;0;0;0
git checkout tutorial;10;0.0;3;2021-03-11;10;10;10;0;10;10;10;0;10;10;0;10;0
document management system workflow;10;0.0;4;2021-03-11;10;10;10;10;30;10;10;10;10;10;10;1;workflow document management system
fizzbuzz code;10;0.0;2;2021-03-11;10;10;10;10;10;10;10;10;10;10;10;10;0
ssh hekko;10;0.0;2;2021-03-11;0;10;0;0;0;0;0;0;0;0;0;0;0
java java se;10;0.0;3;2021-05-15;0;0;10;0;10;10;0;0;10;10;0;10;0
java jdk 15 oracle;10;0.0;4;2021-05-15;10;0;0;0;0;0;0;0;0;0;0;10;0
low code workflow automation;10;0.0;4;2021-05-15;0;0;0;10;0;0;10;0;0;10;0;0;0
bpm financial;10;0.0;2;2021-03-11;10;10;0;0;0;10;10;10;0;10;10;10;0
react native vs angular ionic;10;0.0;5;2021-04-25;10;0;10;0;10;10;0;10;0;0;0;0;0
programowanie android od czego zacząć;10;0.0;5;2021-03-11;10;10;10;10;10;10;10;10;10;10;0;10;0
laptopowy milioner audiobook;10;0.0;3;2021-03-11;10;10;10;10;10;10;10;10;0;10;10;10;0
react js android studio;10;0.0;4;2021-03-11;0;0;0;0;0;0;10;0;0;10;0;0;0
switch case number;10;0.0;3;2021-03-11;0;0;10;0;10;10;0;0;10;10;10;10;0
java backend or frontend;10;0.0;4;2021-04-15;0;0;10;0;10;10;10;0;10;10;0;0;0
backend junior;10;0.0;2;2021-03-11;10;10;10;10;0;10;10;10;10;10;10;10;0
co to jest debugowanie programu;10;0.0;2;2021-03-11;0;10;0;0;10;10;10;0;10;0;0;0;0
front end vs back end technologies;10;0.0;6;2021-06-22;10;10;0;0;0;0;0;0;0;0;0;0;1;back end vs front end technologies
no code app platform;10;0.0;4;2021-05-15;10;0;0;10;0;0;0;0;0;0;0;0;0
jak znaleźć pracę jako programista;10;2.18;3;2021-03-11;20;10;10;10;10;10;10;10;20;20;20;10;0
prometheus d;10;0.0;2;2021-03-11;0;0;0;0;0;0;0;10;10;0;0;10;0
moja pierwsza rozmowa kwalifikacyjna;10;0.0;4;2021-03-11;10;10;0;10;10;10;10;10;10;10;10;10;0
java string metody;10;0.0;3;2021-03-11;30;10;10;10;10;10;10;10;10;20;10;10;0
phonegap opinie;10;0.0;2;2021-03-11;10;10;10;10;10;0;10;10;10;10;10;0;0
back end developer kto to;10;0.0;3;2021-03-11;10;10;10;10;10;0;10;10;10;10;10;10;0
obieg pism w firmie;10;0.0;4;2021-06-22;10;10;10;10;10;10;0;0;10;10;10;10;1;obieg pisma w firmie
java sdk oracle;10;0.0;3;2021-05-15;10;10;20;10;10;10;10;10;10;20;10;10;0
smartgit log;10;0.0;2;2021-03-11;0;10;0;0;0;10;0;10;0;0;0;0;0
kalkulator ułamków java;10;0.0;3;2021-03-11;10;0
jdk download 15;10;0.0;3;2021-05-15;10;0;10;10;0;0;0;0;0;10;10;0;0
czterogodzinne odchudzanie;10;0.0;2;2021-03-11;0;0;0;0;0;0;10;10;0;0;10;0;0
low code and no code;10;0.0;5;2021-05-15;10;10;10;10;0;0;10;0;0;0;0;0;0
java pobieranie danych od użytkownika;10;0.0;4;2021-03-11;20;20;30;20;10;10;10;10;10;20;20;20;0
java developer front end or backend;10;0.0;6;2021-03-11;10;0;10;10;0;0;10;0;0;0;0;0;0
java se 13;10;0.0;3;2021-05-15;10;0;0;10;0;10;0;10;10;10;10;10;0
system bpms;10;2.08;2;2021-03-11;10;10;10;10;10;10;10;10;10;10;20;10;0
arduino tablica array;10;0.0;3;2021-03-11;10;10;10;10;10;10;10;10;10;10;0
phonegap kurs;10;0.0;2;2021-03-11;10;10;10;10;10;0;0;0;0;0;0;0;0
pytania javascript;10;0.0;2;2021-03-11;10;20;10;20;20;10;10;10;10;10;20;10;0
java schema validation;10;0.0;3;2021-03-11;10;10;10;10;10;10;10;10;10;10;10;10;0
is c# front end or backend;10;0.0;6;2021-05-14;10;10;10;10;0;10;10;10;10;10;0;0;0
low code web development;10;0.0;4;2021-03-11;10;0;0;0;10;0;0;10;0;0;0;0;0
zainstaluj java za darmo;10;0.0;3;2021-06-22;0;0;10;0;0;10;0;0;0;0;0;0;1;java zainstaluj za darmo
dieta 4 godzinna;10;0.0;2;2021-03-11;10;10;10;10;10;10;30;10;10;10;10;10;0
switch statement syntax java;10;0.0;4;2021-03-11;10;0;0;10;0;10;0;10;10;0;0;0;0
ionic 5 vs react native;10;0.0;4;2021-03-11;0;0;0;0;0;0;0;0;10;0;0;0;0
java trim array;10;0.0;3;2021-03-11;10;10;10;10;10;10;10;10;10;10;10;10;0
jdk java version;10;0.0;3;2021-03-11;10;10;10;0;0;0;0;0;0;10;10;10;0
java long and double;10;0.0;4;2021-03-11;0;0;10;0;0;0;0;0;0;0;0;0;0
instalacja jdk;10;0.0;2;2021-03-11;20;20;10;10;10;10;10;10;20;20;20;10;1;jdk instalacja
programista zawód przyszłości;10;1.36;3;2021-03-11;10;20;20;30;10;10;10;10;10;20;20;10;0
programista co trzeba umiec;10;2.49;2;2021-03-11;30;10;10;10;10;10;10;10;10;20;10;10;0
java tablice jednowymiarowe;10;0.0;3;2021-03-11;10;10;10;10;10;10;10;10;10;10;10;10;2;tablica jednowymiarowa java
tablice jednowymiarowe java
git commit tutorial;10;0.0;3;2021-03-11;10;10;10;10;10;10;10;10;10;10;10;10;0
java android array;10;0.0;3;2021-03-11;0;0;0;0;0;0;0;0;0;10;10;10;0
jak zainstalować program java;10;0.0;4;2021-03-11;10;10;10;10;10;10;10;10;0;10;10;10;0
pierwsza praca gdzie;10;0.0;2;2021-03-25;10;10;10;10;10;10;10;10;10;10;10;10;0
workflow automation services;10;0.0;3;2021-03-11;0;10;0;0;0;0;0;0;0;0;0;0;0
singleton implementation java;10;0.0;3;2021-03-11;10;20;20;20;20;10;10;10;10;10;10;10;0
dlaczego warto być;10;0.0;2;2021-03-11;10;10;10;10;10;10;10;0;10;10;10;10;0
front or back end developer;10;0.0;5;2021-03-18;0;0;0;10;10;0;10;10;10;0;10;0;0
fein logo;10;0.0;2;2021-03-11;20;10;10;10;10;10;10;20;20;10;10;10;0
baza ramsat pl;10;0.0;3;2021-03-11;0;0;10;0;0;10;10;10;10;10;10;10;0
dlaczego warto zostać programistą;10;0.0;4;2021-03-18;10;10;10;10;10;10;10;10;10;10;10;10;0
back end or front end developer;10;0.0;6;2021-03-11;10;10;10;10;10;10;10;10;10;10;10;10;1;front end or back end developer
java react native;10;0.0;3;2021-03-11;10;0;10;10;0;10;10;0;0;10;0;10;1;react native java
first in first out java;10;0.0;5;2021-03-11;10;10;0;10;10;10;10;0;10;10;10;10;0
rad development;10;0.0;2;2021-03-11;10;10;10;10;10;10;10;10;10;10;10;10;0
instalacja środowiska java;10;0.0;3;2021-03-11;10;10;10;0;10;10;10;10;10;10;10;10;0
java junior cv;10;0.0;3;2021-04-06;10;10;0;10;0;10;10;10;10;10;0;0;2;junior java cv
cv java junior
oracle jdk windows 10;10;0.0;4;2021-03-11;0;0;0;0;10;10;0;0;0;0;0;0;0
java and jdk;10;0.0;3;2021-03-11;0;0;10;10;0;0;10;0;0;10;0;0;0
testy kwalifikacyjne java;10;0.0;3;2021-03-11;0;0;0;0;10;0;0;10;0;0;0;0;0
bpms belize;10;0.0;2;2021-05-09;0;0;0;0;0;0;0;0;0;0;0;10;0
jakich jezykow programowania sie uczyc;10;1.34;5;2021-03-11;20;20;0;0;0;0;0;20;10;20;20;10;0
back end and front end developer;10;0.0;6;2021-03-11;10;10;10;10;10;10;10;10;10;10;10;10;1;front end and back end developer
środowisko programistyczne definicja;10;0.0;3;2021-03-11;10;10;10;10;10;10;10;10;10;10;10;0
java operacje na stringach;10;0.0;3;2021-03-11;10;10;20;10;10;10;10;10;10;20;10;10;0
java instalacja po polsku;10;0.0;4;2021-03-11;0;0;0;0;0;0;0;0;0;10;0;0;0
java 7 se development kit;10;0.0;5;2021-05-15;10;0;0;0;0;0;0;0;0;0;0;0;0
java kit 8;10;0.0;3;2021-03-11;0;10;10;10;10;10;10;10;0;10;10;10;0
4 godzinny tydzień pracy opinie;10;0.0;4;2021-03-11;20;10;10;10;10;10;10;20;10;10;10;10;0
test kwalifikacyjny sql;10;0.0;3;2021-03-11;10;10;0
java development kit 64 bit;10;0.0;5;2021-03-11;10;10;10;10;10;10;10;10;10;10;0
prace zdalne lista;10;0.54;3;2021-03-18;20;20;0;0;30;10;10;10;10;10;30;10;0
programista od czego zacząć;10;0.0;4;2021-03-11;10;10;10;0;0;10;0;10;0;0;0;10;0
sprawdz java;10;0.0;2;2021-03-11;10;10;10;10;0;10;10;10;10;10;10;10;0
java if for;10;0.0;3;2021-03-11;0;0;0;10;10;0;0;0;0;10;10;0;0
sap bps;10;0.0;2;2021-03-11;10;10;10;10;10;10;10;10;10;10;10;10;0
java while else;10;0.0;3;2021-03-11;10;20;10;10;10;10;10;10;10;20;30;10;0
java sdk 14;10;0.0;3;2021-05-15;0;10;10;10;10;10;0;10;10;10;0;10;0
java se development kit 15 download;10;0.0;6;2021-05-15;10;10;10;10;0;0;0;0;10;30;10;10;0
back end c#;10;0.0;3;2021-03-11;0;0;10;10;10;10;10;10;10;10;10;10;0
darmowy kurs programowania warszawa;10;0.0;4;2021-06-22;10;10;10;10;10;10;10;1;darmowe kursy programowania warszawa
darmowa instalacja java;10;0.0;3;2021-06-22;10;10;10;10;10;0;0;10;10;10;10;10;2;java instalacja darmowa
java darmowa instalacja
tortoise git branch;10;0.0;3;2021-03-11;10;10;10;0;10;10;0;10;10;0;10;10;0
react native jsx;10;0.0;3;2021-03-11;10;10;10;10;10;10;10;10;10;10;10;10;0
back end developer c#;10;0.0;4;2021-03-11;10;0;10;10;0;10;0;0;0;0;0;0;0
archidoc sopot;10;0.0;2;2021-03-11;10;20;10;10;10;10;0;10;10;20;10;10;0
reactjs webview;10;0.0;2;2021-03-11;20;10;10;20;10;10;10;10;10;10;10;10;0
finance siemens com;10;0.0;3;2021-03-11;0;10;0;0;0;0;10;0;0;0;10;0;0
sudzucker polska kontakt;10;0.0;3;2021-03-11;10;0;10;0;0;10;10;10;0;0;10;10;0
back end web development python;10;0.0;5;2021-03-11;10;10;10;0;0;10;10;0;0;0;10;0;0
backend developer vs front end developer;10;0.0;6;2021-03-11;10;10;10;10;10;10;10;10;10;10;10;10;0
java se development kit install;10;0.0;5;2021-05-15;10;0;0;10;10;0;10;0;0;10;0;0;0
danwood online;10;0.0;2;2021-03-11;0;0;10;10;0;0;0;0;0;0;0;0;0
kurs java od podstaw online;10;0.0;5;2021-03-11;10;10;10;10;10;0;0;10;10;0;0;0;0
front end developer co to znaczy;10;0.0;4;2021-03-11;10;10;10;10;10;10;10;10;10;10;10;10;0
marketing investment group b2c kraj;10;0.0;5;2021-04-06;10;10;0;0;0;10;0;10;10;10;10;20;0
low code development platforms;10;0.0;4;2021-03-11;10;10;10;10;10;10;10;10;10;10;10;10;0
lpp erp;10;0.0;2;2021-03-11;10;0;10;10;0;10;0;10;10;10;10;0;0
java jre path;10;0.0;3;2021-03-11;10;10;10;10;10;10;10;10;10;10;10;10;0
rodzaje zmiennych java;10;0.0;3;2021-06-22;20;20;20;10;10;10;10;10;10;30;10;10;1;java rodzaje zmiennych
switch case java 12;10;0.0;4;2021-03-11;0;10;0;10;10;10;0;0;10;0;10;0;0
środowisko do programowania java;10;1.79;3;2021-03-11;10;10;10;10;10;10;10;0;10;10;10;10;0
lombok java 8;10;0.0;2;2021-03-11;10;10;10;10;10;10;10;10;10;10;10;10;0
skąd pobrać java;10;0.0;3;2021-03-11;10;10;10;10;0;0;0;10;10;10;10;10;0
javascript do czego;10;0.0;2;2021-03-11;20;10;20;10;10;20;10;10;10;20;20;10;0
lotus notes workflow;10;0.0;3;2021-03-11;0;0;10;10;0;0;0;10;0;0;10;0;1;workflow lotus notes
java operators wiki;10;0.0;3;2021-03-11;0;0;10;10;0;0;0;0;0;10;0;0;0
fizzbuzz test java;10;0.0;3;2021-03-11;10;10;10;0;10;10;0;0;0;0;0;0;0
programowanie java jak zacząć;10;0.0;4;2021-06-22;20;20;10;10;10;10;10;10;10;10;10;0;4;jak zacząć programować w java
programowanie w javie jak zacząć
programowanie w java jak zacząć
jak zaczac programowac java
git push tutorial;10;0.0;3;2021-03-11;10;10;10;10;10;10;10;10;10;10;10;10;0
backend frontend developer;10;0.4;3;2021-03-11;20;10;20;10;10;10;10;10;10;20;20;10;0
back end entwickler;10;0.0;3;2021-03-11;10;0;0;0;0;0;0;10;10;0;10;0;0
webcon bps cloud;10;0.0;3;2021-03-11;10;10;0;0;10;0;10;0;0;10;10;0;0
kurs aplikacje mobilne;10;2.42;3;2021-03-11;10;10;20;10;10;10;10;10;10;20;10;10;2;aplikacje mobilne kurs
kurs aplikacji mobilnych
java case string;10;0.0;3;2021-03-11;10;10;20;10;10;10;10;10;10;20;10;10;0
front vs backend;10;0.0;3;2021-05-15;0;0;10;10;0;0;0;0;0;0;0;0;0
backend developer javascript;10;2.5;3;2021-06-22;10;20;10;10;10;10;10;10;10;10;10;10;1;javascript backend developer
setter lombok;10;0.0;2;2021-06-22;10;10;10;10;10;10;10;10;10;10;10;1;lombok setter
low code environment;10;0.0;3;2021-03-11;10;10;10;10;0;10;10;0;10;0;10;0;0
back end developer vs front end developer;10;0.0;7;2021-03-18;0;0;10;0;0;10;0;0;0;0;10;0;1;front end developer vs back end developer
grupa topex oferty pracy;10;0.0;4;2021-03-11;10;10;10;10;0;10;10;10;10;10;10;0;0
jdk windows 10;10;0.0;2;2021-05-15;10;10;10;10;10;10;10;10;10;10;0;10;0
czterogodzinny tydzień pracy książka;10;0.0;4;2021-03-11;10;10;0;10;10;10;10;10;10;10;0;10;0
programowanie po 30;10;0.49;2;2021-03-11;20;10;10;10;10;20;10;10;10;10;10;20;0
sprawdzanie java;10;0.0;2;2021-06-22;10;10;10;10;10;10;10;10;10;10;10;10;1;java sprawdzanie
switch case string c++;10;0.0;4;2021-03-11;20;10;20;10;10;10;10;10;10;20;10;20;0
low code k2;10;0.0;3;2021-05-15;0;0;0;0;0;0;10;0;0;10;0;0;0
instalowanie java;10;0.0;2;2021-03-11;20;10;20;10;10;10;10;10;10;10;20;10;0
low code app development;10;15.89;4;2021-03-11;10;10;10;10;10;0;10;10;10;10;10;10;0
switch case java char;10;0.0;4;2021-03-11;0;0;0;0;0;0;10;0;10;0;10;0;0
bps marketing;10;0.0;2;2021-03-11;10;10;10;10;0;0;10;0;10;10;10;10;0
fifo zadania;10;0.0;2;2021-03-11;20;10;10;10;10;10;0;0;10;10;10;10;0
java se 15 download;10;0.0;4;2021-05-15;10;10;10;10;0;0;0;0;10;20;20;10;0
kurs programowania koszalin;10;2.86;3;2021-03-11;10;20;20;20;10;10;10;10;10;10;20;20;0
instrukcja warunkowa if java;10;0.0;4;2021-03-11;10;10;10;10;10;10;0;10;10;10;10;10;0
low code development tools;10;0.0;4;2021-03-11;10;0;0;10;10;0;10;10;0;10;10;10;0
lombok nullable;10;0.0;2;2021-03-11;10;10;10;10;10;10;10;10;10;10;10;10;0
funkcja if java;10;0.0;3;2021-03-11;10;10;10;10;10;10;10;10;0;10;10;10;0
java klasy i obiekty;10;0.0;3;2021-06-22;10;10;10;10;10;10;10;10;10;10;10;10;2;klasy i obiekty java
klasa a obiekt java
workflow management tools;10;3.46;3;2021-03-11;10;10;10;10;10;10;10;10;10;10;10;10;0
back end developer co to jest;10;0.0;3;2021-03-11;10;0;10;0;10;0;10;0;10;10;0;0;0
full stack developer front end back end;10;0.0;7;2021-03-11;0;10;0;0;10;0;10;0;0;0;0;0;1;front end back end full stack developer
java j2ee kurs;10;0.0;3;2021-03-11;0;0;0;0;0;0;10;0;0;0;0;0;0
marek radwański kraków;10;0.0;3;2021-04-13;10;10;10;10;10;10;10;10;10;10;10;10;0
program java netbeans;10;0.0;3;2021-03-11;0;0;0;0;0;0;0;0;0;10;10;0;0
java for operator;10;0.0;3;2021-03-11;0;0;0;0;0;0;0;0;0;10;0;0;0
front end and backend developer;10;0.0;5;2021-03-11;0;10;0;0;0;0;0;0;0;10;0;0;0
ferriss 4 godzinny tydzień pracy;10;0.0;4;2021-03-11;10;10;10;0;10;10;10;10;10;10;10;10;0
switch case format;10;0.0;3;2021-03-11;0;0;0;0;0;0;10;0;0;0;10;0;0
what is front end and back end;10;0.0;7;2021-03-11;10;10;0;10;10;10;10;0;10;10;10;10;0
java se ide;10;0.0;3;2021-05-15;0;0;0;0;10;0;10;10;0;0;0;0;0
low code web application development;10;0.0;5;2021-03-11;10;0;0;0;0;0;0;0;0;0;0;0;0
logika boolean;10;0.0;2;2021-03-11;10;10;10;10;10;10;10;10;10;10;0;10;0
java 7 string;10;0.0;2;2021-03-11;10;0;0;10;10;0;10;0;10;10;10;10;0
java jsf kurs;10;0.0;3;2021-03-11;0;0;0;10;0;0;0;10;0;0;0;0;0
c# łączenie stringów;10;0.0;3;2021-03-11;20;10;10;10;10;10;10;10;10;20;20;10;0
testy programistyczne;10;0.0;2;2021-03-11;10;10;10;10;10;10;10;10;10;10;10;10;0
java development kit 11;10;0.0;4;2021-03-11;10;10;10;10;10;10;10;10;10;20;10;10;0
java front end or backend;10;0.0;5;2021-03-11;10;10;10;10;10;10;10;10;0;10;10;10;0
programista java pytania rekrutacyjne;10;0.0;4;2021-03-11;10;10;10;10;10;0;10;10;10;10;10;10;0
gosling java;10;0.0;2;2021-03-11;20;10;20;10;10;10;10;10;10;10;10;10;0
java se 15 vs 11;10;0.0;5;2021-05-15;0;0;0;0;0;0;0;0;0;0;0;10;0
testowanie oprogramowania przykłady;10;2.01;3;2021-03-11;30;10;10;10;10;10;10;10;10;10;10;10;0
eor xor;10;0.0;2;2021-03-11;10;0;0;10;10;0;0;10;0;0;10;0;0
jak sprawdzić czy java jest zainstalowana;10;0.0;3;2021-03-11;10;10;20;10;10;10;10;10;10;10;10;10;0
process management software;10;7.49;3;2021-06-22;10;10;10;10;10;10;10;10;10;10;10;10;1;software management process
stringbuilder insert;10;0.0;2;2021-03-11;10;10;10;10;10;10;10;10;10;10;10;10;0
http get idempotent;10;0.0;3;2021-03-30;0;10;0;0;0;0;0;10;0;0;0;0;0
uczestnicy leasingu;10;0.0;2;2021-03-11;0;0;0;10;0;10;0;10;0;10;10;0;0
java se 11 jre;10;0.0;4;2021-05-15;0;10;10;0;0;10;0;0;10;10;10;10;0
zmienna całkowita java;10;0.0;3;2021-03-11;10;10;10;10;0
mobilna java;10;0.0;2;2021-03-11;0;0;0;10;0;0;0;0;0;0;0;0;0
install java se development kit;10;0.0;5;2021-05-15;0;10;0;0;0;0;0;10;0;10;0;0;0
dms bpm;10;0.0;2;2021-03-11;10;10;0;0;0;10;0;0;0;0;0;0;0
java 7 kurs;10;0.0;3;2021-03-11;10;10;10;10;0;0;10;10;0;0;0;0;0
backend back end;10;0.0;3;2021-03-11;10;10;0;10;10;10;0;10;10;10;10;10;0
java kurs online gratis;10;0.0;4;2021-03-11;10;10;10;10;0
back and developer;10;0.0;3;2021-03-11;10;10;10;0;0;0;10;0;10;10;0;10;0
low code apps;10;5.51;3;2021-05-15;10;10;10;10;10;10;10;10;10;10;10;10;0
string biblioteka;10;0.0;2;2021-03-11;10;10;10;10;10;10;10;10;10;10;10;10;0
workflow and decision automation platform;10;0.0;5;2021-03-11;0;0;0;10;0;0;0;0;0;0;0;0;0
low code business apps;10;0.0;4;2021-03-11;0;0;0;0;0;0;10;10;0;0;0;0;0
ibm rozmowa kwalifikacyjna pytania;10;0.0;4;2021-03-11;10;10;0
pseudokod java;10;0.0;2;2021-03-11;10;10;10;10;10;10;10;0
iteracja java;10;0.0;2;2021-03-11;10;10;10;10;10;10;10;10;10;10;10;10;0
substring java 8;10;0.0;3;2021-05-15;10;10;10;0;0;0;0;0;0;0;0;0;0
jak zostać programistą php;10;0.0;4;2021-03-11;10;10;10;10;10;10;10;0;10;10;0;10;0
instalacja programu java;10;0.0;3;2021-06-22;10;10;10;0;10;10;10;10;10;10;10;10;2;program java instalacja
java instalacja programu
nie moge pobrac javy;10;0.0;3;2021-03-11;0;10;0;0;10;0;10;10;10;10;10;0;0
programowanie java tutorial;10;0.0;3;2021-03-11;10;10;10;10;10;0;10;0;10;0;0;10;0
backend kurs;10;0.86;2;2021-06-22;10;10;10;10;10;10;10;10;20;10;20;10;1;kurs backend
hashcode and equals method in java;10;0.0;6;2021-03-11;10;10;10;0;10;10;10;10;10;0;10;10;0
full stack vs backend developer;10;0.0;5;2021-03-11;0;0;0;0;0;0;10;0;10;0;0;0;1;backend developer vs full stack
weryfikacja wersji oprogramowania java;10;0.0;4;2021-03-11;10;10;10;10;10;0;10;0;10;10;10;10;0
abteilung vertrieb;10;0.0;2;2021-03-11;0;0;0;0;10;0;0;0;0;0;0;10;0
java nauka online;10;3.39;3;2021-04-25;10;10;10;10;10;10;30;10;10;10;10;10;1;nauka javy online
chcę zostać programistą;10;2.92;3;2021-03-11;20;10;10;10;10;10;10;10;10;10;10;10;0
dms energy solutions;10;0.0;3;2021-03-11;0;0;0;0;0;0;10;10;0;10;10;0;0
switch case program;10;0.0;3;2021-03-11;10;10;10;10;10;0;10;10;10;10;10;10;0
java tworzenie aplikacji;10;0.0;3;2021-03-11;10;10;10;10;10;10;10;10;10;10;10;10;2;tworzenie aplikacji w javie
tworzenie aplikacji java
backend online;10;0.0;2;2021-06-22;0;0;0;10;0;0;10;0;0;0;0;0;1;online backend
technik informatyk vs programista;10;0.0;4;2021-03-18;10;10;0;0;0;30;10;10;10;10;10;10;0
backend development using java;10;0.0;4;2021-03-11;0;0;0;10;0;0;0;0;0;0;0;0;0
backend on python;10;1.91;3;2021-05-15;10;10;20;10;10;10;10;10;10;10;10;10;0
webcon 2020;10;0.0;2;2021-03-11;0;0;0;0;10;0;0;0;10;10;0;0;0
windows 10 java jdk;10;0.0;4;2021-05-15;0;0;10;10;10;10;10;0;0;0;0;0;0
java oracle co to;10;0.0;2;2021-05-15;10;10;10;10;10;10;10;10;10;10;10;10;0
jakim językiem programowania jest python;10;0.0;5;2021-03-11;10;10;0;10;10;10;0;0;10;10;10;10;0
java kurs online free;10;0.0;4;2021-03-11;10;10;10;10;10;10;10;10;10;0
faktura kosztowa po angielsku;10;0.0;3;2021-03-11;20;10;10;10;10;10;30;10;10;10;20;10;0
java se 11 development kit;10;0.0;5;2021-05-15;10;0;0;10;10;0;0;0;10;0;0;0;0
java se sdk 7;10;0.0;4;2021-05-15;0;0;10;0;0;10;0;0;0;0;0;0;0
pomodoro pomodoro;10;0.0;2;2021-03-11;10;0;10;10;0;10;0;0;0;0;0;0;0
java trim string array;10;0.0;4;2021-03-11;0;0;0;0;0;0;0;0;0;10;0;0;0
wirtualna maszyna java windows 7;10;0.0;4;2021-03-11;0;10;10;10;10;0;0;10;0;10;10;10;0
backend development with python;10;0.0;4;2021-03-11;0;0;0;0;0;0;10;0;10;0;10;10;0
arraylist int;10;0.0;2;2021-03-11;10;10;10;10;20;10;10;10;10;20;20;10;0
process automation practical;10;0.0;3;2021-03-11;0;0;0;0;0;0;0;10;0;0;0;0;0
front end developer python;10;0.0;4;2021-03-11;10;10;0;10;0;10;10;10;10;10;0;10;0
polecenia java;10;0.0;2;2021-03-11;10;10;10;10;10;10;10;10;10;10;10;10;0
java substring indexof;10;0.0;3;2021-03-11;10;10;10;10;10;10;10;10;10;10;10;10;0
modulo en java;10;0.0;3;2021-03-11;0;10;0;0;0;0;0;10;10;10;0;10;0
php od czego zacząć;10;0.0;3;2021-03-11;0;10;0;0;10;0;10;10;10;10;10;10;0
łączenie stringów java;10;0.0;3;2021-06-22;20;10;10;10;10;10;10;10;10;10;20;10;1;java łączenie stringów
intersport online at;10;0.0;3;2021-03-11;0;10;0;10;0;0;0;0;0;10;0;0;0
4 godzinne ciało torrent;10;0.0;3;2021-03-11;0;0;0;0;0;0;10;0;0;0;0;0;0
program java pl;10;0.0;2;2021-03-11;0;0;10;0;0;0;0;0;0;0;0;0;0
w jakim języku programować;10;0.43;3;2021-03-11;20;10;10;10;10;10;10;10;10;20;10;10;0
darmowy kurs programowania łódź;10;0.0;4;2021-03-11;10;10;20;10;10;10;10;10;10;10;0
java back end developer skills;10;0.0;5;2021-03-11;10;10;10;10;10;10;10;10;10;10;10;10;1;back end java developer skills
front end developer and back end developer;10;0.0;7;2021-03-11;10;10;10;10;10;10;10;10;10;0;0;10;0
zainstaluj java po polsku;10;0.0;3;2021-03-11;0;0;0;10;0;0;0;0;0;0;0;0;0
java string lastindexof;10;0.0;3;2021-03-11;10;10;10;10;10;10;10;10;10;10;10;10;0
android int to string;10;0.0;4;2021-03-11;20;10;10;10;20;10;10;20;10;20;10;30;0
java string 1;10;0.0;2;2021-03-11;10;10;10;10;10;10;10;10;10;10;10;10;0
java sprawdzenie;10;0.0;2;2021-06-22;10;10;10;10;10;10;10;10;10;10;10;10;1;sprawdzenie java
kurs git system kontroli wersji;10;0.0;5;2021-03-11;0;0;0;10;0;0;0;0;10;10;0;0;0
java sdk install;10;0.0;3;2021-05-15;10;10;20;10;10;10;10;10;10;10;10;10;0
c# backend developer;10;0.0;3;2021-06-22;10;10;10;10;10;10;10;0;10;0;10;10;2;backend developer c#
backend c# developer
java development kit for windows 7;10;0.0;6;2021-03-11;0;0;10;0;0;10;0;10;0;10;0;10;0
java se 8 runtime environment;10;0.0;5;2021-05-15;0;10;0;10;10;0;10;10;10;10;10;10;0
if and else java;10;0.0;4;2021-03-11;10;10;0;10;0;10;10;10;10;10;10;0;0
programista java zdalna;10;2.09;3;2021-03-18;10;10;10;10;10;10;20;10;10;10;10;10;0
nie moge zainstalowac javy;10;0.0;3;2021-06-22;10;10;10;10;10;10;50;10;10;10;10;10;1;nie mogę zainstalować javy
backend developer what is;10;0.0;4;2021-03-18;10;0;10;10;0;10;10;0;10;0;0;0;0
java se development 32 bit;10;0.0;5;2021-05-15;0;0;0;0;0;0;0;0;10;0;0;0;0
i need developers;10;0.0;3;2021-05-15;0;0;0;0;10;0;0;0;10;0;0;0;0
jdk java com;10;0.0;3;2021-03-11;0;0;10;0;0;0;10;10;10;0;10;0;0
baza ramsat;10;0.0;2;2021-03-11;10;10;10;10;0
back end developer database;10;0.0;4;2021-03-11;0;0;0;0;0;10;0;0;0;0;0;0;0
java char list;10;0.0;3;2021-03-11;20;10;10;10;10;10;10;10;10;20;20;10;0
oracle java se 14;10;0.0;4;2021-05-15;0;0;10;0;0;0;0;0;0;10;10;0;0
rozmowa kwalifikacyjna lotto;10;0.0;3;2021-03-11;10;10;10;10;10;10;10;10;10;10;10;0
front end back end programming;10;0.0;5;2021-06-22;0;10;0;0;10;0;0;0;0;10;0;0;1;back end front end programming
systemy klasy bpm;10;0.0;3;2021-03-11;20;10;10;10;10;10;10;20;10;20;10;20;0
full stack front and back end developer;10;0.0;7;2021-03-18;0;0;10;10;0;0;0;0;10;0;10;0;0
char en java;10;0.0;3;2021-03-11;0;0;10;10;0;0;0;0;0;0;0;0;0
backend developer skill set;10;0.0;4;2021-03-11;0;0;0;0;0;0;0;10;0;10;0;0;0
kurs java dla początkujących online;10;0.0;4;2021-03-11;10;10;10;0;10;0;10;10;10;10;10;10;0
jak uczyć się programowania java;10;0.0;3;2021-03-11;0;10;0;0;0;10;0;10;0;10;0;10;0
java se development kit 5;10;0.0;5;2021-03-11;0;0;0;0;0;10;0;0;0;0;0;10;0
java se jdk jre;10;0.0;4;2021-03-11;10;10;0;0;0;0;0;0;0;0;0;0;0
internetowy kurs java;10;0.0;3;2021-03-11;10;10;10;0;10;0;0;0;0;0;0;0;0
document management system with workflow;10;0.0;5;2021-03-11;10;10;10;10;30;10;10;10;10;10;10;0
java dev kit 16;10;0.0;4;2022-12-11;10;10;10;10;10;10;10;10;10;10;20;10;0
java se 10 development kit;10;0.0;5;2021-05-15;0;0;0;0;0;10;0;0;0;0;0;0;0
oracle com java se development kit;10;0.0;6;2022-02-08;0;0;0;0;10;0;0;0;10;0;0;0;0
java development 8;10;0.0;2;2022-12-11;0;0;0;10;0;0;0;0;10;0;0;0;0
darmowy certyfikat ssl home pl;10;29.29;5;2022-02-08;10;20;10;10;20;10;20;10;10;10;10;10;0
konwersja string na int java;10;0.0;5;2021-06-22;10;10;10;10;10;10;10;10;10;10;10;10;2;java konwersja string na int
konwersja int na string java
pętla w pętli java;10;0.0;4;2021-03-10;10;10;0;0;10;0;10;10;0;10;10;0;0
lotus notes application;10;0.0;3;2021-03-11;10;10;0;0;0;0;0;10;10;0;10;0;0
bpm portal;10;0.0;2;2021-05-09;10;10;10;10;10;10;10;10;0;0;10;0;0
jak skonfigurować jave;10;0.0;2;2021-03-11;10;10;10;0;10;10;0;10;0;0;0;0;0
kurs java katowice;10;0.0;3;2021-03-11;10;10;10;10;10;0;10;0;10;10;10;10;1;java kurs katowice
document management system with ocr;10;0.0;5;2021-03-11;0;10;0;0;0;0;0;0;0;0;0;0;0
netbeans ide online;10;0.0;3;2021-03-11;0;0;0;0;0;10;0;0;0;10;0;0;0
backend developer stack;10;0.0;3;2021-03-11;0;0;10;10;0;10;0;0;0;0;0;0;0
rozmowa telefoniczna po angielsku w sprawie pracy;10;0.0;5;2021-03-11;0;10;10;0;0;10;10;10;0;10;10;10;1;rozmowa telefoniczna w sprawie pracy po angielsku
switch case java 8;10;0.0;3;2021-06-22;10;10;10;10;10;10;10;10;10;10;1;java 8 switch case
git gui clone;10;0.0;3;2021-03-11;10;0;0;10;10;10;10;10;10;0;10;10;0
crm finanse praca opinie;10;0.0;4;2021-03-11;0;0;0;10;0;0;0;0;0;0;0;0;0
ald automotive kariera;10;0.0;3;2021-03-11;0;0;10;10;10;0;10;10;10;0;10;10;0
push pop c;10;0.0;3;2021-03-11;10;10;10;10;10;10;0;0;10;10;10;10;0
co powinien umieć junior python developer;10;0.0;6;2021-03-18;10;10;10;10;10;10;0;10;10;0;10;0;0
instalator java;10;0.0;2;2021-06-22;20;10;20;10;10;10;10;10;10;10;20;10;1;java instalator
tablica tablic java;10;0.0;3;2021-03-11;10;10;10;0;10;10;10;10;10;10;10;10;0
low code workflow;10;0.0;3;2021-03-11;10;0;0;0;0;10;0;10;10;0;10;0;0
rodzaje pętli w programowaniu;10;0.0;3;2021-05-15;10;10;20;10;10;10;10;10;10;20;10;10;0
backend front end developer;10;0.0;4;2021-05-15;10;10;10;10;10;10;10;10;10;10;10;10;0
web backend;10;0.0;2;2021-03-11;20;10;10;10;10;20;10;20;10;10;20;10;0
jak debugowac aplikacje;10;0.0;2;2021-03-11;0;0;0;10;0;10;0;10;0;0;0;0;0
java jdk windows 10 64 bit;10;0.0;5;2021-05-15;0;0;0;0;10;0;0;0;10;10;10;10;0
back end developer kurs;10;0.62;4;2021-06-22;20;10;10;20;20;10;30;10;20;10;20;10;1;kurs back end developer
java zainstaluj;10;0.0;2;2021-03-11;10;20;20;10;10;10;10;10;10;20;20;20;1;zainstaluj java
u mnie git;10;0.0;1;2021-03-11;10;10;10;10;10;10;10;10;10;10;10;10;0
środowiska programistyczne przykłady;10;0.0;3;2021-03-11;10;10;10;10;20;10;10;20;30;10;20;0
java tablica string;10;0.0;3;2021-03-11;10;10;10;10;20;10;10;10;10;20;10;10;0
aplikacje na androida język programowania;10;0.0;4;2021-06-22;0;10;10;10;0;0;10;10;0;0;0;10;2;aplikacje android język programowania
język programowania aplikacji android
java development kit linux;10;0.0;4;2021-03-11;10;10;10;10;10;10;10;10;10;0
oracle java kurs;10;0.0;3;2021-03-11;10;0;20;10;10;10;0;10;10;10;10;10;0
java beans ide;10;0.0;3;2021-03-11;0;0;0;10;0;0;10;0;0;0;0;10;0
nauka języków programowania;10;5.74;3;2021-06-22;30;30;30;10;10;10;10;10;10;10;10;10;1;nauka języka programowania
javastart pl darmowy kurs;10;0.0;3;2021-03-11;0;0;0;0;0;0;0;0;10;10;0;0;0
javascript with java backend;10;0.0;4;2021-04-15;10;10;10;0;0;0;0;0;0;0;0;0;0
lotus notes vs sharepoint;10;0.0;4;2021-03-11;0;0;0;0;0;0;0;0;0;0;10;0;0
webcon workflow;10;9.51;2;2021-03-11;10;10;20;10;10;10;10;10;10;10;20;10;0
java windows 10 jdk;10;0.0;4;2021-03-11;10;0;0;0;0;0;0;0;0;10;0;10;1;java jdk windows 10
reactjs android;10;0.0;2;2021-03-11;10;10;10;10;10;10;10;10;10;10;0;10;0
java switch long;10;0.0;3;2021-03-11;10;10;10;10;10;10;10;10;10;10;10;0
perl kurs online;10;0.0;3;2021-03-11;10;0;10;10;0;0;10;10;0;10;0;0;0
środowisko java dla windows 7;10;0.0;3;2021-03-11;0;0;10;10;10;10;10;10;10;10;10;10;0
backend development with java;10;0.0;4;2021-03-11;0;0;0;0;10;0;0;0;0;0;0;0;0
od jakiego języka zacząć naukę programowania;10;5.12;6;2021-03-11;10;20;20;10;10;10;10;10;10;10;10;10;0
pytania rekrutacyjne java junior;10;0.0;4;2021-06-22;10;30;20;20;20;10;20;10;10;10;10;10;1;java junior pytania rekrutacyjne
metody testowania aplikacji;10;0.0;3;2021-03-11;0;10;10;10;10;10;10;10;10;10;10;10;0
programista czy warto;10;2.56;3;2021-03-10;10;10;10;10;20;10;20;10;10;10;10;10;0
programowanie front end back end;10;0.0;5;2021-03-18;10;10;10;10;0;0;10;10;10;0;0;0;0
platforma rovese;10;0.0;2;2021-03-10;0;10;10;10;10;10;0;10;0;0;0;10;0
mnożenie java;10;0.0;2;2021-03-10;10;10;10;10;10;10;10;10;10;10;10;0;0
java kurs online darmowy;10;0.0;4;2021-06-22;10;0;10;10;10;0;0;0;0;0;10;10;2;darmowy kurs java online
kurs java online darmowy
webcon business process suite;10;6.51;4;2021-03-11;10;10;10;10;10;10;10;10;10;10;10;10;0
dodawanie java;10;0.0;2;2021-03-11;10;10;10;10;10;10;10;0;10;10;10;10;0
jak zrobić program w notatniku;10;0.0;5;2021-03-10;10;10;10;20;10;10;10;10;10;10;10;10;0
ktorego jezyka programowania sie uczyc;10;0.0;5;2021-03-10;10;10;10;10;0;0;0;0;10;0;10;10;0
java co oznacza;10;0.0;3;2021-03-10;30;20;10;10;10;10;10;10;10;10;10;10;0
jak sprawdzic java;10;0.0;3;2021-03-10;10;10;10;10;10;10;10;10;10;10;10;10;0
jak nauczyć się języka programowania;10;1.86;5;2021-03-10;10;10;10;10;10;10;10;10;10;10;10;10;0
jak zostać programistą gier;10;0.0;4;2021-03-10;10;10;0;10;10;10;10;10;10;10;10;10;0
programista sql co robi;10;0.0;4;2021-03-25;10;10;0;10;10;10;10;10;10;10;10;0;0
jak napisać program w javie;10;0.0;5;2021-03-10;0;10;10;0;10;0;0;10;0;10;10;10;0
4 godziny pracy w tygodniu;10;0.0;5;2021-03-10;10;10;10;10;10;10;10;10;10;0;0;10;0
java junior pytania;10;0.0;3;2021-04-06;10;10;10;0;10;0;10;0;0;10;10;10;0
programista po godzinach;10;0.0;3;2021-06-22;20;10;10;20;20;20;10;10;10;10;10;10;1;programista na godziny
instrukcja warunkowa switch;10;0.0;3;2021-03-10;10;10;10;10;10;10;10;10;10;10;10;10;0
tablica stringów java;10;0.0;3;2021-06-22;10;10;10;10;10;10;10;10;10;10;10;10;1;java tablica stringów
json tutorial pl;10;0.0;3;2021-03-11;10;0;10;0;0;0;0;0;0;0;0;0;0
java stałe;10;0.0;2;2021-03-11;10;10;10;10;10;10;10;10;10;10;10;10;2;stała java
stałe java
kurs java czy warto;10;0.0;4;2021-04-25;10;0;0;10;10;10;0;10;10;0;0;0;0
zadania junior java developer;10;0.0;4;2021-03-18;10;10;10;10;10;10;0;10;10;10;10;10;0
java pętle zadania;10;0.0;3;2021-03-11;10;10;10;10;10;0;0;10;0;10;10;10;0
szyfrowanie kodem cezara;10;0.0;3;2025-02-21;10;10;10;10;10;10;10;10;10;10;20;10;0
instrukcja switch case;10;0.0;3;2021-03-11;20;10;10;10;10;10;10;0;10;30;10;10;0
nauka programowania po 30;10;0.0;4;2021-03-11;10;10;10;10;10;10;10;10;10;10;10;10;0
nazwy języków programowania;10;0.0;3;2021-03-11;10;10;10;10;10;10;0;10;10;10;10;10;0
javascript rozmowa kwalifikacyjna;10;0.0;3;2021-03-11;10;10;10;10;10;10;10;10;10;0;10;10;1;rozmowa kwalifikacyjna javascript
narzędzia do pracy online;10;0.0;4;2021-03-11;10;10;10;10;10;10;10;10;10;10;10;10;0
informatyka warbud;10;0.0;2;2021-04-27;10;10;10;10;10;10;10;0;10;10;10;10;0
najczęstsze pytania po angielsku;10;0.0;4;2021-03-11;10;10;10;10;10;10;10;10;10;10;10;10;0
przyszłość programowania;10;0.0;2;2021-03-11;10;30;30;20;10;10;10;10;10;10;10;10;0
pytania na logike na rozmowie kwalifikacyjnej;10;0.0;6;2021-03-11;10;10;10;10;10;10;10;10;10;10;10;10;0
zamiana int na string c++;10;0.0;5;2021-03-11;20;20;20;20;10;10;10;0;10;20;20;10;0
java 8 case switch;10;0.0;3;2021-07-24;10;10;0;0;0;0;0;0;0;0;10;0;0
switch java return;10;0.0;3;2022-12-11;0;10;10;10;10;10;10;10;10;10;0;0;0
switch case java return string;10;0.0;5;2022-12-11;0;10;0;0;0;0;0;0;0;0;10;0;0
java switch case or if else;10;0.0;6;2022-12-11;0;0;0;0;10;0;0;0;0;0;0;0;0
switch java break;10;0.0;3;2022-12-11;10;10;10;10;10;10;10;10;10;10;10;0;0
java switch case or operator;10;0.0;5;2022-12-11;0;0;0;0;0;10;0;0;0;0;0;0;0
java switch case and;10;0.0;4;2022-12-11;0;0;0;0;0;10;10;0;0;0;0;0;0
java switch case break;10;0.0;4;2022-12-11;10;10;10;10;10;10;10;10;10;10;10;10;0
java switch case with or;10;0.0;5;2022-12-11;10;10;0;10;0;0;0;0;0;10;10;0;0
case example java;10;0.0;3;2022-09-13;10;10;10;10;10;0;10;10;10;10;10;10;0
switch case or java;10;0.0;4;2022-10-09;10;10;10;10;10;10;10;10;10;10;10;10;0
switch case with default in java;10;0.0;6;2022-10-09;10;0;0;0;0;0;0;0;0;0;0;0;0
switch int java;10;0.0;3;2022-12-11;10;10;10;10;10;10;10;10;10;10;10;10;0
program java switch case;10;0.0;4;2022-12-11;0;10;0;0;0;10;0;0;0;0;0;0;0
switch case condition in java;10;0.0;5;2022-12-11;0;10;10;0;10;10;10;0;0;10;0;0;0
case java example;10;0.0;3;2022-12-11;10;10;10;10;10;0;10;10;10;10;10;10;0
switch java code;10;0.0;3;2022-12-11;10;0;0;10;0;0;0;10;0;0;0;0;0
java switch case program;10;0.0;4;2022-12-11;0;0;10;10;0;10;0;0;0;0;0;10;0
java switch case else;10;0.0;4;2022-12-11;10;10;10;10;10;10;10;10;10;10;10;0;0
java switch case if;10;0.0;4;2022-12-11;0;0;10;0;0;10;10;10;10;10;10;10;0
java switch case expression;10;0.0;4;2022-12-11;10;0;10;10;0;0;0;10;0;10;0;0;0
java switch break;10;0.0;3;2021-03-10;10;10;10;10;10;10;10;10;10;10;10;10;0
java switch without break;10;0.0;4;2021-03-11;10;10;10;10;10;10;10;10;10;10;20;10;0
switch and case java;10;0.0;4;2021-03-11;0;0;0;10;0;0;10;0;10;10;0;10;0
switch case program in java;10;0.0;5;2021-03-11;0;0;10;10;0;10;0;0;0;10;0;10;0
java case default;10;0.0;3;2021-03-11;10;10;10;10;10;10;10;10;10;10;10;10;0
java case example;10;0.0;3;2021-03-11;10;10;10;10;10;0;10;10;10;10;10;10;0
case break java;10;0.0;3;2021-03-11;10;10;10;10;10;10;10;10;10;10;10;10;0
switch case syntax java;10;0.0;4;2021-03-11;0;10;10;10;10;10;10;10;10;10;10;10;0
switch method java;10;0.0;3;2021-03-11;10;10;0;10;10;10;10;10;0;0;10;10;0
switch program in java;10;0.0;4;2021-03-11;10;10;0;0;0;0;10;0;0;10;10;10;0
java switch tutorial;10;0.0;3;2021-03-11;0;0;0;0;10;0;0;10;10;10;10;10;0
java switch default break;10;0.0;4;2021-03-11;10;10;10;0;10;10;10;0;0;0;0;0;0
switch case break java;10;0.0;4;2021-03-11;10;10;10;10;10;10;10;10;10;10;10;10;0
java switch block;10;0.0;3;2021-03-11;0;10;10;10;10;0;0;10;10;10;10;10;0
java switch int;10;0.0;3;2021-03-11;10;10;10;10;10;10;10;10;10;10;10;10;0
java case kullanımı;10;0.0;3;2021-07-22;0;0;0;0;0;0;0;0;0;0;10;0;0
java case break;10;0.0;3;2021-07-24;10;10;10;10;10;10;10;0;10;10;10;10;0
java case with or;10;0.0;4;2021-07-24;0;10;0;0;0;0;0;10;0;0;0;10;0
java case and switch;10;0.0;4;2021-07-24;0;0;0;0;0;0;0;0;0;0;0;10;0
switch break java;10;0.0;3;2022-02-08;10;10;10;10;10;10;10;10;10;10;20;10;0
switch java char;10;0.0;3;2022-12-11;10;10;10;10;10;10;10;10;10;10;10;10;0
case in java 8;10;0.0;3;2022-12-11;0;0;0;10;0;0;0;0;0;0;10;0;0
java switch case char;10;0.0;4;2022-12-11;10;0;10;0;0;0;10;0;0;10;10;0;0
instrukcja switch java;10;0.0;3;2021-03-11;10;20;20;10;10;10;10;10;10;20;20;10;0
minki do kopiowania;10;0.0;2;2021-03-10;10;10;10;10;10;10;10;10;10;10;20;10;0
sztuczna inteligencja rozwiązuje zadania;10;1.26;4;2025-02-12;10;20;10;10;10;10;10;10;10;10;10;10;0
rejestracja do ksef;10;1.64;2;2023-12-04;0;0;0;0;0;0;0;0;50;70;0;0;0
developer jr;10;0.0;2;2022-11-25;0;10;10;10;10;0;0;10;10;10;0;10;0
4 godzinny tydzień pracy recenzja;10;0.0;5;2021-03-11;10;10;10;10;10;10;20;10;10;10;10;10;0
jakie stosowaliśmy środowiska programowania;10;0.0;4;2021-03-11;10;10;30;20;10;10;0;10;0;0;0;0;0
bazy danych pytania rekrutacyjne;10;0.0;4;2021-03-18;10;30;20;20;30;10;10;10;10;10;10;10;0
java programowanie download;10;0.0;3;2021-04-25;10;10;10;10;10;10;10;10;10;10;10;10;0
back end developer wymagania;10;0.0;4;2021-03-11;10;10;0;0;0;0;0;0;0;0;10;0;0
tablica char java;10;0.0;3;2021-03-11;10;10;10;10;10;10;10;10;10;10;10;10;0
pytania rekrutacyjne programista;10;0.0;3;2021-03-11;10;10;10;20;10;20;10;10;10;10;10;10;1;programista pytania rekrutacyjne
metoda equals java;10;0.0;3;2021-03-11;10;10;10;20;10;10;10;10;10;10;10;10;0
jak sprawdzić wersję javy cmd;10;0.0;5;2021-03-11;10;10;20;10;10;10;10;10;10;10;10;10;0
backend developer kurs;10;7.0;3;2021-03-18;10;10;10;10;10;10;10;20;10;10;10;10;0
pytania z sql na rozmowie;10;0.0;5;2021-03-11;10;10;10;10;20;10;10;10;10;10;10;10;0
jak zhakować stronę;10;0.0;3;2021-03-11;10;20;20;10;10;20;20;10;10;10;10;10;0
java tutorial po polsku;10;0.0;4;2021-03-11;0;0;0;0;0;0;0;10;0;0;0;0;0
java aplikacje mobilne;10;2.22;3;2021-03-11;10;10;10;10;10;10;10;10;10;10;10;10;2;aplikacje mobilne java
mobilne aplikacje java
typy java;10;0.0;2;2021-03-11;10;10;10;10;10;10;10;10;10;10;10;10;1;typy w javie
programowanie java online;10;0.0;3;2021-03-11;10;10;10;10;10;10;0;10;10;10;10;10;0
nie mogę znaleźć pracy jako programista;10;0.0;6;2021-03-11;20;10;10;10;20;10;10;10;10;10;10;10;0
programista aplikacji mobilnych kurs;10;0.0;4;2021-03-11;10;10;10;10;0;0;10;0;10;10;10;10;0
rozmowa o prace programista;10;0.0;4;2021-03-11;10;10;10;10;10;0;10;0;10;10;10;10;0
i oop;10;0.0;2;2025-05-25;10;10;10;10;10;10;10;10;10;10;10;0
oop 3 principles;10;0.0;3;2025-05-25;10;10;10;10;10;10;10;10;10;10;0
business process automation platforms;10;0.0;4;2025-07-16;0;0;0;0;0;10;10;0;0;10;10;10;0
switch case android studio java;10;0.0;5;2025-03-07;0;0;10;0;0;10;0;0;0;10;0;0;0
kto będzie musiał wystawiać faktury w ksef;10;0.0;7;2025-04-30;0;0;10;10;10;10;10;0;0;10;10;10;0
business process automation agency;10;0.0;4;2025-07-16;0;0;10;0;0;10;10;0;10;0;0;0;0
adres do e doręczeń co to;10;1.53;6;2025-03-10;50;30;0;0;0;0;0;0;0;0;0;0;0
jakie ai do programowania;10;1.55;4;2025-03-16;50;50;0;0;0;0;0;0;0;20;20;30;0
callstack java;10;0.0;2;2025-07-25;0;0;0;0;10;0;10;0;0;10;0;10;0
1 s java;10;0.0;3;2025-06-11;0;10;0;0;0;10;10;10;10;0;10;0;0
business process management implementation;10;0.0;4;2025-07-16;10;0;0;10;0;10;0;10;0;10;10;0;0
e doręczenia jakie urzędy;10;0.0;4;2025-05-20;50;10;30;10;0;0;0;0;0;0;0;0;0
work process automation;10;0.0;3;2025-07-16;0;0;0;0;0;0;0;0;10;0;0;0;0
webinar 2025;10;5.18;2;2025-04-02;10;10;0;0;0;0;0;0;0;10;10;10;0
encje w bazach danych;10;0.0;4;2025-05-25;10;10;10;10;10;10;10;10;10;20;10;10;0
koniec eldorado dla programistów;10;0.0;4;2025-03-16;10;10;30;30;10;10;10;10;10;0;10;10;0
kto ma obowiązek e doręczenia;10;0.0;5;2025-07-11;40;20;40;10;10;10;0;0;0;0;0;0;0
remote hr solution;10;0.0;3;2025-05-29;0;0;10;0;0;0;0;0;0;10;0;0;0
low code software platforms;10;0.0;4;2025-06-11;0;0;0;0;0;0;0;0;0;0;10;0;0
marketing and sales automation tools;10;0.0;5;2025-07-16;0;0;0;0;0;0;0;0;10;0;0;0;0
kto w 1945 opracował projekt architektury komputerów;10;0.0;7;2025-07-13;0;10;0;0;0;0;0;0;0;0;0;0;0
ssl pl;10;0.0;2;2021-03-11;10;10;10;10;10;10;0;10;10;10;10;10;0
adres do e doręczeń co to jest;10;0.0;3;2025-01-09;20;10;10;10;10;10;10;10;10;30;10;30;0
w jakim programie programować;10;0.0;4;2021-03-11;10;10;10;10;10;10;10;10;10;10;10;10;0
jak wygląda rozmowa kwalifikacyjna po angielsku;10;0.0;6;2021-03-11;10;10;0;0;10;0;10;0;10;0;0;10;0
jaki kurs programowania;10;4.86;3;2021-03-11;10;40;20;10;10;10;10;10;10;10;10;10;0
przykładowa rozmowa o prace po angielsku;10;0.0;6;2021-03-11;10;30;10;30;10;10;10;10;10;20;10;10;0
pytania hr po angielsku;10;0.0;4;2021-03-11;10;10;10;10;10;10;10;10;10;10;10;10;0
back developer;10;0.0;2;2021-03-11;10;10;10;10;10;10;10;10;10;10;10;10;0
system low code;10;5.18;3;2025-05-12;10;10;10;10;10;10;20;20;10;10;20;10;0
business process implementation;10;0.0;3;2025-07-16;10;10;10;10;10;10;10;10;10;10;10;0
narzędzia ai dla programistów;10;1.35;4;2025-06-02;20;0;20;10;30;20;10;20;10;10;20;10;0
znaki specjalne java;10;0.0;3;2021-06-22;10;30;10;10;10;10;10;10;10;20;30;20;1;java znaki specjalne
4 godzinny system pracy;10;0.0;4;2021-03-11;10;10;10;10;10;10;10;10;10;10;10;10;0
full stack developer co to znaczy;10;0.0;6;2021-03-11;20;20;20;10;10;10;10;20;10;20;50;20;0
czym jest encja w bazie danych;10;0.0;6;2025-04-01;20;20;0;0;0;0;0;0;0;30;20;10;0
fifo lifo java;10;0.0;3;2025-03-07;10;10;0;10;0;0;10;10;0;0;10;0;0
jakie są sposoby na naukę;10;0.0;5;2021-03-11;10;10;10;10;10;0;10;10;10;10;10;10;1;jakie sa sposoby na nauke
pętla if java;10;0.0;3;2021-03-11;20;20;10;10;10;10;10;10;10;20;20;30;0
technik programista czy warto;10;2.09;4;2021-03-11;30;50;50;50;90;40;50;30;30;50;40;30;0
business process management it;10;0.0;4;2025-04-05;10;10;10;10;10;10;10;10;10;10;10;10;0
automation for sales;10;0.0;3;2025-07-16;0;10;0;0;0;0;0;0;0;10;0;0;0
program java runtime;10;0.0;3;2025-03-11;0;0;0;0;0;0;0;0;0;0;0;10;0
business process finance;10;0.0;3;2025-07-16;0;0;10;10;0;0;10;10;0;10;0;10;0
hr automation process;10;0.0;3;2025-07-16;10;10;10;0;10;10;10;10;10;10;10;10;0
e doręczenia gdzie sprawdzić;10;0.0;4;2025-03-16;70;40;0;0;0;0;0;0;0;0;0;0;0
web construction;10;0.0;2;2025-07-03;0;0;0;10;10;10;10;0;10;10;0;0;0
checklista co to jest;10;0.0;4;2025-03-02;10;10;10;10;10;10;10;10;10;10;10;10;0
string v2;10;0.0;2;2025-02-27;0;10;0;0;0;0;0;10;0;0;10;0;0
encje co to;10;0.0;3;2025-05-25;30;20;20;20;0;0;0;0;0;30;10;10;0
no code automation platforms;10;0.0;4;2025-07-16;10;0;10;10;0;10;10;10;10;10;10;0;0
process business solutions;10;0.0;3;2025-07-16;0;0;0;0;0;0;0;0;0;0;0;10;0
ideal workflow;10;0.0;2;2025-03-04;0;0;0;0;0;0;0;0;0;0;0;10;0
ocr praca;10;0.0;2;2025-05-12;20;10;20;20;10;10;10;10;10;10;10;10;0
różne znaczki do skopiowania;10;0.0;4;2025-03-07;20;20;0;0;0;0;0;10;20;20;30;20;0
md url;10;0.0;2;2025-03-31;30;10;10;10;20;20;10;10;10;10;10;10;0
web in construction;10;0.0;3;2025-07-03;10;10;10;10;10;10;10;10;10;10;10;10;0
https e doręczenia gov pl;10;1.84;5;2025-03-10;90;90;0;0;0;0;0;0;0;0;0;0;0
e doręczenia zamiast epuap;10;0.0;4;2025-05-20;50;10;10;10;10;10;10;10;10;10;10;20;0
business process tool;10;0.0;3;2025-07-16;10;0;10;10;10;10;10;10;0;10;0;10;0
co to jest adres e doręczeń;10;1.61;6;2025-03-10;0;20;0;0;0;0;0;0;0;0;0;0;0
business process management in it;10;0.0;5;2025-04-05;10;10;10;10;10;10;10;10;10;10;10;10;0
era ai;10;0.0;2;2025-08-08;20;10;10;10;10;20;10;10;10;20;10;10;0
jaki czat ai wybrać;10;0.0;4;2025-07-14;0;0;20;10;10;10;0;0;0;0;0;0;0
business process in it;10;0.0;4;2025-07-16;0;0;0;10;0;0;0;0;10;0;0;0;0
porównywanie stringów java;10;0.0;3;2021-06-22;50;20;50;40;30;10;10;10;10;50;40;40;1;java porównywanie stringów
3 style negocjacji;10;0.0;3;2023-06-01;30;20;70;50;40;30;10;10;40;110;110;50;0
elektroniczny obieg dokumentów co to;10;6.79;5;2023-08-04;20;10;20;10;10;10;10;10;10;10;10;30;0
informatyka od czego zacząć;10;0.0;4;2021-03-11;10;10;10;10;10;10;10;10;10;10;10;10;0
netbeans ide with jdk;10;0.0;4;2021-05-15;20;10;20;10;10;10;20;10;10;10;10;10;0
java algorytmy i struktury danych;10;0.0;5;2021-03-11;10;10;10;10;10;10;10;10;10;10;10;10;0
metodologia testowania oprogramowania;10;0.0;3;2021-03-11;10;10;10;10;10;10;10;10;10;10;10;10;0
document management services;10;0.0;3;2022-02-08;10;10;10;0;0;0;10;10;10;0;0;50;0
directadmin postgresql;10;0.0;2;2021-03-11;10;10;10;10;10;10;10;10;10;10;10;10;0
sharepoint tutorial pl;10;0.0;3;2021-03-11;10;10;0;0;10;10;10;10;10;10;10;0;0
programowanie java od czego zacząć;10;0.0;5;2021-03-11;10;10;10;0;10;0;0;0;0;0;10;0;1;programowanie w java od czego zacząć
instrukcja for;10;0.0;2;2021-03-11;20;20;10;10;10;10;20;30;20;20;10;10;0
bpms microsoft;10;0.0;2;2021-05-09;10;10;10;0;10;10;0;10;10;10;10;10;0
instalacja java jdk;10;0.0;3;2021-03-11;10;10;0;10;0;10;0;10;10;10;10;10;0
przykładowa rozmowa kwalifikacyjna po angielsku;10;1.19;5;2021-06-22;20;10;10;10;10;10;10;10;10;10;10;20;1;przykładowe rozmowy kwalifikacyjne po angielsku
programy programistyczne;10;0.0;2;2021-03-11;20;20;10;10;20;20;10;10;10;10;10;20;0
jak pisać emotki;10;0.0;3;2021-03-11;10;10;10;10;10;10;20;10;10;10;10;10;1;emotki jak pisać
próbny balon negocjacje miękkie;10;0.0;4;2024-03-08;20;20;10;20;10;10;10;0;20;110;40;20;0
style negocjacji rzeczowy;10;0.0;3;2023-07-20;70;20;50;50;30;30;10;10;50;140;110;50;0
junior javascript developer zarobki;10;0.0;4;2021-03-11;90;70;50;40;40;40;30;70;70;90;90;90;0
erp 4.0;10;0.0;2;2021-03-11;30;10;20;20;10;20;20;10;10;20;20;10;0
co robi java developer;10;0.0;4;2021-07-24;30;20;30;10;20;20;20;20;10;20;20;20;0
jdk windows 7 64 bit;10;0.0;5;2021-05-15;10;10;10;10;0;0;0;10;10;10;10;0;0
bpms gartner;10;9.88;2;2021-05-09;10;0;10;10;10;10;10;10;10;10;0;10;0
scratch dla najmłodszych;10;0.0;3;2022-03-21;10;10;0;0;10;10;10;10;10;10;10;0;0
debugowanie aplikacji;10;0.0;2;2021-03-10;10;10;10;10;10;10;10;10;10;10;10;10;0
kurs języka java;10;0.0;3;2021-03-11;10;10;10;10;0;10;0;10;10;0;10;10;2;język java kurs
java język kurs
konwertery jednostek;10;0.0;2;2024-06-05;10;10;10;10;10;10;10;10;10;10;10;10;0
branch it;10;0.0;2;2021-03-10;10;10;10;10;10;10;10;10;10;10;10;10;0
przyszłość it;10;0.0;2;2021-03-10;20;10;10;10;10;20;10;10;10;10;10;10;0
godzinny tydzień pracy;10;0.0;3;2021-03-10;10;10;10;10;10;10;10;10;10;10;10;10;0
debuguj program;10;0.0;2;2021-03-10;10;10;10;10;0;10;10;10;10;10;10;10;0
środowisko programistyczne java;10;0.0;3;2021-06-22;10;10;10;10;10;10;10;10;10;10;10;10;1;java środowisko programistyczne
typ byte;10;0.0;2;2021-03-10;10;10;10;0;10;10;10;10;10;10;10;10;0
git rebase tutorial;10;0.0;3;2021-03-10;20;10;20;10;10;20;10;10;10;10;10;10;0
i ascii;10;0.0;2;2023-12-05;20;10;10;10;10;10;10;10;20;10;10;10;0
najczęściej zadawane pytania na rozmowie kwalifikacyjnej po angielsku;10;0.0;8;2023-08-03;10;10;10;10;10;10;10;10;10;10;10;10;0
emotikony graficzne;10;0.0;2;2021-06-22;20;10;10;20;10;10;20;10;20;10;10;10;1;graficzne emotikony
git push master;10;0.0;3;2021-03-10;10;10;10;10;10;10;10;10;10;10;10;10;0
rozmowa kwalifikacyjna z pracodawcą po angielsku chomikuj;10;0.0;7;2021-03-10;10;10;0;0;0;0;0;0;0;0;0;0;0
grupa topex opinie;10;0.0;3;2021-03-10;10;10;10;10;30;10;10;10;10;10;10;10;0
junit tutorial;10;0.0;2;2021-03-10;10;10;10;10;10;10;10;10;10;10;20;10;0
jdk windows;10;0.0;2;2021-03-11;10;10;20;10;10;10;10;10;20;10;20;10;0
zamiana int na string;10;0.0;4;2021-03-11;10;10;10;10;10;10;10;10;10;10;10;10;0
google books wyszukiwanie zaawansowane;10;0.0;4;2021-03-11;0;10;0;0;0;10;10;0;10;10;0;10;0
git push master origin;10;0.0;4;2022-09-06;10;10;10;10;10;10;10;10;10;20;10;10;0
java rozmowa rekrutacyjna;10;0.0;3;2023-07-24;10;10;10;10;10;10;0;10;20;10;30;40;0
json kurs;10;1.85;2;2021-06-22;10;10;10;10;10;10;10;10;10;10;20;10;1;kurs json
programowanie obiektowe pytania rekrutacyjne;10;0.0;4;2022-02-08;10;10;10;10;0;10;0;10;10;0;30;40;0
java pytania rekrutacyjne mid;10;0.0;4;2021-03-11;10;10;10;10;10;10;10;10;10;10;40;30;0
klasa string java;10;0.0;3;2021-03-11;10;10;0;10;10;10;10;10;0;10;0;0;0
programowanie mobilne;10;11.14;2;2021-03-11;10;10;10;10;10;10;10;10;10;10;10;10;0
roedl outsourcing sp z oo kraków;10;0.0;6;2021-03-11;0;0;0;0;0;0;0;0;0;10;0;0;0
junior java developer pytania rekrutacyjne;10;0.0;5;2021-03-18;20;10;10;10;10;10;10;10;10;10;40;30;0
bpms methodology;10;0.0;2;2021-05-09;0;10;10;0;10;0;0;0;10;10;10;0;0
java kurs podstawowy;10;0.0;3;2021-03-11;10;20;10;10;10;10;10;10;10;10;0;10;0
java jdk runtime;10;0.0;3;2021-05-15;10;10;10;10;10;0;0;10;10;10;10;0;0
konfiguracja java;10;0.0;2;2021-03-11;10;10;10;10;10;10;10;10;10;10;10;10;0
stringbuilder append;10;0.0;2;2021-03-11;20;20;10;10;20;10;10;10;10;10;10;10;0
java pytania rekrutacyjne junior;10;0.0;4;2023-06-27;20;10;10;10;10;10;10;10;10;10;40;50;0
junior java developer zadania rekrutacyjne;10;0.0;5;2021-03-18;10;10;10;10;10;10;10;10;10;10;40;50;0
java pytania rekrutacyjne senior;10;0.0;4;2021-03-18;10;10;10;10;10;10;10;10;10;10;40;50;0
intersport it online;10;0.0;3;2021-03-11;0;10;0;0;0;0;0;10;0;0;0;0;0
jdk e jre;0;0.0;3;2022-02-08;0;0;0;0;0;0;0;0;0;0;0;0;0
ibm bpm sharepoint integration;0;0.0;4;2022-02-08;0;0;0;0;0;0;0;0;0;0;0;0;0
business process management and automation;0;0.0;5;2022-02-08;0;0;0;0;0;0;0;0;0;0;0;0;0
it and bpm;0;0.0;3;2022-02-08;0;0;0;0;0;0;0;0;0;0;0;0;0
purchase request workflow;0;0.0;3;2022-02-08;0;0;0;0;0;0;0;0;0;0;0;0;0
sharepoint project summary;0;0.0;3;2022-02-08;0;0;0;0;0;0;0;0;0;0;0;0;0
bpm tools market;0;0.0;3;2022-02-08;0;0;0;0;0;0;0;0;0;0;0;0;0
java se development 7;0;0.0;3;2022-02-08;0;0;0;0;0;0;0;0;0;0;0;0;0
sql server 2010 r2;0;0.0;4;2022-02-08;0;0;0;0;0;0;0;0;0;0;0;0;0
best bpm books;0;0.0;3;2022-02-08;0;0;0;0;0;0;0;0;0;0;0;0;0
microsoft office workflow software;0;0.0;4;2022-02-08;0;0;0;0;0;0;0;0;0;0;0;0;0
rapid application development company;0;0.0;4;2022-02-08;0;0;0;0;0;0;0;0;0;0;0;0;0
backend development in java;0;0.0;4;2022-02-08;0;0;0;0;0;0;0;0;0;0;0;0;0
complaint management system wordpress;0;0.0;4;2022-02-08;0;0;0;0;0;0;0;0;0;0;0;0;0
what is a low code solution;0;0.0;5;2022-02-08;0;0;0;0;0;0;0;0;0;0;0;0;0
top business process management software;0;0.0;5;2022-02-08;0;0;0;0;0;0;0;0;0;0;0;0;0
document process automation software;0;0.0;4;2022-02-08;0;0;0;0;0;0;0;0;0;0;0;0;0
online document control system;0;0.0;4;2022-02-08;0;0;0;0;0;0;0;0;0;0;0;0;0
jre 12 java;0;0.0;3;2022-02-08;0;0;0;0;0;0;0;0;0;0;0;0;0
java development kit 5.0;0;0.0;3;2022-02-08;0;0;0;0;0;0;0;0;0;0;0;0;0
leave management system workflow;0;0.0;4;2022-02-08;0;0;0;0;0;0;0;0;0;0;0;0;0
workflow management system gartner;0;0.0;4;2022-02-08;0;0;0;0;0;0;0;0;0;0;0;0;0
office 365 conference 2020;0;0.0;4;2022-02-08;0;0;0;0;0;0;0;0;0;0;0;0;0
sun java ide;0;0.0;3;2022-02-08;0;0;0;0;0;0;0;0;0;0;0;0;0
simple document management;0;0.0;3;2022-02-08;0;0;0;0;0;0;0;0;0;0;0;0;0
backend developer 2019;0;0.0;3;2022-02-08;0;0;0;0;0;0;0;0;0;0;0;0;0
java se windows 32;0;0.0;4;2022-02-08;0;0;0;0;0;0;0;0;0;0;0;0;0
java se 6 javadoc;0;0.0;3;2022-02-08;0;0;0;0;0;0;0;0;0;0;0;0;0
business process management software solutions;0;0.0;5;2022-02-08;0;0;0;0;0;0;0;0;0;0;0;0;0
model making desk;0;0.0;3;2022-02-08;0;0;0;0;0;0;0;0;0;0;0;0;0
java 7 case;0;0.0;2;2022-02-08;0;0;0;0;0;0;0;0;0;0;0;0;0
singleton opis;0;0.0;2;2022-03-21;-1;-1;-1;-1;-1;-1;-1;-1;-1;-1;-1;-1;0
singleton baza danych;0;0.0;3;2022-03-21;-1;-1;-1;-1;-1;-1;-1;-1;-1;-1;-1;-1;0
singleton znaczenie;0;0.0;2;2022-03-21;-1;-1;-1;-1;-1;-1;-1;-1;-1;-1;-1;-1;0
singleton antywzorzec;0;0.0;2;2022-03-21;-1;-1;-1;-1;-1;-1;-1;-1;-1;-1;-1;-1;0
mddp yt;0;0.0;2;2022-03-21;-1;-1;-1;-1;-1;-1;-1;-1;-1;-1;-1;-1;0
mddp praca zdalna;0;0.0;3;2022-03-21;-1;-1;-1;-1;-1;-1;-1;-1;-1;-1;-1;-1;0
mddp praktyki;0;0.0;2;2022-03-21;-1;-1;-1;-1;-1;-1;-1;-1;-1;-1;-1;-1;0
mddp youtube;0;0.0;2;2022-03-21;-1;-1;-1;-1;-1;-1;-1;-1;-1;-1;-1;-1;0
mddp zarządzanie czasem;0;0.0;3;2022-03-21;-1;-1;-1;-1;-1;-1;-1;-1;-1;-1;-1;-1;0
mddp katowice opinie;0;0.0;3;2022-03-21;0;0;0;0;0;0;0;0;0;0;0;0;0
mddp czym sie zajmuje;0;0.0;4;2022-03-21;0;0;0;0;0;0;0;0;0;0;0;0;0
mddp hr business partner;0;0.0;4;2022-03-21;0;0;0;0;0;0;0;0;0;0;0;0;0
mddp workflow;0;0.0;2;2022-03-21;0;0;0;0;0;0;0;0;0;0;0;0;0
mddp accounting manager;0;0.0;3;2022-03-21;0;0;0;0;0;0;0;0;0;0;0;0;0
singleton as enum;0;0.0;3;2022-03-21;0;0;0;0;0;0;0;0;0;0;0;0;0
java lekcja 1;0;0.0;2;2022-03-21;-1;-1;-1;-1;-1;-1;-1;-1;-1;-1;-1;-1;0
programista it jak zostac;0;0.0;3;2022-03-21;-1;-1;-1;-1;-1;-1;-1;-1;-1;-1;-1;-1;0
programowanie kursy za darmo;0;0.0;3;2022-03-21;-1;-1;-1;-1;-1;-1;-1;-1;-1;-1;-1;-1;0
charat in oracle;0;0.0;3;2022-03-23;-1;-1;-1;-1;-1;-1;-1;-1;-1;-1;-1;-1;0
pl request mail;0;0.0;2;2022-08-01;0;0;0;0;0;0;0;0;0;0;0;0;0
praca photoshop zdalna;0;0.0;3;2022-08-01;-1;-1;-1;-1;-1;-1;-1;-1;-1;-1;-1;-1;0
test rekrutacyjny java;0;0.0;3;2022-08-01;-1;-1;-1;-1;-1;-1;-1;-1;-1;-1;-1;-1;0
mddp usługi;0;0.0;2;2022-03-21;-1;-1;-1;-1;-1;-1;-1;-1;-1;-1;-1;-1;0
java projekt kompilieren;0;0.0;3;2022-03-21;0;0;0;0;0;0;0;0;0;0;0;0;0
digital process automation platform;0;0.0;4;2022-02-08;0;0;0;0;0;0;0;0;0;0;0;0;0
git push branch pull request;0;0.0;5;2022-02-08;0;0;0;0;0;0;0;0;0;0;0;0;0
revert a git merge;0;0.0;3;2022-02-08;0;0;0;0;0;0;0;0;0;0;0;0;0
pull on push off 250v20a;0;0.0;4;2022-02-08;0;0;0;0;0;0;0;0;0;0;0;0;0
git a branch;0;0.0;2;2022-02-08;0;0;0;0;0;0;0;0;0;0;0;0;0
it and business process;0;0.0;4;2022-04-07;0;0;0;0;0;0;0;0;0;0;0;0;0
co to jest string;0;0.0;1;2022-03-28;-1;-1;-1;-1;-1;-1;-1;-1;-1;-1;-1;-1;0
automatyzacja dla firm;0;0.0;2;2022-04-22;-1;-1;-1;-1;-1;-1;-1;-1;-1;-1;-1;-1;0
examples of process automation;0;0.0;4;2022-03-25;0;0;0;0;0;0;0;0;0;0;0;0;0
process automation in project management;0;0.0;5;2022-03-25;0;0;0;0;0;0;0;0;0;0;0;0;0
process automation inc;0;0.0;3;2022-03-25;0;0;0;0;0;0;0;0;0;0;0;0;0
retail business applications;0;0.0;3;2022-03-25;0;0;0;0;0;0;0;0;0;0;0;0;0
rpa vs business process automation;0;0.0;5;2023-05-14;0;0;0;0;0;0;0;0;0;0;0;0;0
business process automation in banking industry;0;0.0;6;2023-05-14;0;0;0;0;0;0;0;0;0;0;0;0;0
business automation meaning;0;0.0;3;2023-05-14;0;0;0;0;0;0;0;0;0;0;0;0;0
business process integration software;0;0.0;4;2023-05-14;0;0;0;0;0;0;0;0;0;0;0;0;0
business process tracking software;0;0.0;4;2023-05-14;0;0;0;0;0;0;0;0;0;0;0;0;0
automation in your business;0;0.0;4;2023-05-08;0;0;0;0;0;0;0;0;0;0;0;0;0
automated business resources;0;0.0;3;2023-05-08;0;0;0;0;0;0;0;0;0;0;0;0;0
the process automation;0;0.0;3;2023-05-08;0;0;0;0;0;0;0;0;0;0;0;0;0
git checkout github branch;0;0.0;4;2023-03-21;0;0;0;0;0;0;0;0;0;0;0;0;0
firma con logo;0;0.0;3;2023-04-03;0;0;0;0;0;0;0;0;0;0;0;0;0
business process consulting zrt;0;0.0;4;2023-04-06;0;0;0;0;0;0;0;0;0;0;0;0;0
business process improvement and automation;0;0.0;5;2023-04-06;0;0;0;0;0;0;0;0;0;0;0;0;0
git fetch vs pull vs checkout;0;0.0;6;2022-02-08;0;0;0;0;0;0;0;0;0;0;0;0;0
what is git tutorial;0;0.0;4;2022-02-08;0;0;0;0;0;0;0;0;0;0;0;0;0
java se development kit 5.0 u22;0;0.0;5;2022-02-08;0;0;0;0;0;0;0;0;0;0;0;0;0
java se tutorial oracle;0;0.0;4;2022-02-08;0;0;0;0;0;0;0;0;0;0;0;0;0
jdk o jre;0;0.0;2;2022-02-08;0;0;0;0;0;0;0;0;0;0;0;0;0
junior front end developer zarobki 2018;0;0.0;6;2022-02-08;0;0;0;0;0;0;0;0;0;0;0;0;0
ide en java;0;0.0;3;2022-02-08;0;0;0;0;0;0;0;0;0;0;0;0;0
easy to use document management software;0;0.0;5;2022-02-08;0;0;0;0;0;0;0;0;0;0;0;0;0
what is git pull and push;0;0.0;6;2022-02-08;0;0;0;0;0;0;0;0;0;0;0;0;0
revert a git push;0;0.0;3;2022-02-08;0;0;0;0;0;0;0;0;0;0;0;0;0
contract management workflow process;0;0.0;4;2022-02-08;0;0;0;0;0;0;0;0;0;0;0;0;0
dms mit ocr erkennung;0;0.0;4;2023-05-20;0;0;0;0;0;0;0;0;0;0;0;0;0
top business process automation companies;0;0.0;5;2023-05-08;0;0;0;0;0;0;0;0;0;0;0;0;0
process management automation;0;0.0;3;2023-05-08;0;0;0;0;0;0;0;0;0;0;0;0;0
business process automation rpa;0;0.0;4;2023-04-17;0;0;0;0;0;0;0;0;0;0;0;0;0
business process automation projects;0;0.0;4;2023-04-17;0;0;0;0;0;0;0;0;0;0;0;0;0
business process automation methodology;0;0.0;4;2023-04-17;0;0;0;0;0;0;0;0;0;0;0;0;0
git pull from git bash;0;0.0;5;2022-09-06;0;0;0;0;0;0;0;0;0;0;0;0;0
git fetch upstream pull request;0;0.0;5;2022-09-06;0;0;0;0;0;0;0;0;0;0;0;0;0
git pull push tutorial;0;0.0;4;2022-09-06;0;0;0;0;0;0;0;0;0;0;0;0;0
git push with https url;0;0.0;5;2022-09-06;0;0;0;0;0;0;0;0;0;0;0;0;0
git push and pull from different remotes;0;0.0;7;2022-09-06;0;0;0;0;0;0;0;0;0;0;0;0;0
git pull master and merge to branch;0;0.0;6;2022-09-06;0;0;0;0;0;0;0;0;0;0;0;0;0
java benchmark test framework;0;0.0;4;2022-07-28;-1;-1;-1;-1;-1;-1;-1;-1;-1;-1;-1;-1;0
mddp corporate finance;0;0.0;3;2022-03-21;-1;-1;-1;-1;-1;-1;-1;-1;-1;-1;-1;-1;0
mddp dyrektor finansowy;0;0.0;3;2022-03-21;-1;-1;-1;-1;-1;-1;-1;-1;-1;-1;-1;-1;0
faktury 5 bpm;0;0.0;2;2022-08-01;-1;-1;-1;-1;-1;-1;-1;-1;-1;-1;-1;-1;0
low code no code forrester;0;0.0;4;2022-09-15;0;0;0;0;0;0;0;0;0;0;0;0;0
low code public companies;0;0.0;4;2022-09-15;0;0;0;0;0;0;0;0;0;0;0;0;0
business process management software development;0;0.0;5;2022-11-09;0;0;0;0;0;0;0;0;0;0;0;0;0
automation implementation in business;0;0.0;4;2022-10-06;0;0;0;0;0;0;0;0;0;0;0;0;0
artificial intelligence and java;0;0.0;4;2022-10-29;0;0;0;0;0;0;0;0;0;0;0;0;0
no code bpm;0;0.0;2;2022-11-04;0;0;0;0;0;0;0;0;0;0;0;0;0
k2 helena 90 test;0;0.0;4;2022-09-23;0;0;0;0;0;0;0;0;0;0;0;0;0
artificial intelligence in java example;0;0.0;5;2022-12-13;0;0;0;0;0;0;0;0;0;0;0;0;0
java 6 string split;0;0.0;3;2022-12-11;0;0;0;0;0;0;0;0;0;0;0;0;0
string java 5;0;0.0;2;2022-12-11;0;0;0;0;0;0;0;0;0;0;0;0;0
program java for;0;0.0;3;2022-12-11;0;0;0;0;0;0;0;0;0;0;0;0;0
program do while java;0;0.0;3;2022-12-11;0;0;0;0;0;0;0;0;0;0;0;0;0
switch case in java for string example;0;0.0;7;2022-12-11;0;0;0;0;0;0;0;0;0;0;0;0;0
java switch case kullanımı;0;0.0;4;2022-12-11;0;0;0;0;0;0;0;0;0;0;0;0;0
java 6 stringbuilder;0;0.0;2;2022-12-11;0;0;0;0;0;0;0;0;0;0;0;0;0
pratt & whitney canada login;0;0.0;5;2023-05-20;0;0;0;0;0;0;0;0;0;0;0;0;0
freemium teams;0;0.0;2;2023-05-21;0;0;0;0;0;0;0;0;0;0;0;0;0
pratt and whitney canada login;0;0.0;5;2023-05-21;0;0;0;0;0;0;0;0;0;0;0;0;0
südzucker login;0;0.0;2;2023-05-21;0;0;0;0;0;0;0;0;0;0;0;0;0
intrum justitia erfahrungen;0;0.0;3;2023-02-22;0;0;0;0;0;0;0;0;0;0;0;0;0
is lotus notes still used;0;0.0;5;2023-03-16;0;0;0;0;0;0;0;0;0;0;0;0;0
business flow management;0;0.0;3;2023-04-06;0;0;0;0;0;0;0;0;0;0;0;0;0
consulting services cgi;0;0.0;3;2023-04-06;0;0;0;0;0;0;0;0;0;0;0;0;0
process automation in financial services;0;0.0;5;2023-04-06;0;0;0;0;0;0;0;0;0;0;0;0;0
lotus notes co to je;0;0.0;2;2023-03-16;0;0;0;0;0;0;0;0;0;0;0;0;0
co je lotus notes;0;0.0;2;2023-03-16;0;0;0;0;0;0;0;0;0;0;0;0;0
document management system process flow;0;0.0;5;2023-06-01;0;0;0;0;0;0;0;0;0;0;0;0;0
webcon it solutions;0;0.0;3;2023-10-25;0;0;0;0;0;0;0;0;0;0;0;0;0
webcon panama;0;0.0;2;2023-10-25;0;0;0;0;0;0;0;0;0;0;0;0;0
automation in the retail sector;0;0.0;5;2023-12-03;0;0;0;0;0;0;0;0;0;0;0;0;0
webcon pharma;0;0.0;2;2023-10-25;0;0;0;0;0;0;0;0;0;0;0;0;0
webcon roofing;0;0.0;2;2023-07-31;0;0;0;0;0;0;0;0;0;0;0;0;0
unified business process management suite;0;0.0;5;2023-07-13;0;0;0;0;0;0;0;0;0;0;0;0;0
youtube nintex workflow;0;0.0;3;2023-07-05;0;0;0;0;0;0;0;0;0;0;0;0;0
nintex interview questions;0;0.0;3;2023-07-05;0;0;0;0;0;0;0;0;0;0;0;0;0
nintex group;0;0.0;2;2023-07-05;0;0;0;0;0;0;0;0;0;0;0;0;0
rad app development;0;0.0;3;2023-08-04;0;0;0;0;0;0;0;0;0;0;0;0;0
forms software with workflow;0;0.0;4;2023-08-02;0;0;0;0;0;0;0;0;0;0;0;0;0
document and workflow management software;0;0.0;5;2023-08-02;0;0;0;0;0;0;0;0;0;0;0;0;0
automation software workflow;0;0.0;3;2023-08-02;0;0;0;0;0;0;0;0;0;0;0;0;0
automated workflow management;0;0.0;3;2023-08-02;0;0;0;0;0;0;0;0;0;0;0;0;0
enterprise workflow management system;0;0.0;4;2023-08-02;0;0;0;0;0;0;0;0;0;0;0;0;0
workflow automation companies;0;0.0;3;2023-08-02;0;0;0;0;0;0;0;0;0;0;0;0;0
sales process automation software;0;0.0;4;2023-08-02;0;0;0;0;0;0;0;0;0;0;0;0;0
workflow automation and management tools;0;0.0;5;2023-08-02;0;0;0;0;0;0;0;0;0;0;0;0;0
business process management software companies;0;0.0;5;2023-08-02;0;0;0;0;0;0;0;0;0;0;0;0;0
work process management system;0;0.0;4;2023-08-02;0;0;0;0;0;0;0;0;0;0;0;0;0
document management and workflow automation;0;0.0;5;2023-08-02;0;0;0;0;0;0;0;0;0;0;0;0;0
workflow enterprise software;0;0.0;3;2023-08-02;0;0;0;0;0;0;0;0;0;0;0;0;0
enterprise workflow automation;0;0.0;3;2023-08-02;0;0;0;0;0;0;0;0;0;0;0;0;0
workflow automation application;0;0.0;3;2023-08-02;0;0;0;0;0;0;0;0;0;0;0;0;0
nintex company;0;0.0;2;2023-07-05;0;0;0;0;0;0;0;0;0;0;0;0;0
web faktur;0;0.0;2;2023-09-28;0;0;0;0;0;0;0;0;0;0;0;0;0
software in finance;0;0.0;3;2023-09-14;0;0;0;0;0;0;0;0;0;0;0;0;0
it in business process;0;0.0;4;2023-10-25;0;0;0;0;0;0;0;0;0;0;0;0;0
technology automation and management inc;0;0.0;5;2023-09-25;0;0;0;0;0;0;0;0;0;0;0;0;0
technology automation & management inc;0;0.0;5;2023-09-25;0;0;0;0;0;0;0;0;0;0;0;0;0
web e faktur;0;0.0;3;2023-09-28;0;0;0;0;0;0;0;0;0;0;0;0;0
enterprise process web;0;0.0;3;2023-09-11;0;0;0;0;0;0;0;0;0;0;0;0;0
git github pull;0;0.0;3;2023-11-07;0;0;0;0;0;0;0;0;0;0;0;0;0
the tech forum;0;0.0;3;2023-11-08;0;0;0;0;0;0;0;0;0;0;0;0;0
about business process management;0;0.0;4;2023-11-08;0;0;0;0;0;0;0;0;0;0;0;0;0
business process management system tools;0;0.0;5;2023-12-12;0;0;0;0;0;0;0;0;0;0;0;0;0
digital automation services;0;0.0;3;2024-05-14;0;0;0;0;0;0;0;0;0;0;0;0;0
business process of food industry;0;0.0;5;2024-05-14;0;0;0;0;0;0;0;0;0;0;0;0;0
digital automation company;0;0.0;3;2024-05-14;0;0;0;0;0;0;0;0;0;0;0;0;0
business automation web solutions;0;0.0;4;2024-04-15;0;0;0;0;0;0;0;0;0;0;0;0;0
digital automation software;0;0.0;3;2024-05-14;0;0;0;0;0;0;0;0;0;0;0;0;0
digital business process management;0;0.0;4;2024-01-07;0;0;0;0;0;0;0;0;0;0;0;0;0
how to use if else java;0;0.0;5;2024-01-15;0;0;0;0;0;0;0;0;0;0;0;0;0
companies that use rapid application development;0;0.0;6;2024-08-22;0;0;0;0;0;0;0;0;0;0;0;0;0
rapid application development system;0;0.0;4;2024-08-22;0;0;0;0;0;0;0;0;0;0;0;0;0
automation in retail stores;0;0.0;4;2024-09-08;0;0;0;0;0;0;0;0;0;0;0;0;0
software de workflow;0;0.0;3;2024-10-04;0;0;0;0;0;0;0;0;0;0;0;0;0
stack trace to string java 8;0;0.0;4;2024-09-12;0;0;0;0;0;0;0;0;0;0;0;0;0
low code bpm gartner;0;0.0;4;2024-11-12;0;0;0;0;0;0;0;0;0;0;0;0;0
let's workflow it;0;0.0;3;2024-11-11;0;0;0;0;0;0;0;0;0;0;0;0;0
managing business process flows solutions;0;0.0;5;2021-03-10;0;0;0;0;0;0;0;0;0;0;0;0;0
zmienna obiektowa;0;0.0;2;2021-03-10;-1;-1;-1;-1;-1;-1;-1;-1;-1;-1;-1;-1;0
process automation management;0;0.0;3;2021-03-10;0;0;0;0;0;0;0;0;0;0;0;0;0
myśl samodzielnie po angielsku;0;0.0;4;2021-03-10;0;0;0;0;0;0;0;0;0;0;0;0;0
workflow employer services;0;0.0;3;2024-11-13;0;0;0;0;0;0;0;0;0;0;0;0;0
support central workflow;0;0.0;3;2024-11-13;0;0;0;0;0;0;0;0;0;0;0;0;0
data workflow software;0;0.0;3;2024-11-13;0;0;0;0;0;0;0;0;0;0;0;0;0
program w języku java na stronie www;0;0.0;4;2021-03-10;0;0;0;0;0;0;0;0;0;0;0;0;0
what does a backend developer do;0;0.0;6;2021-04-21;0;0;0;0;0;0;0;0;0;0;0;0;0
future of lotus notes;0;0.0;4;2021-03-10;0;0;0;0;0;0;0;0;0;0;0;0;0
ns java;0;0.0;2;2021-03-10;0;0;0;0;0;0;0;0;0;0;0;0;0
zmienna float java;0;0.0;3;2021-04-21;-1;-1;-1;-1;-1;-1;-1;-1;-1;-1;-1;-1;0
one workflow śledzenie;0;0.0;3;2021-04-21;0;0;0;0;0;0;0;0;0;0;0;0;0
serwer active cloud mini;0;0.0;4;2021-03-10;0;0;0;0;0;0;0;0;0;0;0;0;0
rohlig paraguay;0;0.0;2;2021-03-10;0;0;0;0;0;0;0;0;0;0;0;0;0
lotus i notes;0;0.0;2;2021-03-10;0;0;0;0;0;0;0;0;0;0;0;0;1;i notes lotus
benefits of low code platform;0;0.0;5;2021-03-11;0;0;0;0;0;0;0;0;0;0;0;0;0
zmienna java_home;0;0.0;2;2021-03-10;0;0;0;0;0;0;0;0;0;0;0;0;0
skąd ściągnąć jave;0;0.0;3;2021-03-10;0;0;0;0;0;0;0;0;0;0;0;0;0
lotus notes online zugang;0;0.0;4;2021-03-10;0;0;0;0;0;0;0;0;0;0;0;0;0
low code bpm software;0;0.0;4;2021-03-10;0;0;0;0;0;0;0;0;0;0;0;0;0
testy rekrutacyjne w comarch praca;0;0.0;4;2021-03-10;0;0;0;0;0;0;0;0;0;0;0;0;0
modern workplace conference paris 2019;0;0.0;5;2021-03-10;0;0;0;0;0;0;0;0;0;0;0;0;0
co to znaczy byc if;0;0.0;5;2021-03-10;0;0;0;0;0;0;0;0;0;0;0;0;0
marketing management system software;0;0.0;4;2021-03-10;0;0;0;0;0;0;0;0;0;0;0;0;0
dotykowe aplikacje java;0;0.0;3;2021-06-22;0;0;0;0;0;0;0;0;0;0;0;0;1;aplikacje java dotykowe
workflow process program;0;0.0;3;2021-03-11;0;0;0;0;0;0;0;0;0;0;0;0;0
workflow automation solutions;0;0.0;3;2021-03-11;0;0;0;0;0;0;0;0;0;0;0;0;0
java najnowsza wersja 2016;0;0.0;4;2021-03-11;-1;-1;-1;-1;-1;-1;-1;-1;-1;-1;-1;-1;0
zmienna tablicowa;0;0.0;2;2021-03-11;-1;-1;-1;-1;-1;-1;-1;-1;-1;-1;-1;-1;0
kontekst javascript;0;0.0;2;2021-03-11;-1;-1;-1;-1;-1;-1;-1;-1;-1;-1;-1;-1;0
skąd pobrać jave 7;0;0.0;3;2021-03-11;0;0;0;0;0;0;0;0;0;0;0;0;0
jakich języków programowania warto się uczyć 2018;0;0.0;7;2021-03-11;0;0;0;0;0;0;0;0;0;0;0;0;0
jak zrobić wyzwania storm;0;0.0;3;2021-03-11;0;0;0;0;0;0;0;0;0;0;0;0;0
netbeans tutorial pl;0;0.0;2;2021-03-11;0;0;0;0;0;0;0;0;0;0;0;0;0
migrate lotus notes database to sql server;0;0.0;7;2021-03-11;0;0;0;0;0;0;0;0;0;0;0;0;0
slow carb timothy ferriss 4 godzinne;0;0.0;5;2021-03-11;0;0;0;0;0;0;0;0;0;0;0;0;0
co to znaczy else if;0;0.0;5;2021-03-11;0;0;0;0;0;0;0;0;0;0;0;0;0
jakiego języka programowania się uczyć 2018;0;0.0;6;2021-03-11;0;0;0;0;0;0;0;0;0;0;0;0;0
document management system workflow example;0;0.0;5;2021-03-11;0;0;0;0;0;0;0;0;0;0;0;0;0
rapid web application development platform;0;0.0;5;2021-03-11;0;0;0;0;0;0;0;0;0;0;0;0;0
zmienna referencyjna java;0;0.0;3;2021-03-11;-1;-1;-1;-1;-1;-1;-1;-1;-1;-1;-1;-1;0
debugować;0;0.0;1;2021-07-26;0;0;0;0;0;0;0;0;0;0;0;0;0
front end developer zarobki 2016;0;0.0;5;2021-03-11;-1;-1;-1;-1;-1;-1;-1;-1;-1;-1;-1;-1;0
miękkie umiejętności kierownicze;0;0.0;3;2021-03-11;0;0;0;0;0;0;0;0;0;0;0;0;0
lotus notes web zugriff;0;0.0;4;2021-03-11;0;0;0;0;0;0;0;0;0;0;0;0;0
rohlig chile;0;0.0;2;2021-03-11;0;0;0;0;0;0;0;0;0;0;0;0;0
low code rad;0;0.0;3;2021-03-11;0;0;0;0;0;0;0;0;0;0;0;0;0
aplikacje java monitoring;0;0.0;3;2021-03-11;0;0;0;0;0;0;0;0;0;0;0;0;0
ibm notes windows 10;0;0.0;3;2021-03-11;0;0;0;0;0;0;0;0;0;0;0;0;0
lotus notes e mail;0;0.0;4;2021-03-11;0;0;0;0;0;0;0;0;0;0;0;0;0
java lista łączników;0;0.0;3;2021-03-11;0;0;0;0;0;0;0;0;0;0;0;0;0
mapamap java;0;0.0;2;2021-03-11;0;0;0;0;0;0;0;0;0;0;0;0;0
darmowe like junior;0;0.0;3;2021-03-11;0;0;0;0;0;0;0;0;0;0;0;0;0
lotus workflow 7;0;0.0;2;2021-03-11;0;0;0;0;0;0;0;0;0;0;0;0;0
one workflow żory;0;0.0;3;2021-03-11;0;0;0;0;0;0;0;0;0;0;0;0;0
pierwsza pomoc java;0;0.0;3;2021-03-11;0;0;0;0;0;0;0;0;0;0;0;0;0
rohlig logistics australia;0;0.0;3;2021-03-11;0;0;0;0;0;0;0;0;0;0;0;0;0
zmienna a obiekt;0;0.0;2;2021-03-11;-1;-1;-1;-1;-1;-1;-1;-1;-1;-1;-1;-1;0
darmowy program java po polsku;0;0.0;4;2021-03-11;0;0;0;0;0;0;0;0;0;0;0;0;0
java lista dwukierunkowa;0;0.0;3;2021-03-11;0;0;0;0;0;0;0;0;0;0;0;0;0
java lista ładowania;0;0.0;3;2021-03-11;0;0;0;0;0;0;0;0;0;0;0;0;0
integrate office 365 with website;0;0.0;5;2021-03-11;0;0;0;0;0;0;0;0;0;0;0;0;0
lista integer java;0;0.0;3;2021-03-11;0;0;0;0;0;0;0;0;0;0;0;0;0
switch case java netbeans;0;0.0;4;2021-03-11;0;0;0;0;0;0;0;0;0;0;0;0;0
agenda web bps;0;0.0;3;2021-03-11;0;0;0;0;0;0;0;0;0;0;0;0;0
java lista wiązana;0;0.0;3;2021-03-11;0;0;0;0;0;0;0;0;0;0;0;0;1;lista wiązana java
lista cykliczna java;0;0.0;3;2021-03-11;0;0;0;0;0;0;0;0;0;0;0;0;0
java sprawdzenie aktualnej wersji;0;0.0;4;2021-03-11;0;0;0;0;0;0;0;0;0;0;0;0;0
backend developer opis posla;0;0.0;4;2021-03-11;0;0;0;0;0;0;0;0;0;0;0;0;0
lotus notes to sql server migration;0;0.0;6;2021-03-11;0;0;0;0;0;0;0;0;0;0;0;0;0
lista fifo java;0;0.0;3;2021-03-11;0;0;0;0;0;0;0;0;0;0;0;0;0
what is a low code development platform;0;0.0;7;2021-03-11;0;0;0;0;0;0;0;0;0;0;0;0;0
back end com python;0;0.0;4;2021-03-11;0;0;0;0;0;0;0;0;0;0;0;0;0
low code rapid application development platform;0;0.0;6;2021-03-11;0;0;0;0;0;0;0;0;0;0;0;0;0
java front end vs back end;0;0.0;6;2021-03-11;0;0;0;0;0;0;0;0;0;0;0;0;0
backend php programmer;0;0.0;3;2021-03-11;0;0;0;0;0;0;0;0;0;0;0;0;0
back end with java;0;0.0;4;2021-03-11;0;0;0;0;0;0;0;0;0;0;0;0;0
us webcon;0;0.0;2;2021-03-11;0;0;0;0;0;0;0;0;0;0;0;0;0
ibm lotus notes help;0;0.0;4;2021-03-11;0;0;0;0;0;0;0;0;0;0;0;0;0
singleton en java;0;0.0;3;2021-03-11;0;0;0;0;0;0;0;0;0;0;0;0;0
lombok of java;0;0.0;3;2021-03-11;0;0;0;0;0;0;0;0;0;0;0;0;0
zmienna final java;0;0.0;3;2021-03-11;-1;-1;-1;-1;-1;-1;-1;-1;-1;-1;-1;-1;0
program java do pobrania na komputer;0;0.0;4;2021-03-11;0;0;0;0;0;0;0;0;0;0;0;0;0
najnowsza java za darmo;0;0.0;4;2021-03-11;0;0;0;0;0;0;0;0;0;0;0;0;0
pomodoro o pomidoro;0;0.0;3;2021-03-11;0;0;0;0;0;0;0;0;0;0;0;0;0
java weryfikacja działania;0;0.0;3;2021-03-11;0;0;0;0;0;0;0;0;0;0;0;0;0
tworzenie aplikacji java na telefon;0;0.0;5;2021-03-11;0;0;0;0;0;0;0;0;0;0;0;0;0
complete java masterclass opinie;0;0.0;4;2021-03-11;0;0;0;0;0;0;0;0;0;0;0;0;0
infoshare 2019 gdańsk;0;0.0;3;2021-03-11;0;0;0;0;0;0;0;0;0;0;0;0;1;infoshare gdańsk 2019
archidoc web;0;0.0;2;2021-03-11;0;0;0;0;0;0;0;0;0;0;0;0;0
ibm lotus domino 10;0;0.0;3;2021-03-11;0;0;0;0;0;0;0;0;0;0;0;0;0
timothy ferriss czterogodzinny tydzień pracy;0;0.0;5;2021-03-11;0;0;0;0;0;0;0;0;0;0;0;0;0
lotus notes web app;0;0.0;4;2021-03-11;0;0;0;0;0;0;0;0;0;0;0;0;0
what is business process solutions;0;0.0;5;2021-03-11;0;0;0;0;0;0;0;0;0;0;0;0;0
lotus domino best practices;0;0.0;4;2021-03-11;0;0;0;0;0;0;0;0;0;0;0;0;0
lotusnotes com;0;0.0;2;2021-03-11;0;0;0;0;0;0;0;0;0;0;0;0;0
webac corp;0;0.0;2;2021-03-11;0;0;0;0;0;0;0;0;0;0;0;0;0
c java lista startowa;0;0.0;4;2021-03-11;0;0;0;0;0;0;0;0;0;0;0;0;0
ibm lotus reader;0;0.0;3;2021-03-11;0;0;0;0;0;0;0;0;0;0;0;0;0
how to program a workflow;0;0.0;5;2021-03-11;0;0;0;0;0;0;0;0;0;0;0;0;0
kot piszący na klawiaturze gif;0;0.0;4;2021-03-11;-1;-1;-1;-1;-1;-1;-1;-1;-1;-1;-1;-1;0
ibm lotus notes app;0;0.0;4;2021-03-11;0;0;0;0;0;0;0;0;0;0;0;0;0
react and native;0;0.0;3;2021-03-11;0;0;0;0;0;0;0;0;0;0;0;0;0
business process management system software;0;0.0;5;2021-03-11;0;0;0;0;0;0;0;0;0;0;0;0;0
modern workplace conference;0;0.0;3;2021-03-11;0;0;0;0;0;0;0;0;0;0;0;0;0
front end back end and full stack;0;0.0;7;2021-03-11;0;0;0;0;0;0;0;0;0;0;0;0;0
o nic mi nie chodzi;0;0.0;5;2021-03-11;0;0;0;0;0;0;0;0;0;0;0;0;0
java front end and backend;0;0.0;5;2021-03-11;0;0;0;0;0;0;0;0;0;0;0;0;0
zmienna a stała;0;0.0;2;2021-06-22;-1;-1;-1;-1;-1;-1;-1;-1;-1;-1;-1;-1;2;zmienna i stała
zmienna stała
process automation in it;0;0.0;4;2021-03-11;0;0;0;0;0;0;0;0;0;0;0;0;0
junior java developer maaşları;0;0.0;4;2021-03-11;0;0;0;0;0;0;0;0;0;0;0;0;0
ibm lotus notes 11;0;0.0;4;2021-03-11;0;0;0;0;0;0;0;0;0;0;0;0;0
strefa vipow;0;0.0;2;2021-03-11;0;0;0;0;0;0;0;0;0;0;0;0;0
download java se development kit 11;0;0.0;6;2022-02-08;0;0;0;0;0;0;0;0;0;0;0;0;0
cedc latest news;0;0.0;3;2021-03-11;0;0;0;0;0;0;0;0;0;0;0;0;0
kurs programowania windows phone 8;0;0.0;4;2021-03-11;0;0;0;0;0;0;0;0;0;0;0;0;0
java lista jednokierunkowa;0;0.0;3;2021-03-11;0;0;0;0;0;0;0;0;0;0;0;0;1;lista jednokierunkowa java
workflow manager program;0;0.0;3;2021-03-11;0;0;0;0;0;0;0;0;0;0;0;0;0
java runtime environment path windows 7;0;0.0;5;2021-03-11;-1;-1;-1;-1;-1;-1;-1;-1;-1;-1;-1;-1;0
switch case en java;0;0.0;4;2021-03-10;0;0;0;0;0;0;0;0;0;0;0;0;0
java using switch case;0;0.0;4;2021-03-11;0;0;0;0;0;0;0;0;0;0;0;0;0
java switch case if else;0;0.0;5;2022-12-11;0;0;0;0;0;0;0;0;0;0;0;0;0
e web faktur;0;0.0;3;2024-11-03;0;0;0;0;0;0;0;0;0;0;0;0;0
work flow documents;0;0.0;3;2025-04-07;0;0;0;0;0;0;0;0;0;0;0;0;0
sales automation expert;0;0.0;3;2025-07-16;0;0;0;0;0;0;0;0;0;0;0;0;0
web construction corp;0;0.0;3;2025-07-03;0;0;0;0;0;0;0;0;0;0;0;0;0
business process development tools;0;0.0;4;2025-07-16;0;0;0;0;0;0;0;0;0;0;0;0;0
business process implementation steps;0;0.0;4;2025-07-16;0;0;0;0;0;0;0;0;0;0;0;0;0
web corporation polska sp z oo;-1;0.0;6;2021-03-11;0;0;0;0;0;0;0;0;0;0;0;0;0
